map_id,algorithm,time,length,map_string
0,A*,5.287813901901245,44,[1 1 1 1 1 1 1 1 1 1;1 3 3 0 0 2 0 0 0 1;1 0 3 1 0 0 0 0 0 1;1 0 2 1 1 1 1 1 1 1;1 0 3 0 1 1 0 0 0 0;1 0 0 2 5 1 0 0 0 0;1 0 0 0 1 1 0 0 0 0;1 0 2 0 1 0 0 0 0 0;1 0 0 0 1 0 0 0 0 0;1 1 1 1 1 0 0 0 0 0]
0,DFS,3.257110595703125,200,[1 1 1 1 1 1 1 1 1 1;1 3 3 0 0 2 0 0 0 1;1 0 3 1 0 0 0 0 0 1;1 0 2 1 1 1 1 1 1 1;1 0 3 0 1 1 0 0 0 0;1 0 0 2 5 1 0 0 0 0;1 0 0 0 1 1 0 0 0 0;1 0 2 0 1 0 0 0 0 0;1 0 0 0 1 0 0 0 0 0;1 1 1 1 1 0 0 0 0 0]
0,BFS,6.810622930526733,44,[1 1 1 1 1 1 1 1 1 1;1 3 3 0 0 2 0 0 0 1;1 0 3 1 0 0 0 0 0 1;1 0 2 1 1 1 1 1 1 1;1 0 3 0 1 1 0 0 0 0;1 0 0 2 5 1 0 0 0 0;1 0 0 0 1 1 0 0 0 0;1 0 2 0 1 0 0 0 0 0;1 0 0 0 1 0 0 0 0 0;1 1 1 1 1 0 0 0 0 0]
1,A*,0.5507597923278809,41,[1 1 1 1 1 1 0 0 0 0;1 0 3 0 0 1 0 0 0 0;1 3 0 2 0 1 0 0 0 0;1 1 0 1 1 1 0 0 0 0;1 0 0 1 0 0 0 0 0 0;1 0 0 1 1 0 0 0 0 0;1 1 0 0 1 1 1 1 1 0;1 0 2 0 2 0 1 0 1 1;1 5 2 3 0 0 0 3 0 1;1 1 1 1 1 1 1 1 1 1]
1,DFS,0.5200140476226807,169,[1 1 1 1 1 1 0 0 0 0;1 0 3 0 0 1 0 0 0 0;1 3 0 2 0 1 0 0 0 0;1 1 0 1 1 1 0 0 0 0;1 0 0 1 0 0 0 0 0 0;1 0 0 1 1 0 0 0 0 0;1 1 0 0 1 1 1 1 1 0;1 0 2 0 2 0 1 0 1 1;1 5 2 3 0 0 0 3 0 1;1 1 1 1 1 1 1 1 1 1]
1,BFS,0.5017237663269043,41,[1 1 1 1 1 1 0 0 0 0;1 0 3 0 0 1 0 0 0 0;1 3 0 2 0 1 0 0 0 0;1 1 0 1 1 1 0 0 0 0;1 0 0 1 0 0 0 0 0 0;1 0 0 1 1 0 0 0 0 0;1 1 0 0 1 1 1 1 1 0;1 0 2 0 2 0 1 0 1 1;1 5 2 3 0 0 0 3 0 1;1 1 1 1 1 1 1 1 1 1]
2,A*,1.5829575061798096,35,[0 0 0 1 1 1 1 1 1 1;0 1 1 1 0 0 1 0 0 1;0 1 0 2 0 0 2 2 3 1;0 1 5 2 3 3 0 0 0 1;0 1 1 0 0 3 1 1 0 1;0 0 1 1 1 1 1 0 0 1;0 0 0 0 0 0 1 1 0 1;0 0 0 0 0 1 1 0 0 1;0 0 0 0 0 1 0 0 0 1;0 0 0 0 0 1 1 1 1 1]
2,DFS,2.049999713897705,91,[0 0 0 1 1 1 1 1 1 1;0 1 1 1 0 0 1 0 0 1;0 1 0 2 0 0 2 2 3 1;0 1 5 2 3 3 0 0 0 1;0 1 1 0 0 3 1 1 0 1;0 0 1 1 1 1 1 0 0 1;0 0 0 0 0 0 1 1 0 1;0 0 0 0 0 1 1 0 0 1;0 0 0 0 0 1 0 0 0 1;0 0 0 0 0 1 1 1 1 1]
2,BFS,2.1265816688537598,35,[0 0 0 1 1 1 1 1 1 1;0 1 1 1 0 0 1 0 0 1;0 1 0 2 0 0 2 2 3 1;0 1 5 2 3 3 0 0 0 1;0 1 1 0 0 3 1 1 0 1;0 0 1 1 1 1 1 0 0 1;0 0 0 0 0 0 1 1 0 1;0 0 0 0 0 1 1 0 0 1;0 0 0 0 0 1 0 0 0 1;0 0 0 0 0 1 1 1 1 1]
3,A*,1.800935983657837,45,[0 0 0 0 0 1 1 1 0 0;0 0 0 0 0 1 5 1 1 1;0 0 0 0 1 1 2 0 0 1;0 0 0 0 1 0 0 2 0 1;0 0 0 0 1 0 0 1 0 1;0 0 0 1 1 0 2 2 3 1;0 0 0 1 0 3 0 0 0 1;0 0 0 1 1 0 3 3 0 1;0 0 0 0 1 0 0 0 0 1;0 0 0 0 1 1 1 1 1 1]
3,DFS,2.4142796993255615,3095,[0 0 0 0 0 1 1 1 0 0;0 0 0 0 0 1 5 1 1 1;0 0 0 0 1 1 2 0 0 1;0 0 0 0 1 0 0 2 0 1;0 0 0 0 1 0 0 1 0 1;0 0 0 1 1 0 2 2 3 1;0 0 0 1 0 3 0 0 0 1;0 0 0 1 1 0 3 3 0 1;0 0 0 0 1 0 0 0 0 1;0 0 0 0 1 1 1 1 1 1]
3,BFS,4.954686880111694,45,[0 0 0 0 0 1 1 1 0 0;0 0 0 0 0 1 5 1 1 1;0 0 0 0 1 1 2 0 0 1;0 0 0 0 1 0 0 2 0 1;0 0 0 0 1 0 0 1 0 1;0 0 0 1 1 0 2 2 3 1;0 0 0 1 0 3 0 0 0 1;0 0 0 1 1 0 3 3 0 1;0 0 0 0 1 0 0 0 0 1;0 0 0 0 1 1 1 1 1 1]
4,A*,1.0479354858398438,44,[1 1 1 1 1 1 1 1 0 0;1 0 0 0 3 3 0 1 0 0;1 0 2 2 2 0 0 1 0 0;1 0 2 5 1 1 1 1 0 0;1 3 0 1 1 0 0 0 0 0;1 3 0 1 0 0 0 0 0 0;1 0 1 1 0 0 0 0 0 0;1 0 1 0 0 0 0 0 0 0;1 1 1 0 0 0 0 0 0 0;0 0 0 0 0 0 0 0 0 0]
4,DFS,0.4150722026824951,72,[1 1 1 1 1 1 1 1 0 0;1 0 0 0 3 3 0 1 0 0;1 0 2 2 2 0 0 1 0 0;1 0 2 5 1 1 1 1 0 0;1 3 0 1 1 0 0 0 0 0;1 3 0 1 0 0 0 0 0 0;1 0 1 1 0 0 0 0 0 0;1 0 1 0 0 0 0 0 0 0;1 1 1 0 0 0 0 0 0 0;0 0 0 0 0 0 0 0 0 0]
4,BFS,0.47890567779541016,44,[1 1 1 1 1 1 1 1 0 0;1 0 0 0 3 3 0 1 0 0;1 0 2 2 2 0 0 1 0 0;1 0 2 5 1 1 1 1 0 0;1 3 0 1 1 0 0 0 0 0;1 3 0 1 0 0 0 0 0 0;1 0 1 1 0 0 0 0 0 0;1 0 1 0 0 0 0 0 0 0;1 1 1 0 0 0 0 0 0 0;0 0 0 0 0 0 0 0 0 0]
5,A*,1.8886096477508545,64,[0 0 0 0 1 1 1 1 1 1;0 0 0 0 1 0 0 0 0 1;0 0 0 0 1 0 2 5 3 1;0 0 0 0 1 1 1 2 0 1;0 0 0 0 0 0 1 0 3 1;0 0 0 0 0 0 1 1 0 1;0 0 0 0 1 1 1 0 0 1;1 1 1 1 1 0 2 2 0 1;1 0 0 3 0 0 0 0 3 1;1 1 1 1 1 1 1 1 1 1]
5,DFS,0.7003884315490723,206,[0 0 0 0 1 1 1 1 1 1;0 0 0 0 1 0 0 0 0 1;0 0 0 0 1 0 2 5 3 1;0 0 0 0 1 1 1 2 0 1;0 0 0 0 0 0 1 0 3 1;0 0 0 0 0 0 1 1 0 1;0 0 0 0 1 1 1 0 0 1;1 1 1 1 1 0 2 2 0 1;1 0 0 3 0 0 0 0 3 1;1 1 1 1 1 1 1 1 1 1]
5,BFS,1.1153168678283691,64,[0 0 0 0 1 1 1 1 1 1;0 0 0 0 1 0 0 0 0 1;0 0 0 0 1 0 2 5 3 1;0 0 0 0 1 1 1 2 0 1;0 0 0 0 0 0 1 0 3 1;0 0 0 0 0 0 1 1 0 1;0 0 0 0 1 1 1 0 0 1;1 1 1 1 1 0 2 2 0 1;1 0 0 3 0 0 0 0 3 1;1 1 1 1 1 1 1 1 1 1]
6,A*,1.5059382915496826,59,[0 0 0 0 0 0 0 0 0 0;0 0 0 0 0 0 0 0 0 0;1 1 1 1 0 0 0 0 0 0;1 0 3 1 1 0 0 0 0 0;1 0 0 0 1 1 1 1 0 0;1 0 0 0 2 3 3 1 0 0;1 0 2 3 0 2 5 1 0 0;1 0 2 1 1 1 1 1 0 0;1 0 0 1 0 0 0 0 0 0;1 1 1 1 0 0 0 0 0 0]
6,DFS,0.566145658493042,173,[0 0 0 0 0 0 0 0 0 0;0 0 0 0 0 0 0 0 0 0;1 1 1 1 0 0 0 0 0 0;1 0 3 1 1 0 0 0 0 0;1 0 0 0 1 1 1 1 0 0;1 0 0 0 2 3 3 1 0 0;1 0 2 3 0 2 5 1 0 0;1 0 2 1 1 1 1 1 0 0;1 0 0 1 0 0 0 0 0 0;1 1 1 1 0 0 0 0 0 0]
6,BFS,0.7808308601379395,59,[0 0 0 0 0 0 0 0 0 0;0 0 0 0 0 0 0 0 0 0;1 1 1 1 0 0 0 0 0 0;1 0 3 1 1 0 0 0 0 0;1 0 0 0 1 1 1 1 0 0;1 0 0 0 2 3 3 1 0 0;1 0 2 3 0 2 5 1 0 0;1 0 2 1 1 1 1 1 0 0;1 0 0 1 0 0 0 0 0 0;1 1 1 1 0 0 0 0 0 0]
7,A*,8.033641576766968,57,[0 0 0 0 0 0 0 0 0 0;1 1 1 0 0 0 0 0 0 0;1 0 1 1 1 1 1 1 1 1;1 0 0 0 3 0 0 0 0 1;1 0 0 1 0 0 1 0 3 1;1 0 1 1 1 1 1 2 0 1;1 0 1 1 1 1 1 0 0 1;1 0 2 5 2 0 0 0 3 1;1 0 0 1 0 2 0 3 0 1;1 1 1 1 1 1 1 1 1 1]
7,DFS,3.4508237838745117,1076,[0 0 0 0 0 0 0 0 0 0;1 1 1 0 0 0 0 0 0 0;1 0 1 1 1 1 1 1 1 1;1 0 0 0 3 0 0 0 0 1;1 0 0 1 0 0 1 0 3 1;1 0 1 1 1 1 1 2 0 1;1 0 1 1 1 1 1 0 0 1;1 0 2 5 2 0 0 0 3 1;1 0 0 1 0 2 0 3 0 1;1 1 1 1 1 1 1 1 1 1]
7,BFS,7.893518447875977,57,[0 0 0 0 0 0 0 0 0 0;1 1 1 0 0 0 0 0 0 0;1 0 1 1 1 1 1 1 1 1;1 0 0 0 3 0 0 0 0 1;1 0 0 1 0 0 1 0 3 1;1 0 1 1 1 1 1 2 0 1;1 0 1 1 1 1 1 0 0 1;1 0 2 5 2 0 0 0 3 1;1 0 0 1 0 2 0 3 0 1;1 1 1 1 1 1 1 1 1 1]
8,A*,26.32480812072754,93,[0 1 1 1 1 1 1 0 0 0;1 1 0 1 0 0 1 0 0 0;1 0 2 0 2 5 1 0 0 0;1 0 0 1 0 0 1 0 0 0;1 0 1 0 2 1 1 0 0 0;1 3 0 1 0 0 1 0 0 0;1 3 1 0 0 0 1 1 1 1;1 0 0 0 3 0 0 2 0 1;1 0 0 1 0 0 0 3 0 1;1 1 1 1 1 1 1 1 1 1]
8,DFS,4.177832126617432,243,[0 1 1 1 1 1 1 0 0 0;1 1 0 1 0 0 1 0 0 0;1 0 2 0 2 5 1 0 0 0;1 0 0 1 0 0 1 0 0 0;1 0 1 0 2 1 1 0 0 0;1 3 0 1 0 0 1 0 0 0;1 3 1 0 0 0 1 1 1 1;1 0 0 0 3 0 0 2 0 1;1 0 0 1 0 0 0 3 0 1;1 1 1 1 1 1 1 1 1 1]
8,BFS,34.57722091674805,93,[0 1 1 1 1 1 1 0 0 0;1 1 0 1 0 0 1 0 0 0;1 0 2 0 2 5 1 0 0 0;1 0 0 1 0 0 1 0 0 0;1 0 1 0 2 1 1 0 0 0;1 3 0 1 0 0 1 0 0 0;1 3 1 0 0 0 1 1 1 1;1 0 0 0 3 0 0 2 0 1;1 0 0 1 0 0 0 3 0 1;1 1 1 1 1 1 1 1 1 1]
9,A*,10.230576276779175,79,[1 1 1 1 1 1 1 1 1 1;1 0 3 5 0 0 0 0 0 1;1 0 2 0 3 0 3 2 0 1;1 1 0 1 1 1 0 1 1 1;0 1 1 1 1 1 3 0 1 0;0 0 0 0 1 0 0 1 1 0;0 0 0 0 1 0 0 1 1 1;0 0 0 1 1 0 2 2 0 1;0 0 0 1 0 0 0 0 0 1;0 0 0 1 1 1 1 1 1 1]
9,DFS,5.686139822006226,1123,[1 1 1 1 1 1 1 1 1 1;1 0 3 5 0 0 0 0 0 1;1 0 2 0 3 0 3 2 0 1;1 1 0 1 1 1 0 1 1 1;0 1 1 1 1 1 3 0 1 0;0 0 0 0 1 0 0 1 1 0;0 0 0 0 1 0 0 1 1 1;0 0 0 1 1 0 2 2 0 1;0 0 0 1 0 0 0 0 0 1;0 0 0 1 1 1 1 1 1 1]
9,BFS,10.632314443588257,79,[1 1 1 1 1 1 1 1 1 1;1 0 3 5 0 0 0 0 0 1;1 0 2 0 3 0 3 2 0 1;1 1 0 1 1 1 0 1 1 1;0 1 1 1 1 1 3 0 1 0;0 0 0 0 1 0 0 1 1 0;0 0 0 0 1 0 0 1 1 1;0 0 0 1 1 0 2 2 0 1;0 0 0 1 0 0 0 0 0 1;0 0 0 1 1 1 1 1 1 1]
10,A*,3.8429148197174072,46,[0 0 0 0 0 0 0 0 0 0;0 0 0 0 0 0 0 0 0 0;0 0 0 1 1 1 1 1 0 0;0 0 1 1 5 1 0 1 1 1;0 0 1 0 2 0 3 0 0 1;0 0 1 3 0 0 3 2 0 1;0 0 1 1 0 2 1 2 0 1;0 0 0 1 0 0 1 0 3 1;0 0 0 1 0 1 0 0 0 1;0 0 0 1 1 1 1 1 1 1]
10,DFS,0.31394505500793457,228,[0 0 0 0 0 0 0 0 0 0;0 0 0 0 0 0 0 0 0 0;0 0 0 1 1 1 1 1 0 0;0 0 1 1 5 1 0 1 1 1;0 0 1 0 2 0 3 0 0 1;0 0 1 3 0 0 3 2 0 1;0 0 1 1 0 2 1 2 0 1;0 0 0 1 0 0 1 0 3 1;0 0 0 1 0 1 0 0 0 1;0 0 0 1 1 1 1 1 1 1]
10,BFS,2.7693753242492676,46,[0 0 0 0 0 0 0 0 0 0;0 0 0 0 0 0 0 0 0 0;0 0 0 1 1 1 1 1 0 0;0 0 1 1 5 1 0 1 1 1;0 0 1 0 2 0 3 0 0 1;0 0 1 3 0 0 3 2 0 1;0 0 1 1 0 2 1 2 0 1;0 0 0 1 0 0 1 0 3 1;0 0 0 1 0 1 0 0 0 1;0 0 0 1 1 1 1 1 1 1]
11,A*,3.331430435180664,65,[0 0 0 0 0 0 1 1 1 1;0 1 1 1 1 0 1 0 0 1;1 1 0 0 1 0 1 2 0 1;1 0 0 1 1 0 1 0 0 1;1 0 0 0 1 0 1 3 0 1;1 1 2 0 1 1 1 2 0 1;1 1 0 0 0 1 1 0 0 1;1 0 0 0 3 1 1 2 0 1;1 0 0 3 3 0 0 0 5 1;1 1 1 1 1 1 1 1 1 1]
11,DFS,1.2576122283935547,110,[0 0 0 0 0 0 1 1 1 1;0 1 1 1 1 0 1 0 0 1;1 1 0 0 1 0 1 2 0 1;1 0 0 1 1 0 1 0 0 1;1 0 0 0 1 0 1 3 0 1;1 1 2 0 1 1 1 2 0 1;1 1 0 0 0 1 1 0 0 1;1 0 0 0 3 1 1 2 0 1;1 0 0 3 3 0 0 0 5 1;1 1 1 1 1 1 1 1 1 1]
11,BFS,1.9776980876922607,65,[0 0 0 0 0 0 1 1 1 1;0 1 1 1 1 0 1 0 0 1;1 1 0 0 1 0 1 2 0 1;1 0 0 1 1 0 1 0 0 1;1 0 0 0 1 0 1 3 0 1;1 1 2 0 1 1 1 2 0 1;1 1 0 0 0 1 1 0 0 1;1 0 0 0 3 1 1 2 0 1;1 0 0 3 3 0 0 0 5 1;1 1 1 1 1 1 1 1 1 1]
12,A*,1.7204573154449463,43,[1 1 1 1 0 0 0 0 0 0;1 0 0 1 0 0 0 0 0 0;1 0 1 1 1 1 0 0 0 0;1 0 0 1 0 1 1 0 0 0;1 0 0 0 0 0 1 1 0 0;1 3 1 1 0 2 0 1 0 0;1 0 0 0 1 0 0 1 0 0;1 0 3 2 3 2 0 1 0 0;1 0 3 2 5 0 1 1 0 0;1 1 1 1 1 1 1 0 0 0]
12,DFS,1.1475815773010254,83,[1 1 1 1 0 0 0 0 0 0;1 0 0 1 0 0 0 0 0 0;1 0 1 1 1 1 0 0 0 0;1 0 0 1 0 1 1 0 0 0;1 0 0 0 0 0 1 1 0 0;1 3 1 1 0 2 0 1 0 0;1 0 0 0 1 0 0 1 0 0;1 0 3 2 3 2 0 1 0 0;1 0 3 2 5 0 1 1 0 0;1 1 1 1 1 1 1 0 0 0]
12,BFS,1.2592544555664062,43,[1 1 1 1 0 0 0 0 0 0;1 0 0 1 0 0 0 0 0 0;1 0 1 1 1 1 0 0 0 0;1 0 0 1 0 1 1 0 0 0;1 0 0 0 0 0 1 1 0 0;1 3 1 1 0 2 0 1 0 0;1 0 0 0 1 0 0 1 0 0;1 0 3 2 3 2 0 1 0 0;1 0 3 2 5 0 1 1 0 0;1 1 1 1 1 1 1 0 0 0]
13,A*,5.639675617218018,72,[1 1 1 1 1 1 1 1 1 0;1 0 0 0 3 0 0 0 1 0;1 3 0 0 2 0 2 0 1 0;1 0 1 1 1 1 3 1 1 0;1 0 1 0 1 0 5 1 0 0;1 3 1 1 1 0 2 1 0 0;1 0 0 1 1 0 0 1 0 0;1 0 1 1 1 0 2 1 1 0;1 0 0 0 0 0 0 0 1 0;1 1 1 1 1 1 1 1 1 0]
13,DFS,3.3722336292266846,1366,[1 1 1 1 1 1 1 1 1 0;1 0 0 0 3 0 0 0 1 0;1 3 0 0 2 0 2 0 1 0;1 0 1 1 1 1 3 1 1 0;1 0 1 0 1 0 5 1 0 0;1 3 1 1 1 0 2 1 0 0;1 0 0 1 1 0 0 1 0 0;1 0 1 1 1 0 2 1 1 0;1 0 0 0 0 0 0 0 1 0;1 1 1 1 1 1 1 1 1 0]
13,BFS,4.974602222442627,72,[1 1 1 1 1 1 1 1 1 0;1 0 0 0 3 0 0 0 1 0;1 3 0 0 2 0 2 0 1 0;1 0 1 1 1 1 3 1 1 0;1 0 1 0 1 0 5 1 0 0;1 3 1 1 1 0 2 1 0 0;1 0 0 1 1 0 0 1 0 0;1 0 1 1 1 0 2 1 1 0;1 0 0 0 0 0 0 0 1 0;1 1 1 1 1 1 1 1 1 0]
14,A*,0.9669971466064453,50,[0 0 0 0 0 0 0 0 0 0;0 0 0 0 0 0 0 0 0 0;1 1 1 0 0 0 0 0 0 0;1 5 1 1 1 1 0 0 0 0;1 2 1 1 0 1 0 0 0 0;1 0 3 0 0 1 0 0 0 0;1 0 3 0 2 1 1 0 0 0;1 0 2 2 0 0 1 0 0 0;1 3 0 3 0 0 1 0 0 0;1 1 1 1 1 1 1 0 0 0]
14,DFS,0.34853053092956543,238,[0 0 0 0 0 0 0 0 0 0;0 0 0 0 0 0 0 0 0 0;1 1 1 0 0 0 0 0 0 0;1 5 1 1 1 1 0 0 0 0;1 2 1 1 0 1 0 0 0 0;1 0 3 0 0 1 0 0 0 0;1 0 3 0 2 1 1 0 0 0;1 0 2 2 0 0 1 0 0 0;1 3 0 3 0 0 1 0 0 0;1 1 1 1 1 1 1 0 0 0]
14,BFS,0.44498157501220703,50,[0 0 0 0 0 0 0 0 0 0;0 0 0 0 0 0 0 0 0 0;1 1 1 0 0 0 0 0 0 0;1 5 1 1 1 1 0 0 0 0;1 2 1 1 0 1 0 0 0 0;1 0 3 0 0 1 0 0 0 0;1 0 3 0 2 1 1 0 0 0;1 0 2 2 0 0 1 0 0 0;1 3 0 3 0 0 1 0 0 0;1 1 1 1 1 1 1 0 0 0]
15,A*,36.56977343559265,95,[0 0 0 0 0 0 0 0 0 0;1 1 1 1 0 0 0 0 0 0;1 0 0 1 1 1 1 1 1 0;1 0 2 2 0 0 2 5 1 0;1 0 0 3 0 0 0 1 1 0;1 0 1 0 0 3 1 1 0 0;1 0 3 1 0 1 1 0 0 0;1 0 0 3 2 0 1 1 1 0;1 0 0 0 0 0 0 0 1 0;1 1 1 1 1 1 1 1 1 0]
15,DFS,14.861498594284058,865,[0 0 0 0 0 0 0 0 0 0;1 1 1 1 0 0 0 0 0 0;1 0 0 1 1 1 1 1 1 0;1 0 2 2 0 0 2 5 1 0;1 0 0 3 0 0 0 1 1 0;1 0 1 0 0 3 1 1 0 0;1 0 3 1 0 1 1 0 0 0;1 0 0 3 2 0 1 1 1 0;1 0 0 0 0 0 0 0 1 0;1 1 1 1 1 1 1 1 1 0]
15,BFS,51.564651012420654,95,[0 0 0 0 0 0 0 0 0 0;1 1 1 1 0 0 0 0 0 0;1 0 0 1 1 1 1 1 1 0;1 0 2 2 0 0 2 5 1 0;1 0 0 3 0 0 0 1 1 0;1 0 1 0 0 3 1 1 0 0;1 0 3 1 0 1 1 0 0 0;1 0 0 3 2 0 1 1 1 0;1 0 0 0 0 0 0 0 1 0;1 1 1 1 1 1 1 1 1 0]
16,A*,0.4230074882507324,33,[0 0 0 0 0 0 0 0 0 0;0 0 0 0 0 0 0 0 0 0;0 0 0 0 0 0 0 0 0 0;0 0 0 0 1 1 1 1 0 0;0 0 0 0 1 5 0 1 1 1;0 0 0 0 1 2 2 3 0 1;0 0 0 1 1 0 0 0 0 1;1 1 1 1 0 0 1 2 3 1;1 0 0 0 3 3 2 0 0 1;1 1 1 1 1 1 1 1 1 1]
16,DFS,0.3688826560974121,107,[0 0 0 0 0 0 0 0 0 0;0 0 0 0 0 0 0 0 0 0;0 0 0 0 0 0 0 0 0 0;0 0 0 0 1 1 1 1 0 0;0 0 0 0 1 5 0 1 1 1;0 0 0 0 1 2 2 3 0 1;0 0 0 1 1 0 0 0 0 1;1 1 1 1 0 0 1 2 3 1;1 0 0 0 3 3 2 0 0 1;1 1 1 1 1 1 1 1 1 1]
16,BFS,0.27051830291748047,33,[0 0 0 0 0 0 0 0 0 0;0 0 0 0 0 0 0 0 0 0;0 0 0 0 0 0 0 0 0 0;0 0 0 0 1 1 1 1 0 0;0 0 0 0 1 5 0 1 1 1;0 0 0 0 1 2 2 3 0 1;0 0 0 1 1 0 0 0 0 1;1 1 1 1 0 0 1 2 3 1;1 0 0 0 3 3 2 0 0 1;1 1 1 1 1 1 1 1 1 1]
17,A*,1.0051698684692383,49,[1 1 1 1 0 0 0 0 0 0;1 0 5 1 0 0 0 0 0 0;1 2 1 1 1 0 0 0 0 0;1 0 0 0 1 0 0 0 0 0;1 0 2 1 1 0 0 0 0 0;1 0 0 0 1 0 0 0 0 0;1 3 3 1 1 1 1 1 0 0;1 0 3 0 0 2 0 1 0 0;1 3 2 0 0 0 0 1 0 0;1 1 1 1 1 1 1 1 0 0]
17,DFS,0.5579760074615479,79,[1 1 1 1 0 0 0 0 0 0;1 0 5 1 0 0 0 0 0 0;1 2 1 1 1 0 0 0 0 0;1 0 0 0 1 0 0 0 0 0;1 0 2 1 1 0 0 0 0 0;1 0 0 0 1 0 0 0 0 0;1 3 3 1 1 1 1 1 0 0;1 0 3 0 0 2 0 1 0 0;1 3 2 0 0 0 0 1 0 0;1 1 1 1 1 1 1 1 0 0]
17,BFS,0.6437602043151855,49,[1 1 1 1 0 0 0 0 0 0;1 0 5 1 0 0 0 0 0 0;1 2 1 1 1 0 0 0 0 0;1 0 0 0 1 0 0 0 0 0;1 0 2 1 1 0 0 0 0 0;1 0 0 0 1 0 0 0 0 0;1 3 3 1 1 1 1 1 0 0;1 0 3 0 0 2 0 1 0 0;1 3 2 0 0 0 0 1 0 0;1 1 1 1 1 1 1 1 0 0]
18,A*,0.0982656478881836,43,[1 1 1 1 1 1 1 1 1 1;1 3 0 0 0 0 0 2 0 1;1 0 2 0 2 0 3 2 5 1;1 0 1 1 1 3 1 1 3 1;1 1 1 0 1 1 1 1 1 1;0 0 0 0 0 0 0 0 0 0;0 0 0 0 0 0 0 0 0 0;0 0 0 0 0 0 0 0 0 0;0 0 0 0 0 0 0 0 0 0;0 0 0 0 0 0 0 0 0 0]
18,DFS,0.020072460174560547,129,[1 1 1 1 1 1 1 1 1 1;1 3 0 0 0 0 0 2 0 1;1 0 2 0 2 0 3 2 5 1;1 0 1 1 1 3 1 1 3 1;1 1 1 0 1 1 1 1 1 1;0 0 0 0 0 0 0 0 0 0;0 0 0 0 0 0 0 0 0 0;0 0 0 0 0 0 0 0 0 0;0 0 0 0 0 0 0 0 0 0;0 0 0 0 0 0 0 0 0 0]
18,BFS,0.04309725761413574,43,[1 1 1 1 1 1 1 1 1 1;1 3 0 0 0 0 0 2 0 1;1 0 2 0 2 0 3 2 5 1;1 0 1 1 1 3 1 1 3 1;1 1 1 0 1 1 1 1 1 1;0 0 0 0 0 0 0 0 0 0;0 0 0 0 0 0 0 0 0 0;0 0 0 0 0 0 0 0 0 0;0 0 0 0 0 0 0 0 0 0;0 0 0 0 0 0 0 0 0 0]
19,A*,8.789743423461914,73,[0 0 0 0 0 0 0 0 0 0;0 0 0 0 0 0 0 0 0 0;0 0 0 0 0 0 0 0 0 0;0 0 1 1 1 1 1 1 1 1;1 1 1 0 1 1 0 3 0 1;1 0 2 0 2 0 0 0 1 1;1 0 1 5 2 3 0 0 1 1;1 0 0 1 1 1 2 3 0 1;1 0 0 0 0 0 0 0 3 1;1 1 1 1 1 1 1 1 1 1]
19,DFS,2.588542938232422,597,[0 0 0 0 0 0 0 0 0 0;0 0 0 0 0 0 0 0 0 0;0 0 0 0 0 0 0 0 0 0;0 0 1 1 1 1 1 1 1 1;1 1 1 0 1 1 0 3 0 1;1 0 2 0 2 0 0 0 1 1;1 0 1 5 2 3 0 0 1 1;1 0 0 1 1 1 2 3 0 1;1 0 0 0 0 0 0 0 3 1;1 1 1 1 1 1 1 1 1 1]
19,BFS,5.96695351600647,73,[0 0 0 0 0 0 0 0 0 0;0 0 0 0 0 0 0 0 0 0;0 0 0 0 0 0 0 0 0 0;0 0 1 1 1 1 1 1 1 1;1 1 1 0 1 1 0 3 0 1;1 0 2 0 2 0 0 0 1 1;1 0 1 5 2 3 0 0 1 1;1 0 0 1 1 1 2 3 0 1;1 0 0 0 0 0 0 0 3 1;1 1 1 1 1 1 1 1 1 1]
20,A*,19.268563508987427,66,[1 1 1 1 1 1 1 1 1 1;1 0 2 0 0 0 3 0 3 1;1 0 0 3 0 2 0 1 1 1;1 0 0 1 0 1 1 1 0 0;1 0 1 0 0 1 1 0 0 0;1 0 1 0 2 0 1 0 0 0;1 3 1 0 0 0 1 0 0 0;1 0 0 1 2 0 1 0 0 0;1 0 0 0 5 0 1 0 0 0;1 1 1 1 1 1 1 0 0 0]
20,DFS,8.604618549346924,1556,[1 1 1 1 1 1 1 1 1 1;1 0 2 0 0 0 3 0 3 1;1 0 0 3 0 2 0 1 1 1;1 0 0 1 0 1 1 1 0 0;1 0 1 0 0 1 1 0 0 0;1 0 1 0 2 0 1 0 0 0;1 3 1 0 0 0 1 0 0 0;1 0 0 1 2 0 1 0 0 0;1 0 0 0 5 0 1 0 0 0;1 1 1 1 1 1 1 0 0 0]
20,BFS,35.07733106613159,66,[1 1 1 1 1 1 1 1 1 1;1 0 2 0 0 0 3 0 3 1;1 0 0 3 0 2 0 1 1 1;1 0 0 1 0 1 1 1 0 0;1 0 1 0 0 1 1 0 0 0;1 0 1 0 2 0 1 0 0 0;1 3 1 0 0 0 1 0 0 0;1 0 0 1 2 0 1 0 0 0;1 0 0 0 5 0 1 0 0 0;1 1 1 1 1 1 1 0 0 0]
21,A*,2.286885976791382,63,[1 1 1 1 1 1 1 1 1 1;1 0 0 0 0 0 0 0 0 1;1 0 2 0 0 0 0 0 0 1;1 0 0 1 1 1 1 0 0 1;1 0 1 1 1 1 1 1 0 1;1 0 0 1 0 0 0 0 3 1;1 0 1 1 2 3 1 0 0 1;1 3 0 0 2 2 3 1 1 1;1 0 0 0 1 5 1 1 0 0;1 1 1 1 1 1 1 0 0 0]
21,DFS,2.3674144744873047,903,[1 1 1 1 1 1 1 1 1 1;1 0 0 0 0 0 0 0 0 1;1 0 2 0 0 0 0 0 0 1;1 0 0 1 1 1 1 0 0 1;1 0 1 1 1 1 1 1 0 1;1 0 0 1 0 0 0 0 3 1;1 0 1 1 2 3 1 0 0 1;1 3 0 0 2 2 3 1 1 1;1 0 0 0 1 5 1 1 0 0;1 1 1 1 1 1 1 0 0 0]
21,BFS,2.1864922046661377,63,[1 1 1 1 1 1 1 1 1 1;1 0 0 0 0 0 0 0 0 1;1 0 2 0 0 0 0 0 0 1;1 0 0 1 1 1 1 0 0 1;1 0 1 1 1 1 1 1 0 1;1 0 0 1 0 0 0 0 3 1;1 0 1 1 2 3 1 0 0 1;1 3 0 0 2 2 3 1 1 1;1 0 0 0 1 5 1 1 0 0;1 1 1 1 1 1 1 0 0 0]
22,A*,19.725828170776367,69,[0 0 1 1 1 1 0 0 0 0;0 1 1 0 0 1 0 0 0 0;0 1 0 3 1 1 1 1 1 1;0 1 3 2 5 0 0 2 0 1;0 1 0 0 2 1 0 0 0 1;0 1 0 0 0 1 1 1 0 1;0 1 1 3 2 1 0 0 0 1;0 1 3 0 0 0 0 0 0 1;0 1 1 0 1 0 0 0 0 1;0 0 1 1 1 1 1 1 1 1]
22,DFS,6.814294815063477,355,[0 0 1 1 1 1 0 0 0 0;0 1 1 0 0 1 0 0 0 0;0 1 0 3 1 1 1 1 1 1;0 1 3 2 5 0 0 2 0 1;0 1 0 0 2 1 0 0 0 1;0 1 0 0 0 1 1 1 0 1;0 1 1 3 2 1 0 0 0 1;0 1 3 0 0 0 0 0 0 1;0 1 1 0 1 0 0 0 0 1;0 0 1 1 1 1 1 1 1 1]
22,BFS,54.95544457435608,69,[0 0 1 1 1 1 0 0 0 0;0 1 1 0 0 1 0 0 0 0;0 1 0 3 1 1 1 1 1 1;0 1 3 2 5 0 0 2 0 1;0 1 0 0 2 1 0 0 0 1;0 1 0 0 0 1 1 1 0 1;0 1 1 3 2 1 0 0 0 1;0 1 3 0 0 0 0 0 0 1;0 1 1 0 1 0 0 0 0 1;0 0 1 1 1 1 1 1 1 1]
23,A*,4.841721296310425,43,[0 1 1 1 1 1 1 1 1 1;0 1 0 0 0 5 0 0 0 1;0 1 0 3 0 2 2 3 3 1;0 1 0 2 0 0 2 3 0 1;0 1 1 1 1 1 1 0 0 1;0 0 0 0 0 0 1 1 0 1;0 0 0 0 0 0 0 1 1 1;0 0 0 0 0 0 0 0 0 0;0 0 0 0 0 0 0 0 0 0;0 0 0 0 0 0 0 0 0 0]
23,DFS,1.415562391281128,238,[0 1 1 1 1 1 1 1 1 1;0 1 0 0 0 5 0 0 0 1;0 1 0 3 0 2 2 3 3 1;0 1 0 2 0 0 2 3 0 1;0 1 1 1 1 1 1 0 0 1;0 0 0 0 0 0 1 1 0 1;0 0 0 0 0 0 0 1 1 1;0 0 0 0 0 0 0 0 0 0;0 0 0 0 0 0 0 0 0 0;0 0 0 0 0 0 0 0 0 0]
23,BFS,2.9835567474365234,43,[0 1 1 1 1 1 1 1 1 1;0 1 0 0 0 5 0 0 0 1;0 1 0 3 0 2 2 3 3 1;0 1 0 2 0 0 2 3 0 1;0 1 1 1 1 1 1 0 0 1;0 0 0 0 0 0 1 1 0 1;0 0 0 0 0 0 0 1 1 1;0 0 0 0 0 0 0 0 0 0;0 0 0 0 0 0 0 0 0 0;0 0 0 0 0 0 0 0 0 0]
24,A*,2.1261487007141113,42,[0 0 0 0 0 0 0 0 0 0;0 0 0 0 0 0 0 1 1 1;0 0 1 1 1 0 0 1 5 1;1 1 1 0 1 1 1 1 0 1;1 0 0 3 0 0 0 2 0 1;1 3 0 2 3 0 3 2 0 1;1 0 1 1 1 0 0 1 1 1;1 0 1 1 0 2 1 1 0 0;1 0 0 0 0 0 1 0 0 0;1 1 1 1 1 1 1 0 0 0]
24,DFS,2.4788401126861572,410,[0 0 0 0 0 0 0 0 0 0;0 0 0 0 0 0 0 1 1 1;0 0 1 1 1 0 0 1 5 1;1 1 1 0 1 1 1 1 0 1;1 0 0 3 0 0 0 2 0 1;1 3 0 2 3 0 3 2 0 1;1 0 1 1 1 0 0 1 1 1;1 0 1 1 0 2 1 1 0 0;1 0 0 0 0 0 1 0 0 0;1 1 1 1 1 1 1 0 0 0]
24,BFS,2.13395357131958,42,[0 0 0 0 0 0 0 0 0 0;0 0 0 0 0 0 0 1 1 1;0 0 1 1 1 0 0 1 5 1;1 1 1 0 1 1 1 1 0 1;1 0 0 3 0 0 0 2 0 1;1 3 0 2 3 0 3 2 0 1;1 0 1 1 1 0 0 1 1 1;1 0 1 1 0 2 1 1 0 0;1 0 0 0 0 0 1 0 0 0;1 1 1 1 1 1 1 0 0 0]
25,A*,1.832411527633667,48,[1 1 1 1 1 1 1 0 0 0;1 0 0 0 0 3 1 0 0 0;1 0 2 2 2 1 1 0 0 0;1 0 1 0 5 1 0 0 0 0;1 0 0 1 0 1 1 0 0 0;1 0 0 1 0 0 1 0 0 0;1 0 1 3 3 1 1 0 0 0;1 0 2 0 3 0 1 1 1 0;1 0 0 0 0 0 0 0 1 0;1 1 1 1 1 1 1 1 1 0]
25,DFS,0.867121696472168,303,[1 1 1 1 1 1 1 0 0 0;1 0 0 0 0 3 1 0 0 0;1 0 2 2 2 1 1 0 0 0;1 0 1 0 5 1 0 0 0 0;1 0 0 1 0 1 1 0 0 0;1 0 0 1 0 0 1 0 0 0;1 0 1 3 3 1 1 0 0 0;1 0 2 0 3 0 1 1 1 0;1 0 0 0 0 0 0 0 1 0;1 1 1 1 1 1 1 1 1 0]
25,BFS,3.707505464553833,48,[1 1 1 1 1 1 1 0 0 0;1 0 0 0 0 3 1 0 0 0;1 0 2 2 2 1 1 0 0 0;1 0 1 0 5 1 0 0 0 0;1 0 0 1 0 1 1 0 0 0;1 0 0 1 0 0 1 0 0 0;1 0 1 3 3 1 1 0 0 0;1 0 2 0 3 0 1 1 1 0;1 0 0 0 0 0 0 0 1 0;1 1 1 1 1 1 1 1 1 0]
26,A*,13.219914197921753,59,[0 0 0 1 1 1 1 1 1 1;0 0 0 1 0 0 0 0 0 1;0 0 0 1 1 5 2 2 1 1;0 0 0 0 1 1 0 0 1 1;0 0 0 0 0 1 0 3 0 1;0 0 0 0 0 1 3 0 0 1;0 0 1 1 1 1 0 2 1 1;1 1 1 0 1 0 0 2 0 1;1 0 0 0 3 0 0 0 3 1;1 1 1 1 1 1 1 1 1 1]
26,DFS,3.4883828163146973,469,[0 0 0 1 1 1 1 1 1 1;0 0 0 1 0 0 0 0 0 1;0 0 0 1 1 5 2 2 1 1;0 0 0 0 1 1 0 0 1 1;0 0 0 0 0 1 0 3 0 1;0 0 0 0 0 1 3 0 0 1;0 0 1 1 1 1 0 2 1 1;1 1 1 0 1 0 0 2 0 1;1 0 0 0 3 0 0 0 3 1;1 1 1 1 1 1 1 1 1 1]
26,BFS,17.967413187026978,59,[0 0 0 1 1 1 1 1 1 1;0 0 0 1 0 0 0 0 0 1;0 0 0 1 1 5 2 2 1 1;0 0 0 0 1 1 0 0 1 1;0 0 0 0 0 1 0 3 0 1;0 0 0 0 0 1 3 0 0 1;0 0 1 1 1 1 0 2 1 1;1 1 1 0 1 0 0 2 0 1;1 0 0 0 3 0 0 0 3 1;1 1 1 1 1 1 1 1 1 1]
27,A*,12.76480484008789,55,[0 0 1 1 1 1 1 1 1 1;0 0 1 0 0 0 0 0 0 1;1 1 1 0 0 3 3 2 0 1;1 0 1 1 2 0 1 1 1 1;1 0 1 1 0 0 0 1 0 0;1 0 0 0 2 2 1 1 0 0;1 0 0 3 3 5 1 0 0 0;1 1 1 1 1 1 1 0 0 0;0 0 0 0 0 0 0 0 0 0;0 0 0 0 0 0 0 0 0 0]
27,DFS,4.578644275665283,529,[0 0 1 1 1 1 1 1 1 1;0 0 1 0 0 0 0 0 0 1;1 1 1 0 0 3 3 2 0 1;1 0 1 1 2 0 1 1 1 1;1 0 1 1 0 0 0 1 0 0;1 0 0 0 2 2 1 1 0 0;1 0 0 3 3 5 1 0 0 0;1 1 1 1 1 1 1 0 0 0;0 0 0 0 0 0 0 0 0 0;0 0 0 0 0 0 0 0 0 0]
27,BFS,13.70917296409607,55,[0 0 1 1 1 1 1 1 1 1;0 0 1 0 0 0 0 0 0 1;1 1 1 0 0 3 3 2 0 1;1 0 1 1 2 0 1 1 1 1;1 0 1 1 0 0 0 1 0 0;1 0 0 0 2 2 1 1 0 0;1 0 0 3 3 5 1 0 0 0;1 1 1 1 1 1 1 0 0 0;0 0 0 0 0 0 0 0 0 0;0 0 0 0 0 0 0 0 0 0]
28,A*,1.1031382083892822,55,[1 1 1 1 1 1 1 1 1 1;1 0 5 3 0 0 0 0 0 1;1 0 0 2 0 1 0 2 3 1;1 0 2 1 1 1 1 2 0 1;1 3 0 1 0 0 1 0 0 1;1 0 1 1 0 0 1 1 3 1;1 0 1 0 0 0 0 1 1 1;1 1 1 0 0 0 0 0 0 0;0 0 0 0 0 0 0 0 0 0;0 0 0 0 0 0 0 0 0 0]
28,DFS,0.35435032844543457,194,[1 1 1 1 1 1 1 1 1 1;1 0 5 3 0 0 0 0 0 1;1 0 0 2 0 1 0 2 3 1;1 0 2 1 1 1 1 2 0 1;1 3 0 1 0 0 1 0 0 1;1 0 1 1 0 0 1 1 3 1;1 0 1 0 0 0 0 1 1 1;1 1 1 0 0 0 0 0 0 0;0 0 0 0 0 0 0 0 0 0;0 0 0 0 0 0 0 0 0 0]
28,BFS,0.5710813999176025,55,[1 1 1 1 1 1 1 1 1 1;1 0 5 3 0 0 0 0 0 1;1 0 0 2 0 1 0 2 3 1;1 0 2 1 1 1 1 2 0 1;1 3 0 1 0 0 1 0 0 1;1 0 1 1 0 0 1 1 3 1;1 0 1 0 0 0 0 1 1 1;1 1 1 0 0 0 0 0 0 0;0 0 0 0 0 0 0 0 0 0;0 0 0 0 0 0 0 0 0 0]
29,A*,9.61643099784851,59,[1 1 1 0 0 0 0 0 0 0;1 5 1 1 0 0 0 0 0 0;1 2 0 1 0 1 1 1 0 0;1 0 1 1 1 1 0 1 0 0;1 0 3 0 0 0 0 1 1 0;1 0 3 0 0 2 0 3 1 0;1 3 2 0 0 2 0 1 1 0;1 0 0 1 1 1 1 1 0 0;1 0 0 0 1 0 0 0 0 0;1 1 1 1 1 0 0 0 0 0]
29,DFS,2.475269079208374,673,[1 1 1 0 0 0 0 0 0 0;1 5 1 1 0 0 0 0 0 0;1 2 0 1 0 1 1 1 0 0;1 0 1 1 1 1 0 1 0 0;1 0 3 0 0 0 0 1 1 0;1 0 3 0 0 2 0 3 1 0;1 3 2 0 0 2 0 1 1 0;1 0 0 1 1 1 1 1 0 0;1 0 0 0 1 0 0 0 0 0;1 1 1 1 1 0 0 0 0 0]
29,BFS,8.38226866722107,59,[1 1 1 0 0 0 0 0 0 0;1 5 1 1 0 0 0 0 0 0;1 2 0 1 0 1 1 1 0 0;1 0 1 1 1 1 0 1 0 0;1 0 3 0 0 0 0 1 1 0;1 0 3 0 0 2 0 3 1 0;1 3 2 0 0 2 0 1 1 0;1 0 0 1 1 1 1 1 0 0;1 0 0 0 1 0 0 0 0 0;1 1 1 1 1 0 0 0 0 0]
30,A*,4.222166299819946,53,[1 1 1 1 1 1 1 1 0 0;1 3 0 0 0 3 0 1 0 0;1 0 3 0 2 0 1 1 0 0;1 0 2 0 1 1 1 0 0 0;1 1 0 0 0 1 0 0 0 0;1 0 1 0 0 1 0 0 0 0;1 0 2 3 1 1 0 0 0 0;1 0 0 2 0 1 0 0 0 0;1 1 1 5 0 1 0 0 0 0;0 0 1 1 1 1 0 0 0 0]
30,DFS,1.442681074142456,61,[1 1 1 1 1 1 1 1 0 0;1 3 0 0 0 3 0 1 0 0;1 0 3 0 2 0 1 1 0 0;1 0 2 0 1 1 1 0 0 0;1 1 0 0 0 1 0 0 0 0;1 0 1 0 0 1 0 0 0 0;1 0 2 3 1 1 0 0 0 0;1 0 0 2 0 1 0 0 0 0;1 1 1 5 0 1 0 0 0 0;0 0 1 1 1 1 0 0 0 0]
30,BFS,2.9675216674804688,53,[1 1 1 1 1 1 1 1 0 0;1 3 0 0 0 3 0 1 0 0;1 0 3 0 2 0 1 1 0 0;1 0 2 0 1 1 1 0 0 0;1 1 0 0 0 1 0 0 0 0;1 0 1 0 0 1 0 0 0 0;1 0 2 3 1 1 0 0 0 0;1 0 0 2 0 1 0 0 0 0;1 1 1 5 0 1 0 0 0 0;0 0 1 1 1 1 0 0 0 0]
31,A*,4.050184011459351,63,[0 0 0 0 0 0 0 1 1 1;0 0 0 0 0 0 1 1 0 1;0 0 0 1 1 1 1 3 0 1;0 0 0 1 5 2 3 2 0 1;0 0 0 1 1 0 0 0 0 1;0 1 1 1 1 1 1 2 3 1;1 1 0 1 1 1 1 0 0 1;1 0 0 0 0 0 1 2 0 1;1 0 0 0 0 3 0 0 0 1;1 1 1 1 1 1 1 1 1 1]
31,DFS,1.5034990310668945,667,[0 0 0 0 0 0 0 1 1 1;0 0 0 0 0 0 1 1 0 1;0 0 0 1 1 1 1 3 0 1;0 0 0 1 5 2 3 2 0 1;0 0 0 1 1 0 0 0 0 1;0 1 1 1 1 1 1 2 3 1;1 1 0 1 1 1 1 0 0 1;1 0 0 0 0 0 1 2 0 1;1 0 0 0 0 3 0 0 0 1;1 1 1 1 1 1 1 1 1 1]
31,BFS,2.7486634254455566,63,[0 0 0 0 0 0 0 1 1 1;0 0 0 0 0 0 1 1 0 1;0 0 0 1 1 1 1 3 0 1;0 0 0 1 5 2 3 2 0 1;0 0 0 1 1 0 0 0 0 1;0 1 1 1 1 1 1 2 3 1;1 1 0 1 1 1 1 0 0 1;1 0 0 0 0 0 1 2 0 1;1 0 0 0 0 3 0 0 0 1;1 1 1 1 1 1 1 1 1 1]
32,A*,0.984264612197876,49,[0 0 1 1 1 1 1 1 1 1;0 1 1 5 2 3 0 0 0 1;0 1 0 2 1 0 1 0 1 1;0 1 0 0 1 1 1 1 1 0;0 1 1 0 1 1 0 1 1 1;0 1 1 0 0 1 1 1 0 1;0 1 0 3 1 0 1 0 0 1;0 1 0 0 0 0 2 2 0 1;0 1 1 0 0 0 3 3 0 1;0 0 1 1 1 1 1 1 1 1]
32,DFS,0.5508217811584473,67,[0 0 1 1 1 1 1 1 1 1;0 1 1 5 2 3 0 0 0 1;0 1 0 2 1 0 1 0 1 1;0 1 0 0 1 1 1 1 1 0;0 1 1 0 1 1 0 1 1 1;0 1 1 0 0 1 1 1 0 1;0 1 0 3 1 0 1 0 0 1;0 1 0 0 0 0 2 2 0 1;0 1 1 0 0 0 3 3 0 1;0 0 1 1 1 1 1 1 1 1]
32,BFS,0.6524016857147217,49,[0 0 1 1 1 1 1 1 1 1;0 1 1 5 2 3 0 0 0 1;0 1 0 2 1 0 1 0 1 1;0 1 0 0 1 1 1 1 1 0;0 1 1 0 1 1 0 1 1 1;0 1 1 0 0 1 1 1 0 1;0 1 0 3 1 0 1 0 0 1;0 1 0 0 0 0 2 2 0 1;0 1 1 0 0 0 3 3 0 1;0 0 1 1 1 1 1 1 1 1]
33,A*,0.8433418273925781,43,[0 0 0 1 1 1 1 1 1 1;0 0 0 1 0 0 0 0 0 1;0 0 0 1 0 0 2 0 3 1;0 0 0 1 1 1 1 3 0 1;0 0 0 0 0 1 1 1 0 1;0 0 0 0 0 1 0 0 3 1;0 0 0 0 0 1 2 0 0 1;0 0 0 0 0 1 0 2 2 1;0 0 0 0 0 1 3 5 0 1;0 0 0 0 0 1 1 1 1 1]
33,DFS,0.29525256156921387,165,[0 0 0 1 1 1 1 1 1 1;0 0 0 1 0 0 0 0 0 1;0 0 0 1 0 0 2 0 3 1;0 0 0 1 1 1 1 3 0 1;0 0 0 0 0 1 1 1 0 1;0 0 0 0 0 1 0 0 3 1;0 0 0 0 0 1 2 0 0 1;0 0 0 0 0 1 0 2 2 1;0 0 0 0 0 1 3 5 0 1;0 0 0 0 0 1 1 1 1 1]
33,BFS,0.6023080348968506,43,[0 0 0 1 1 1 1 1 1 1;0 0 0 1 0 0 0 0 0 1;0 0 0 1 0 0 2 0 3 1;0 0 0 1 1 1 1 3 0 1;0 0 0 0 0 1 1 1 0 1;0 0 0 0 0 1 0 0 3 1;0 0 0 0 0 1 2 0 0 1;0 0 0 0 0 1 0 2 2 1;0 0 0 0 0 1 3 5 0 1;0 0 0 0 0 1 1 1 1 1]
34,A*,2.8812754154205322,47,[1 1 1 1 1 1 1 1 1 1;1 0 0 0 3 0 0 0 0 1;1 3 2 5 2 3 0 2 0 1;1 1 1 1 1 0 2 1 1 1;0 0 0 1 3 0 0 1 0 0;0 0 0 1 0 0 0 1 0 0;0 0 0 1 1 1 1 1 0 0;0 0 0 0 0 0 0 0 0 0;0 0 0 0 0 0 0 0 0 0;0 0 0 0 0 0 0 0 0 0]
34,DFS,0.15424489974975586,229,[1 1 1 1 1 1 1 1 1 1;1 0 0 0 3 0 0 0 0 1;1 3 2 5 2 3 0 2 0 1;1 1 1 1 1 0 2 1 1 1;0 0 0 1 3 0 0 1 0 0;0 0 0 1 0 0 0 1 0 0;0 0 0 1 1 1 1 1 0 0;0 0 0 0 0 0 0 0 0 0;0 0 0 0 0 0 0 0 0 0;0 0 0 0 0 0 0 0 0 0]
34,BFS,1.8701786994934082,47,[1 1 1 1 1 1 1 1 1 1;1 0 0 0 3 0 0 0 0 1;1 3 2 5 2 3 0 2 0 1;1 1 1 1 1 0 2 1 1 1;0 0 0 1 3 0 0 1 0 0;0 0 0 1 0 0 0 1 0 0;0 0 0 1 1 1 1 1 0 0;0 0 0 0 0 0 0 0 0 0;0 0 0 0 0 0 0 0 0 0;0 0 0 0 0 0 0 0 0 0]
35,A*,8.520070552825928,49,[0 0 0 0 0 0 0 1 1 1;0 0 0 0 0 0 1 1 0 1;0 0 0 0 1 1 1 0 0 1;0 0 0 0 1 5 2 3 0 1;0 0 0 0 1 2 1 0 0 1;0 0 0 1 1 0 2 2 0 1;0 0 0 1 3 0 1 3 3 1;0 0 0 1 0 0 0 0 0 1;0 0 0 1 0 0 1 0 0 1;0 0 0 1 1 1 1 1 1 1]
35,DFS,2.2938380241394043,1125,[0 0 0 0 0 0 0 1 1 1;0 0 0 0 0 0 1 1 0 1;0 0 0 0 1 1 1 0 0 1;0 0 0 0 1 5 2 3 0 1;0 0 0 0 1 2 1 0 0 1;0 0 0 1 1 0 2 2 0 1;0 0 0 1 3 0 1 3 3 1;0 0 0 1 0 0 0 0 0 1;0 0 0 1 0 0 1 0 0 1;0 0 0 1 1 1 1 1 1 1]
35,BFS,7.292706489562988,49,[0 0 0 0 0 0 0 1 1 1;0 0 0 0 0 0 1 1 0 1;0 0 0 0 1 1 1 0 0 1;0 0 0 0 1 5 2 3 0 1;0 0 0 0 1 2 1 0 0 1;0 0 0 1 1 0 2 2 0 1;0 0 0 1 3 0 1 3 3 1;0 0 0 1 0 0 0 0 0 1;0 0 0 1 0 0 1 0 0 1;0 0 0 1 1 1 1 1 1 1]
36,A*,28.7628915309906,60,[0 1 1 1 1 1 1 0 0 0;0 1 0 0 5 0 1 0 0 0;0 1 0 2 2 0 1 0 0 0;0 1 1 3 0 1 1 0 0 0;0 1 1 0 0 1 1 1 1 0;0 1 3 0 1 1 0 0 1 1;0 1 0 2 0 0 0 3 0 1;0 1 0 2 0 0 0 3 1 1;0 1 0 0 0 0 0 0 0 1;0 1 1 1 1 1 1 1 1 1]
36,DFS,2.6036863327026367,654,[0 1 1 1 1 1 1 0 0 0;0 1 0 0 5 0 1 0 0 0;0 1 0 2 2 0 1 0 0 0;0 1 1 3 0 1 1 0 0 0;0 1 1 0 0 1 1 1 1 0;0 1 3 0 1 1 0 0 1 1;0 1 0 2 0 0 0 3 0 1;0 1 0 2 0 0 0 3 1 1;0 1 0 0 0 0 0 0 0 1;0 1 1 1 1 1 1 1 1 1]
36,BFS,78.56696891784668,60,[0 1 1 1 1 1 1 0 0 0;0 1 0 0 5 0 1 0 0 0;0 1 0 2 2 0 1 0 0 0;0 1 1 3 0 1 1 0 0 0;0 1 1 0 0 1 1 1 1 0;0 1 3 0 1 1 0 0 1 1;0 1 0 2 0 0 0 3 0 1;0 1 0 2 0 0 0 3 1 1;0 1 0 0 0 0 0 0 0 1;0 1 1 1 1 1 1 1 1 1]
37,A*,2.832359552383423,58,[0 0 0 0 0 0 0 1 1 1;0 0 0 0 0 0 0 1 5 1;0 0 0 0 1 1 1 1 2 1;0 0 0 0 1 0 1 0 0 1;0 0 0 0 1 0 0 3 0 1;0 0 0 0 1 0 2 3 0 1;0 0 0 0 1 1 3 0 0 1;0 0 0 0 0 1 2 2 3 1;0 0 0 0 0 1 0 0 0 1;0 0 0 0 0 1 1 1 1 1]
37,DFS,0.7848966121673584,108,[0 0 0 0 0 0 0 1 1 1;0 0 0 0 0 0 0 1 5 1;0 0 0 0 1 1 1 1 2 1;0 0 0 0 1 0 1 0 0 1;0 0 0 0 1 0 0 3 0 1;0 0 0 0 1 0 2 3 0 1;0 0 0 0 1 1 3 0 0 1;0 0 0 0 0 1 2 2 3 1;0 0 0 0 0 1 0 0 0 1;0 0 0 0 0 1 1 1 1 1]
37,BFS,1.2424798011779785,58,[0 0 0 0 0 0 0 1 1 1;0 0 0 0 0 0 0 1 5 1;0 0 0 0 1 1 1 1 2 1;0 0 0 0 1 0 1 0 0 1;0 0 0 0 1 0 0 3 0 1;0 0 0 0 1 0 2 3 0 1;0 0 0 0 1 1 3 0 0 1;0 0 0 0 0 1 2 2 3 1;0 0 0 0 0 1 0 0 0 1;0 0 0 0 0 1 1 1 1 1]
38,A*,29.735936164855957,69,[1 1 1 1 1 1 1 0 0 0;1 0 3 0 0 0 1 0 0 0;1 0 0 2 3 0 1 0 0 0;1 1 1 1 0 1 1 0 0 0;0 0 0 1 0 1 0 1 1 1;1 1 1 1 0 1 1 1 0 1;1 3 0 0 0 0 0 2 5 1;1 0 0 0 0 2 0 2 0 1;1 0 0 1 1 0 3 0 1 1;1 1 1 1 1 1 1 1 1 0]
38,DFS,0.9256417751312256,505,[1 1 1 1 1 1 1 0 0 0;1 0 3 0 0 0 1 0 0 0;1 0 0 2 3 0 1 0 0 0;1 1 1 1 0 1 1 0 0 0;0 0 0 1 0 1 0 1 1 1;1 1 1 1 0 1 1 1 0 1;1 3 0 0 0 0 0 2 5 1;1 0 0 0 0 2 0 2 0 1;1 0 0 1 1 0 3 0 1 1;1 1 1 1 1 1 1 1 1 0]
38,BFS,46.750861406326294,69,[1 1 1 1 1 1 1 0 0 0;1 0 3 0 0 0 1 0 0 0;1 0 0 2 3 0 1 0 0 0;1 1 1 1 0 1 1 0 0 0;0 0 0 1 0 1 0 1 1 1;1 1 1 1 0 1 1 1 0 1;1 3 0 0 0 0 0 2 5 1;1 0 0 0 0 2 0 2 0 1;1 0 0 1 1 0 3 0 1 1;1 1 1 1 1 1 1 1 1 0]
39,A*,0.7997822761535645,43,[1 1 1 1 1 1 1 1 1 1;1 0 2 0 3 3 3 0 0 1;1 5 3 2 2 0 0 2 0 1;1 0 0 0 0 1 1 1 1 1;1 1 1 1 1 1 0 0 0 0;0 0 0 0 0 0 0 0 0 0;0 0 0 0 0 0 0 0 0 0;0 0 0 0 0 0 0 0 0 0;0 0 0 0 0 0 0 0 0 0;0 0 0 0 0 0 0 0 0 0]
39,DFS,0.269420862197876,178,[1 1 1 1 1 1 1 1 1 1;1 0 2 0 3 3 3 0 0 1;1 5 3 2 2 0 0 2 0 1;1 0 0 0 0 1 1 1 1 1;1 1 1 1 1 1 0 0 0 0;0 0 0 0 0 0 0 0 0 0;0 0 0 0 0 0 0 0 0 0;0 0 0 0 0 0 0 0 0 0;0 0 0 0 0 0 0 0 0 0;0 0 0 0 0 0 0 0 0 0]
39,BFS,0.44240713119506836,43,[1 1 1 1 1 1 1 1 1 1;1 0 2 0 3 3 3 0 0 1;1 5 3 2 2 0 0 2 0 1;1 0 0 0 0 1 1 1 1 1;1 1 1 1 1 1 0 0 0 0;0 0 0 0 0 0 0 0 0 0;0 0 0 0 0 0 0 0 0 0;0 0 0 0 0 0 0 0 0 0;0 0 0 0 0 0 0 0 0 0;0 0 0 0 0 0 0 0 0 0]
40,A*,3.2318923473358154,62,[0 0 0 0 0 0 0 0 0 0;0 0 0 0 0 0 0 0 0 0;0 0 0 0 0 0 1 1 1 1;0 0 0 0 0 1 1 0 0 1;0 0 0 0 0 1 0 2 0 1;0 0 0 0 0 1 2 0 0 1;0 0 0 1 1 1 0 0 0 1;0 1 1 1 0 2 0 3 3 1;0 1 5 2 0 3 0 3 0 1;0 1 1 1 1 1 1 1 1 1]
40,DFS,0.9166665077209473,583,[0 0 0 0 0 0 0 0 0 0;0 0 0 0 0 0 0 0 0 0;0 0 0 0 0 0 1 1 1 1;0 0 0 0 0 1 1 0 0 1;0 0 0 0 0 1 0 2 0 1;0 0 0 0 0 1 2 0 0 1;0 0 0 1 1 1 0 0 0 1;0 1 1 1 0 2 0 3 3 1;0 1 5 2 0 3 0 3 0 1;0 1 1 1 1 1 1 1 1 1]
40,BFS,1.8045220375061035,62,[0 0 0 0 0 0 0 0 0 0;0 0 0 0 0 0 0 0 0 0;0 0 0 0 0 0 1 1 1 1;0 0 0 0 0 1 1 0 0 1;0 0 0 0 0 1 0 2 0 1;0 0 0 0 0 1 2 0 0 1;0 0 0 1 1 1 0 0 0 1;0 1 1 1 0 2 0 3 3 1;0 1 5 2 0 3 0 3 0 1;0 1 1 1 1 1 1 1 1 1]
41,A*,1.8127338886260986,50,[0 0 0 0 0 0 1 1 1 1;0 0 0 0 0 0 1 0 0 1;0 0 0 0 0 0 1 2 0 1;0 0 0 0 0 0 1 0 3 1;0 0 1 1 1 1 1 0 0 1;0 0 1 5 2 3 0 3 0 1;0 0 1 0 2 0 2 0 0 1;0 0 1 1 1 1 1 0 3 1;0 0 0 0 0 0 1 1 1 1;0 0 0 0 0 0 0 0 0 0]
41,DFS,0.6618621349334717,331,[0 0 0 0 0 0 1 1 1 1;0 0 0 0 0 0 1 0 0 1;0 0 0 0 0 0 1 2 0 1;0 0 0 0 0 0 1 0 3 1;0 0 1 1 1 1 1 0 0 1;0 0 1 5 2 3 0 3 0 1;0 0 1 0 2 0 2 0 0 1;0 0 1 1 1 1 1 0 3 1;0 0 0 0 0 0 1 1 1 1;0 0 0 0 0 0 0 0 0 0]
41,BFS,0.8547568321228027,50,[0 0 0 0 0 0 1 1 1 1;0 0 0 0 0 0 1 0 0 1;0 0 0 0 0 0 1 2 0 1;0 0 0 0 0 0 1 0 3 1;0 0 1 1 1 1 1 0 0 1;0 0 1 5 2 3 0 3 0 1;0 0 1 0 2 0 2 0 0 1;0 0 1 1 1 1 1 0 3 1;0 0 0 0 0 0 1 1 1 1;0 0 0 0 0 0 0 0 0 0]
42,A*,14.095985889434814,39,[1 1 1 1 1 1 0 0 0 0;1 0 0 0 3 1 1 0 0 0;1 0 2 0 2 0 1 0 0 0;1 0 0 0 0 0 1 0 0 0;1 1 0 0 0 0 1 0 0 0;1 0 0 1 0 1 1 0 0 0;1 5 1 3 0 0 1 0 0 0;1 0 0 2 2 0 1 0 0 0;1 0 0 3 0 3 1 0 0 0;1 1 1 1 1 1 1 0 0 0]
42,DFS,2.5241305828094482,405,[1 1 1 1 1 1 0 0 0 0;1 0 0 0 3 1 1 0 0 0;1 0 2 0 2 0 1 0 0 0;1 0 0 0 0 0 1 0 0 0;1 1 0 0 0 0 1 0 0 0;1 0 0 1 0 1 1 0 0 0;1 5 1 3 0 0 1 0 0 0;1 0 0 2 2 0 1 0 0 0;1 0 0 3 0 3 1 0 0 0;1 1 1 1 1 1 1 0 0 0]
42,BFS,458.98760771751404,39,[1 1 1 1 1 1 0 0 0 0;1 0 0 0 3 1 1 0 0 0;1 0 2 0 2 0 1 0 0 0;1 0 0 0 0 0 1 0 0 0;1 1 0 0 0 0 1 0 0 0;1 0 0 1 0 1 1 0 0 0;1 5 1 3 0 0 1 0 0 0;1 0 0 2 2 0 1 0 0 0;1 0 0 3 0 3 1 0 0 0;1 1 1 1 1 1 1 0 0 0]
43,A*,5.17084002494812,55,[0 1 1 1 1 0 0 0 0 0;0 1 0 5 1 1 0 0 0 0;0 1 0 2 0 1 0 0 0 0;0 1 1 0 2 1 0 0 0 0;0 1 3 0 3 1 0 0 0 0;1 1 2 0 1 1 1 1 1 1;1 0 0 0 0 0 0 1 0 1;1 0 0 2 0 0 0 0 3 1;1 1 1 0 0 3 0 0 0 1;0 0 1 1 1 1 1 1 1 1]
43,DFS,1.8957419395446777,293,[0 1 1 1 1 0 0 0 0 0;0 1 0 5 1 1 0 0 0 0;0 1 0 2 0 1 0 0 0 0;0 1 1 0 2 1 0 0 0 0;0 1 3 0 3 1 0 0 0 0;1 1 2 0 1 1 1 1 1 1;1 0 0 0 0 0 0 1 0 1;1 0 0 2 0 0 0 0 3 1;1 1 1 0 0 3 0 0 0 1;0 0 1 1 1 1 1 1 1 1]
43,BFS,5.126154184341431,55,[0 1 1 1 1 0 0 0 0 0;0 1 0 5 1 1 0 0 0 0;0 1 0 2 0 1 0 0 0 0;0 1 1 0 2 1 0 0 0 0;0 1 3 0 3 1 0 0 0 0;1 1 2 0 1 1 1 1 1 1;1 0 0 0 0 0 0 1 0 1;1 0 0 2 0 0 0 0 3 1;1 1 1 0 0 3 0 0 0 1;0 0 1 1 1 1 1 1 1 1]
44,A*,0.40195274353027344,44,[1 1 1 1 1 1 1 1 1 1;1 0 0 0 0 0 0 0 0 1;1 2 0 0 1 0 0 0 0 1;1 0 1 1 1 1 1 1 0 1;1 0 0 1 0 0 1 1 0 1;1 0 1 1 0 0 1 0 0 1;1 0 0 1 1 1 1 3 0 1;1 3 2 0 0 3 2 2 0 1;1 0 0 0 0 3 1 5 1 1;1 1 1 1 1 1 1 1 1 0]
44,DFS,0.4974236488342285,104,[1 1 1 1 1 1 1 1 1 1;1 0 0 0 0 0 0 0 0 1;1 2 0 0 1 0 0 0 0 1;1 0 1 1 1 1 1 1 0 1;1 0 0 1 0 0 1 1 0 1;1 0 1 1 0 0 1 0 0 1;1 0 0 1 1 1 1 3 0 1;1 3 2 0 0 3 2 2 0 1;1 0 0 0 0 3 1 5 1 1;1 1 1 1 1 1 1 1 1 0]
44,BFS,0.5173099040985107,44,[1 1 1 1 1 1 1 1 1 1;1 0 0 0 0 0 0 0 0 1;1 2 0 0 1 0 0 0 0 1;1 0 1 1 1 1 1 1 0 1;1 0 0 1 0 0 1 1 0 1;1 0 1 1 0 0 1 0 0 1;1 0 0 1 1 1 1 3 0 1;1 3 2 0 0 3 2 2 0 1;1 0 0 0 0 3 1 5 1 1;1 1 1 1 1 1 1 1 1 0]
45,A*,4.700537443161011,41,[0 1 1 1 1 1 1 1 0 0;0 1 0 0 0 0 3 1 0 0;0 1 1 0 2 2 0 1 0 0;1 1 1 1 0 3 0 1 0 0;1 0 0 1 0 0 0 1 0 0;1 0 2 1 1 2 0 1 1 0;1 0 0 1 1 0 0 0 1 0;1 3 0 0 0 5 0 1 1 0;1 0 0 1 1 0 3 0 1 0;1 1 1 1 1 1 1 1 1 0]
45,DFS,4.240678310394287,381,[0 1 1 1 1 1 1 1 0 0;0 1 0 0 0 0 3 1 0 0;0 1 1 0 2 2 0 1 0 0;1 1 1 1 0 3 0 1 0 0;1 0 0 1 0 0 0 1 0 0;1 0 2 1 1 2 0 1 1 0;1 0 0 1 1 0 0 0 1 0;1 3 0 0 0 5 0 1 1 0;1 0 0 1 1 0 3 0 1 0;1 1 1 1 1 1 1 1 1 0]
45,BFS,20.215517282485962,41,[0 1 1 1 1 1 1 1 0 0;0 1 0 0 0 0 3 1 0 0;0 1 1 0 2 2 0 1 0 0;1 1 1 1 0 3 0 1 0 0;1 0 0 1 0 0 0 1 0 0;1 0 2 1 1 2 0 1 1 0;1 0 0 1 1 0 0 0 1 0;1 3 0 0 0 5 0 1 1 0;1 0 0 1 1 0 3 0 1 0;1 1 1 1 1 1 1 1 1 0]
46,A*,7.751198768615723,82,[0 0 0 0 0 0 0 1 1 1;0 0 0 0 0 0 0 1 0 1;0 0 1 1 1 1 1 1 0 1;0 0 1 3 0 1 1 0 0 1;0 0 1 0 3 3 1 0 0 1;0 0 1 0 0 0 1 1 0 1;0 0 1 0 0 0 0 0 0 1;0 0 1 1 2 1 2 2 0 1;0 0 1 5 3 0 2 0 0 1;0 0 1 1 1 1 1 1 1 1]
46,DFS,1.25960373878479,254,[0 0 0 0 0 0 0 1 1 1;0 0 0 0 0 0 0 1 0 1;0 0 1 1 1 1 1 1 0 1;0 0 1 3 0 1 1 0 0 1;0 0 1 0 3 3 1 0 0 1;0 0 1 0 0 0 1 1 0 1;0 0 1 0 0 0 0 0 0 1;0 0 1 1 2 1 2 2 0 1;0 0 1 5 3 0 2 0 0 1;0 0 1 1 1 1 1 1 1 1]
46,BFS,5.746095657348633,82,[0 0 0 0 0 0 0 1 1 1;0 0 0 0 0 0 0 1 0 1;0 0 1 1 1 1 1 1 0 1;0 0 1 3 0 1 1 0 0 1;0 0 1 0 3 3 1 0 0 1;0 0 1 0 0 0 1 1 0 1;0 0 1 0 0 0 0 0 0 1;0 0 1 1 2 1 2 2 0 1;0 0 1 5 3 0 2 0 0 1;0 0 1 1 1 1 1 1 1 1]
47,A*,1.1441898345947266,31,[0 0 0 0 1 1 1 1 1 1;0 0 0 1 1 0 3 0 0 1;0 0 0 1 0 3 0 2 3 1;0 0 0 1 0 2 2 0 0 1;0 0 0 1 1 1 3 2 0 1;0 0 0 0 0 1 0 5 1 1;0 0 0 0 0 1 1 1 1 0;0 0 0 0 0 0 0 0 0 0;0 0 0 0 0 0 0 0 0 0;0 0 0 0 0 0 0 0 0 0]
47,DFS,0.4800839424133301,121,[0 0 0 0 1 1 1 1 1 1;0 0 0 1 1 0 3 0 0 1;0 0 0 1 0 3 0 2 3 1;0 0 0 1 0 2 2 0 0 1;0 0 0 1 1 1 3 2 0 1;0 0 0 0 0 1 0 5 1 1;0 0 0 0 0 1 1 1 1 0;0 0 0 0 0 0 0 0 0 0;0 0 0 0 0 0 0 0 0 0;0 0 0 0 0 0 0 0 0 0]
47,BFS,0.45849180221557617,31,[0 0 0 0 1 1 1 1 1 1;0 0 0 1 1 0 3 0 0 1;0 0 0 1 0 3 0 2 3 1;0 0 0 1 0 2 2 0 0 1;0 0 0 1 1 1 3 2 0 1;0 0 0 0 0 1 0 5 1 1;0 0 0 0 0 1 1 1 1 0;0 0 0 0 0 0 0 0 0 0;0 0 0 0 0 0 0 0 0 0;0 0 0 0 0 0 0 0 0 0]
48,A*,13.178867101669312,51,[0 0 0 0 0 1 1 1 1 1;0 0 1 1 1 1 0 0 0 1;0 0 1 5 2 0 0 0 3 1;0 0 1 1 2 1 2 0 0 1;0 0 1 0 0 1 0 3 0 1;0 0 1 1 0 1 1 0 0 1;0 0 1 0 0 1 1 1 3 1;0 0 1 0 0 3 2 0 0 1;0 0 1 0 0 0 0 0 0 1;0 0 1 1 1 1 1 1 1 1]
48,DFS,10.893861532211304,2916,[0 0 0 0 0 1 1 1 1 1;0 0 1 1 1 1 0 0 0 1;0 0 1 5 2 0 0 0 3 1;0 0 1 1 2 1 2 0 0 1;0 0 1 0 0 1 0 3 0 1;0 0 1 1 0 1 1 0 0 1;0 0 1 0 0 1 1 1 3 1;0 0 1 0 0 3 2 0 0 1;0 0 1 0 0 0 0 0 0 1;0 0 1 1 1 1 1 1 1 1]
48,BFS,29.8764910697937,51,[0 0 0 0 0 1 1 1 1 1;0 0 1 1 1 1 0 0 0 1;0 0 1 5 2 0 0 0 3 1;0 0 1 1 2 1 2 0 0 1;0 0 1 0 0 1 0 3 0 1;0 0 1 1 0 1 1 0 0 1;0 0 1 0 0 1 1 1 3 1;0 0 1 0 0 3 2 0 0 1;0 0 1 0 0 0 0 0 0 1;0 0 1 1 1 1 1 1 1 1]
49,A*,15.34263277053833,69,[1 1 1 1 1 0 0 0 0 0;1 0 1 0 1 1 0 0 0 0;1 0 3 0 0 1 0 0 0 0;1 0 0 0 3 1 1 1 0 0;1 0 0 3 1 0 5 1 0 0;1 0 0 0 2 2 0 1 0 0;1 0 1 0 0 2 0 1 0 0;1 3 2 0 1 1 1 1 0 0;1 0 0 0 1 0 0 0 0 0;1 1 1 1 1 0 0 0 0 0]
49,DFS,3.721546173095703,951,[1 1 1 1 1 0 0 0 0 0;1 0 1 0 1 1 0 0 0 0;1 0 3 0 0 1 0 0 0 0;1 0 0 0 3 1 1 1 0 0;1 0 0 3 1 0 5 1 0 0;1 0 0 0 2 2 0 1 0 0;1 0 1 0 0 2 0 1 0 0;1 3 2 0 1 1 1 1 0 0;1 0 0 0 1 0 0 0 0 0;1 1 1 1 1 0 0 0 0 0]
49,BFS,22.000012397766113,69,[1 1 1 1 1 0 0 0 0 0;1 0 1 0 1 1 0 0 0 0;1 0 3 0 0 1 0 0 0 0;1 0 0 0 3 1 1 1 0 0;1 0 0 3 1 0 5 1 0 0;1 0 0 0 2 2 0 1 0 0;1 0 1 0 0 2 0 1 0 0;1 3 2 0 1 1 1 1 0 0;1 0 0 0 1 0 0 0 0 0;1 1 1 1 1 0 0 0 0 0]
50,A*,0.26354193687438965,39,[0 0 0 0 0 0 0 0 0 0;0 0 0 0 0 0 0 0 0 0;0 0 0 0 0 0 0 0 0 0;0 0 0 0 0 0 0 0 0 0;0 0 0 0 0 0 0 1 1 1;1 1 1 1 1 0 1 1 3 1;1 0 0 0 1 1 1 3 0 1;1 1 0 2 5 0 2 2 2 1;0 1 0 3 0 3 0 0 0 1;0 1 1 1 1 1 1 1 1 1]
50,DFS,0.06449460983276367,175,[0 0 0 0 0 0 0 0 0 0;0 0 0 0 0 0 0 0 0 0;0 0 0 0 0 0 0 0 0 0;0 0 0 0 0 0 0 0 0 0;0 0 0 0 0 0 0 1 1 1;1 1 1 1 1 0 1 1 3 1;1 0 0 0 1 1 1 3 0 1;1 1 0 2 5 0 2 2 2 1;0 1 0 3 0 3 0 0 0 1;0 1 1 1 1 1 1 1 1 1]
50,BFS,0.12259793281555176,39,[0 0 0 0 0 0 0 0 0 0;0 0 0 0 0 0 0 0 0 0;0 0 0 0 0 0 0 0 0 0;0 0 0 0 0 0 0 0 0 0;0 0 0 0 0 0 0 1 1 1;1 1 1 1 1 0 1 1 3 1;1 0 0 0 1 1 1 3 0 1;1 1 0 2 5 0 2 2 2 1;0 1 0 3 0 3 0 0 0 1;0 1 1 1 1 1 1 1 1 1]
51,A*,3.3774256706237793,61,[1 1 1 1 1 1 0 0 0 0;1 0 0 3 0 1 0 0 0 0;1 3 2 2 0 1 0 0 0 0;1 0 0 0 0 1 0 0 0 0;1 1 0 0 0 1 0 0 0 0;0 1 0 2 1 1 0 0 0 0;1 1 1 0 1 0 0 0 0 0;1 5 2 3 1 0 0 0 0 0;1 0 0 3 1 0 0 0 0 0;1 1 1 1 1 0 0 0 0 0]
51,DFS,0.6988739967346191,176,[1 1 1 1 1 1 0 0 0 0;1 0 0 3 0 1 0 0 0 0;1 3 2 2 0 1 0 0 0 0;1 0 0 0 0 1 0 0 0 0;1 1 0 0 0 1 0 0 0 0;0 1 0 2 1 1 0 0 0 0;1 1 1 0 1 0 0 0 0 0;1 5 2 3 1 0 0 0 0 0;1 0 0 3 1 0 0 0 0 0;1 1 1 1 1 0 0 0 0 0]
51,BFS,1.58784818649292,61,[1 1 1 1 1 1 0 0 0 0;1 0 0 3 0 1 0 0 0 0;1 3 2 2 0 1 0 0 0 0;1 0 0 0 0 1 0 0 0 0;1 1 0 0 0 1 0 0 0 0;0 1 0 2 1 1 0 0 0 0;1 1 1 0 1 0 0 0 0 0;1 5 2 3 1 0 0 0 0 0;1 0 0 3 1 0 0 0 0 0;1 1 1 1 1 0 0 0 0 0]
52,A*,16.64186382293701,60,[0 0 1 1 1 1 1 1 1 1;0 0 1 0 0 0 0 0 0 1;0 0 1 0 0 0 2 0 0 1;0 0 1 1 0 1 2 2 3 1;0 0 1 1 0 1 0 0 0 1;0 0 1 0 0 1 1 0 1 1;0 0 1 1 0 0 0 1 1 0;0 0 1 1 0 2 0 1 1 1;0 0 1 3 3 3 5 0 0 1;0 0 1 1 1 1 1 1 1 1]
52,DFS,7.51549220085144,248,[0 0 1 1 1 1 1 1 1 1;0 0 1 0 0 0 0 0 0 1;0 0 1 0 0 0 2 0 0 1;0 0 1 1 0 1 2 2 3 1;0 0 1 1 0 1 0 0 0 1;0 0 1 0 0 1 1 0 1 1;0 0 1 1 0 0 0 1 1 0;0 0 1 1 0 2 0 1 1 1;0 0 1 3 3 3 5 0 0 1;0 0 1 1 1 1 1 1 1 1]
52,BFS,36.8757905960083,60,[0 0 1 1 1 1 1 1 1 1;0 0 1 0 0 0 0 0 0 1;0 0 1 0 0 0 2 0 0 1;0 0 1 1 0 1 2 2 3 1;0 0 1 1 0 1 0 0 0 1;0 0 1 0 0 1 1 0 1 1;0 0 1 1 0 0 0 1 1 0;0 0 1 1 0 2 0 1 1 1;0 0 1 3 3 3 5 0 0 1;0 0 1 1 1 1 1 1 1 1]
53,A*,22.61095643043518,71,[0 0 0 0 0 0 0 1 1 1;0 0 0 0 0 0 1 1 3 1;0 0 0 0 0 0 1 0 0 1;0 1 1 1 1 0 1 0 0 1;0 1 0 0 1 1 1 1 0 1;0 1 0 2 0 0 1 1 0 1;0 1 0 0 0 0 1 0 3 1;1 1 1 2 2 3 0 2 5 1;1 0 0 0 0 0 0 3 0 1;1 1 1 1 1 1 1 1 1 1]
53,DFS,4.78667140007019,591,[0 0 0 0 0 0 0 1 1 1;0 0 0 0 0 0 1 1 3 1;0 0 0 0 0 0 1 0 0 1;0 1 1 1 1 0 1 0 0 1;0 1 0 0 1 1 1 1 0 1;0 1 0 2 0 0 1 1 0 1;0 1 0 0 0 0 1 0 3 1;1 1 1 2 2 3 0 2 5 1;1 0 0 0 0 0 0 3 0 1;1 1 1 1 1 1 1 1 1 1]
53,BFS,24.17814350128174,71,[0 0 0 0 0 0 0 1 1 1;0 0 0 0 0 0 1 1 3 1;0 0 0 0 0 0 1 0 0 1;0 1 1 1 1 0 1 0 0 1;0 1 0 0 1 1 1 1 0 1;0 1 0 2 0 0 1 1 0 1;0 1 0 0 0 0 1 0 3 1;1 1 1 2 2 3 0 2 5 1;1 0 0 0 0 0 0 3 0 1;1 1 1 1 1 1 1 1 1 1]
54,A*,4.500959396362305,84,[1 1 1 1 1 1 0 0 0 0;1 0 0 0 0 1 0 0 0 0;1 0 3 2 0 1 0 0 0 0;1 3 1 2 5 1 0 0 0 0;1 0 3 0 1 1 0 0 0 0;1 1 0 2 1 0 0 0 0 0;0 1 0 0 1 1 1 1 1 1;0 1 2 0 1 1 0 0 0 1;0 1 3 0 0 0 0 0 0 1;0 1 1 1 1 1 1 1 1 1]
54,DFS,1.8665664196014404,212,[1 1 1 1 1 1 0 0 0 0;1 0 0 0 0 1 0 0 0 0;1 0 3 2 0 1 0 0 0 0;1 3 1 2 5 1 0 0 0 0;1 0 3 0 1 1 0 0 0 0;1 1 0 2 1 0 0 0 0 0;0 1 0 0 1 1 1 1 1 1;0 1 2 0 1 1 0 0 0 1;0 1 3 0 0 0 0 0 0 1;0 1 1 1 1 1 1 1 1 1]
54,BFS,3.638885259628296,84,[1 1 1 1 1 1 0 0 0 0;1 0 0 0 0 1 0 0 0 0;1 0 3 2 0 1 0 0 0 0;1 3 1 2 5 1 0 0 0 0;1 0 3 0 1 1 0 0 0 0;1 1 0 2 1 0 0 0 0 0;0 1 0 0 1 1 1 1 1 1;0 1 2 0 1 1 0 0 0 1;0 1 3 0 0 0 0 0 0 1;0 1 1 1 1 1 1 1 1 1]
55,A*,2.7746076583862305,38,[0 0 0 0 0 0 0 0 0 0;0 0 0 0 0 0 0 0 0 0;1 1 1 1 0 1 1 1 0 0;1 0 0 1 1 1 5 1 1 0;1 0 0 0 0 2 2 0 1 0;1 0 2 3 0 0 3 0 1 0;1 0 0 1 2 3 1 1 1 0;1 3 1 1 0 1 0 0 1 0;1 0 0 0 0 0 0 0 1 0;1 1 1 1 1 1 1 1 1 0]
55,DFS,1.7885105609893799,1068,[0 0 0 0 0 0 0 0 0 0;0 0 0 0 0 0 0 0 0 0;1 1 1 1 0 1 1 1 0 0;1 0 0 1 1 1 5 1 1 0;1 0 0 0 0 2 2 0 1 0;1 0 2 3 0 0 3 0 1 0;1 0 0 1 2 3 1 1 1 0;1 3 1 1 0 1 0 0 1 0;1 0 0 0 0 0 0 0 1 0;1 1 1 1 1 1 1 1 1 0]
55,BFS,4.845384836196899,38,[0 0 0 0 0 0 0 0 0 0;0 0 0 0 0 0 0 0 0 0;1 1 1 1 0 1 1 1 0 0;1 0 0 1 1 1 5 1 1 0;1 0 0 0 0 2 2 0 1 0;1 0 2 3 0 0 3 0 1 0;1 0 0 1 2 3 1 1 1 0;1 3 1 1 0 1 0 0 1 0;1 0 0 0 0 0 0 0 1 0;1 1 1 1 1 1 1 1 1 0]
56,A*,1.534343957901001,64,[1 1 1 1 1 0 0 0 0 0;1 0 0 0 1 1 1 1 0 0;1 2 0 1 0 3 0 1 0 0;1 0 2 0 2 0 1 1 0 0;1 3 2 0 0 3 1 0 0 0;1 0 0 1 1 1 1 0 0 0;1 0 1 1 0 0 0 0 0 0;1 3 0 1 1 0 0 0 0 0;1 0 5 0 1 0 0 0 0 0;1 1 1 1 1 0 0 0 0 0]
56,DFS,0.48254871368408203,174,[1 1 1 1 1 0 0 0 0 0;1 0 0 0 1 1 1 1 0 0;1 2 0 1 0 3 0 1 0 0;1 0 2 0 2 0 1 1 0 0;1 3 2 0 0 3 1 0 0 0;1 0 0 1 1 1 1 0 0 0;1 0 1 1 0 0 0 0 0 0;1 3 0 1 1 0 0 0 0 0;1 0 5 0 1 0 0 0 0 0;1 1 1 1 1 0 0 0 0 0]
56,BFS,0.7469062805175781,64,[1 1 1 1 1 0 0 0 0 0;1 0 0 0 1 1 1 1 0 0;1 2 0 1 0 3 0 1 0 0;1 0 2 0 2 0 1 1 0 0;1 3 2 0 0 3 1 0 0 0;1 0 0 1 1 1 1 0 0 0;1 0 1 1 0 0 0 0 0 0;1 3 0 1 1 0 0 0 0 0;1 0 5 0 1 0 0 0 0 0;1 1 1 1 1 0 0 0 0 0]
57,A*,1.0467681884765625,31,[0 0 0 0 1 1 1 1 1 1;0 0 0 1 1 0 3 0 0 1;0 0 0 1 0 3 0 2 3 1;0 0 0 1 0 2 2 0 0 1;0 0 0 1 1 1 3 2 0 1;0 0 0 0 0 1 0 5 1 1;0 0 0 0 0 1 1 1 1 0;0 0 0 0 0 0 0 0 0 0;0 0 0 0 0 0 0 0 0 0;0 0 0 0 0 0 0 0 0 0]
57,DFS,0.37844419479370117,121,[0 0 0 0 1 1 1 1 1 1;0 0 0 1 1 0 3 0 0 1;0 0 0 1 0 3 0 2 3 1;0 0 0 1 0 2 2 0 0 1;0 0 0 1 1 1 3 2 0 1;0 0 0 0 0 1 0 5 1 1;0 0 0 0 0 1 1 1 1 0;0 0 0 0 0 0 0 0 0 0;0 0 0 0 0 0 0 0 0 0;0 0 0 0 0 0 0 0 0 0]
57,BFS,0.5400576591491699,31,[0 0 0 0 1 1 1 1 1 1;0 0 0 1 1 0 3 0 0 1;0 0 0 1 0 3 0 2 3 1;0 0 0 1 0 2 2 0 0 1;0 0 0 1 1 1 3 2 0 1;0 0 0 0 0 1 0 5 1 1;0 0 0 0 0 1 1 1 1 0;0 0 0 0 0 0 0 0 0 0;0 0 0 0 0 0 0 0 0 0;0 0 0 0 0 0 0 0 0 0]
58,A*,6.757922172546387,62,[1 1 1 1 1 1 1 1 1 1;1 0 0 0 0 0 0 0 0 1;1 2 0 1 2 0 2 0 1 1;1 5 0 1 0 1 1 1 1 0;1 3 3 3 2 0 1 0 0 0;1 0 0 3 0 0 1 1 1 1;1 1 1 1 1 0 0 0 0 1;0 0 0 1 1 0 0 0 1 1;0 0 0 1 0 0 0 0 1 0;0 0 0 1 1 1 1 1 1 0]
58,DFS,4.220267057418823,311,[1 1 1 1 1 1 1 1 1 1;1 0 0 0 0 0 0 0 0 1;1 2 0 1 2 0 2 0 1 1;1 5 0 1 0 1 1 1 1 0;1 3 3 3 2 0 1 0 0 0;1 0 0 3 0 0 1 1 1 1;1 1 1 1 1 0 0 0 0 1;0 0 0 1 1 0 0 0 1 1;0 0 0 1 0 0 0 0 1 0;0 0 0 1 1 1 1 1 1 0]
58,BFS,10.887020826339722,62,[1 1 1 1 1 1 1 1 1 1;1 0 0 0 0 0 0 0 0 1;1 2 0 1 2 0 2 0 1 1;1 5 0 1 0 1 1 1 1 0;1 3 3 3 2 0 1 0 0 0;1 0 0 3 0 0 1 1 1 1;1 1 1 1 1 0 0 0 0 1;0 0 0 1 1 0 0 0 1 1;0 0 0 1 0 0 0 0 1 0;0 0 0 1 1 1 1 1 1 0]
59,A*,3.7414166927337646,54,[0 0 0 0 0 0 0 0 0 0;0 0 0 0 0 0 0 1 1 1;0 0 0 0 0 1 1 1 0 1;1 1 1 1 1 1 0 0 0 1;1 3 0 0 3 0 0 0 0 1;1 3 2 3 1 0 0 0 0 1;1 0 1 1 1 0 0 2 1 1;1 2 2 0 0 0 0 0 1 0;1 5 1 1 1 0 0 0 1 0;1 1 1 0 1 1 1 1 1 0]
59,DFS,1.3891205787658691,288,[0 0 0 0 0 0 0 0 0 0;0 0 0 0 0 0 0 1 1 1;0 0 0 0 0 1 1 1 0 1;1 1 1 1 1 1 0 0 0 1;1 3 0 0 3 0 0 0 0 1;1 3 2 3 1 0 0 0 0 1;1 0 1 1 1 0 0 2 1 1;1 2 2 0 0 0 0 0 1 0;1 5 1 1 1 0 0 0 1 0;1 1 1 0 1 1 1 1 1 0]
59,BFS,2.5526154041290283,54,[0 0 0 0 0 0 0 0 0 0;0 0 0 0 0 0 0 1 1 1;0 0 0 0 0 1 1 1 0 1;1 1 1 1 1 1 0 0 0 1;1 3 0 0 3 0 0 0 0 1;1 3 2 3 1 0 0 0 0 1;1 0 1 1 1 0 0 2 1 1;1 2 2 0 0 0 0 0 1 0;1 5 1 1 1 0 0 0 1 0;1 1 1 0 1 1 1 1 1 0]
60,A*,2.84273624420166,73,[0 0 1 1 1 1 1 1 1 1;1 1 1 3 1 1 0 3 0 1;1 0 5 0 3 0 0 2 3 1;1 1 1 0 2 0 2 0 0 1;0 0 1 1 1 1 1 2 0 1;0 0 0 0 0 0 1 0 0 1;0 0 0 0 0 0 1 1 0 1;0 0 0 0 0 0 0 1 1 1;0 0 0 0 0 0 0 0 0 0;0 0 0 0 0 0 0 0 0 0]
60,DFS,0.7774863243103027,237,[0 0 1 1 1 1 1 1 1 1;1 1 1 3 1 1 0 3 0 1;1 0 5 0 3 0 0 2 3 1;1 1 1 0 2 0 2 0 0 1;0 0 1 1 1 1 1 2 0 1;0 0 0 0 0 0 1 0 0 1;0 0 0 0 0 0 1 1 0 1;0 0 0 0 0 0 0 1 1 1;0 0 0 0 0 0 0 0 0 0;0 0 0 0 0 0 0 0 0 0]
60,BFS,1.3094968795776367,73,[0 0 1 1 1 1 1 1 1 1;1 1 1 3 1 1 0 3 0 1;1 0 5 0 3 0 0 2 3 1;1 1 1 0 2 0 2 0 0 1;0 0 1 1 1 1 1 2 0 1;0 0 0 0 0 0 1 0 0 1;0 0 0 0 0 0 1 1 0 1;0 0 0 0 0 0 0 1 1 1;0 0 0 0 0 0 0 0 0 0;0 0 0 0 0 0 0 0 0 0]
61,A*,4.396563529968262,63,[0 0 0 0 0 0 0 1 1 1;0 0 0 0 0 0 1 1 0 1;0 0 0 1 1 1 1 3 0 1;0 0 0 1 5 2 3 2 0 1;0 0 0 1 1 0 0 0 0 1;0 1 1 1 1 1 1 2 3 1;1 1 0 1 1 1 1 0 0 1;1 0 0 0 0 0 1 2 0 1;1 0 0 0 0 3 0 0 0 1;1 1 1 1 1 1 1 1 1 1]
61,DFS,1.553079605102539,667,[0 0 0 0 0 0 0 1 1 1;0 0 0 0 0 0 1 1 0 1;0 0 0 1 1 1 1 3 0 1;0 0 0 1 5 2 3 2 0 1;0 0 0 1 1 0 0 0 0 1;0 1 1 1 1 1 1 2 3 1;1 1 0 1 1 1 1 0 0 1;1 0 0 0 0 0 1 2 0 1;1 0 0 0 0 3 0 0 0 1;1 1 1 1 1 1 1 1 1 1]
61,BFS,2.8859431743621826,63,[0 0 0 0 0 0 0 1 1 1;0 0 0 0 0 0 1 1 0 1;0 0 0 1 1 1 1 3 0 1;0 0 0 1 5 2 3 2 0 1;0 0 0 1 1 0 0 0 0 1;0 1 1 1 1 1 1 2 3 1;1 1 0 1 1 1 1 0 0 1;1 0 0 0 0 0 1 2 0 1;1 0 0 0 0 3 0 0 0 1;1 1 1 1 1 1 1 1 1 1]
62,A*,6.202851057052612,66,[0 1 1 1 1 1 1 1 1 1;0 1 0 0 0 0 0 0 0 1;0 1 0 0 0 3 0 0 3 1;0 1 1 0 0 1 1 1 0 1;0 0 1 0 0 1 1 0 0 1;0 0 1 1 0 0 1 0 0 1;0 0 0 1 2 1 1 1 0 1;0 0 0 1 5 2 0 2 0 1;0 0 0 1 3 2 0 3 0 1;0 0 0 1 1 1 1 1 1 1]
62,DFS,6.505936861038208,1865,[0 1 1 1 1 1 1 1 1 1;0 1 0 0 0 0 0 0 0 1;0 1 0 0 0 3 0 0 3 1;0 1 1 0 0 1 1 1 0 1;0 0 1 0 0 1 1 0 0 1;0 0 1 1 0 0 1 0 0 1;0 0 0 1 2 1 1 1 0 1;0 0 0 1 5 2 0 2 0 1;0 0 0 1 3 2 0 3 0 1;0 0 0 1 1 1 1 1 1 1]
62,BFS,13.314974784851074,66,[0 1 1 1 1 1 1 1 1 1;0 1 0 0 0 0 0 0 0 1;0 1 0 0 0 3 0 0 3 1;0 1 1 0 0 1 1 1 0 1;0 0 1 0 0 1 1 0 0 1;0 0 1 1 0 0 1 0 0 1;0 0 0 1 2 1 1 1 0 1;0 0 0 1 5 2 0 2 0 1;0 0 0 1 3 2 0 3 0 1;0 0 0 1 1 1 1 1 1 1]
63,A*,9.835633754730225,72,[1 1 1 1 1 1 1 1 1 1;1 0 0 0 0 0 0 0 0 1;1 0 0 3 0 2 0 2 0 1;1 1 1 1 1 1 1 2 0 1;0 0 0 1 1 0 3 2 0 1;0 0 0 1 0 0 3 5 0 1;0 0 0 1 1 0 1 1 1 1;0 0 0 0 1 3 1 0 0 0;0 0 0 0 1 1 1 0 0 0;0 0 0 0 0 0 0 0 0 0]
63,DFS,3.6673498153686523,342,[1 1 1 1 1 1 1 1 1 1;1 0 0 0 0 0 0 0 0 1;1 0 0 3 0 2 0 2 0 1;1 1 1 1 1 1 1 2 0 1;0 0 0 1 1 0 3 2 0 1;0 0 0 1 0 0 3 5 0 1;0 0 0 1 1 0 1 1 1 1;0 0 0 0 1 3 1 0 0 0;0 0 0 0 1 1 1 0 0 0;0 0 0 0 0 0 0 0 0 0]
63,BFS,9.130059480667114,72,[1 1 1 1 1 1 1 1 1 1;1 0 0 0 0 0 0 0 0 1;1 0 0 3 0 2 0 2 0 1;1 1 1 1 1 1 1 2 0 1;0 0 0 1 1 0 3 2 0 1;0 0 0 1 0 0 3 5 0 1;0 0 0 1 1 0 1 1 1 1;0 0 0 0 1 3 1 0 0 0;0 0 0 0 1 1 1 0 0 0;0 0 0 0 0 0 0 0 0 0]
64,A*,11.246387481689453,59,[1 1 1 1 1 1 1 0 0 0;1 0 0 0 0 0 1 0 0 0;1 0 0 3 2 0 1 0 0 0;1 3 1 0 0 1 1 0 0 0;1 0 3 2 1 1 0 0 0 0;1 0 3 2 5 1 0 0 0 0;1 1 0 0 1 1 0 0 0 0;1 1 2 0 0 1 0 0 0 0;1 0 0 0 1 1 0 0 0 0;1 1 1 1 1 0 0 0 0 0]
64,DFS,3.3316032886505127,245,[1 1 1 1 1 1 1 0 0 0;1 0 0 0 0 0 1 0 0 0;1 0 0 3 2 0 1 0 0 0;1 3 1 0 0 1 1 0 0 0;1 0 3 2 1 1 0 0 0 0;1 0 3 2 5 1 0 0 0 0;1 1 0 0 1 1 0 0 0 0;1 1 2 0 0 1 0 0 0 0;1 0 0 0 1 1 0 0 0 0;1 1 1 1 1 0 0 0 0 0]
64,BFS,9.990382194519043,59,[1 1 1 1 1 1 1 0 0 0;1 0 0 0 0 0 1 0 0 0;1 0 0 3 2 0 1 0 0 0;1 3 1 0 0 1 1 0 0 0;1 0 3 2 1 1 0 0 0 0;1 0 3 2 5 1 0 0 0 0;1 1 0 0 1 1 0 0 0 0;1 1 2 0 0 1 0 0 0 0;1 0 0 0 1 1 0 0 0 0;1 1 1 1 1 0 0 0 0 0]
65,A*,38.686784505844116,93,[1 1 1 1 1 1 1 1 1 1;1 0 0 0 0 3 0 3 0 1;1 0 2 0 3 0 0 0 1 1;1 1 1 0 3 1 1 0 0 1;1 0 2 0 1 1 1 0 1 1;1 0 2 0 1 0 1 1 1 0;1 0 1 0 1 1 0 0 0 0;1 5 0 2 0 1 0 0 0 0;1 0 0 0 0 1 0 0 0 0;1 1 1 1 1 1 0 0 0 0]
65,DFS,9.584737300872803,809,[1 1 1 1 1 1 1 1 1 1;1 0 0 0 0 3 0 3 0 1;1 0 2 0 3 0 0 0 1 1;1 1 1 0 3 1 1 0 0 1;1 0 2 0 1 1 1 0 1 1;1 0 2 0 1 0 1 1 1 0;1 0 1 0 1 1 0 0 0 0;1 5 0 2 0 1 0 0 0 0;1 0 0 0 0 1 0 0 0 0;1 1 1 1 1 1 0 0 0 0]
65,BFS,64.08279180526733,93,[1 1 1 1 1 1 1 1 1 1;1 0 0 0 0 3 0 3 0 1;1 0 2 0 3 0 0 0 1 1;1 1 1 0 3 1 1 0 0 1;1 0 2 0 1 1 1 0 1 1;1 0 2 0 1 0 1 1 1 0;1 0 1 0 1 1 0 0 0 0;1 5 0 2 0 1 0 0 0 0;1 0 0 0 0 1 0 0 0 0;1 1 1 1 1 1 0 0 0 0]
66,A*,1.8176023960113525,67,[0 0 0 0 0 0 0 0 0 0;0 0 0 0 0 0 1 1 1 1;0 0 0 0 0 0 1 0 0 1;0 1 1 1 1 1 1 2 0 1;0 1 0 0 0 0 3 0 0 1;0 1 3 2 0 1 3 2 0 1;0 1 1 5 1 1 1 3 0 1;0 1 1 2 1 0 0 1 0 1;0 1 0 0 0 0 0 0 0 1;0 1 1 1 1 1 1 1 1 1]
66,DFS,0.6952273845672607,124,[0 0 0 0 0 0 0 0 0 0;0 0 0 0 0 0 1 1 1 1;0 0 0 0 0 0 1 0 0 1;0 1 1 1 1 1 1 2 0 1;0 1 0 0 0 0 3 0 0 1;0 1 3 2 0 1 3 2 0 1;0 1 1 5 1 1 1 3 0 1;0 1 1 2 1 0 0 1 0 1;0 1 0 0 0 0 0 0 0 1;0 1 1 1 1 1 1 1 1 1]
66,BFS,1.1116561889648438,67,[0 0 0 0 0 0 0 0 0 0;0 0 0 0 0 0 1 1 1 1;0 0 0 0 0 0 1 0 0 1;0 1 1 1 1 1 1 2 0 1;0 1 0 0 0 0 3 0 0 1;0 1 3 2 0 1 3 2 0 1;0 1 1 5 1 1 1 3 0 1;0 1 1 2 1 0 0 1 0 1;0 1 0 0 0 0 0 0 0 1;0 1 1 1 1 1 1 1 1 1]
67,A*,14.29214882850647,66,[0 0 0 0 1 1 1 1 1 1;0 0 0 0 1 0 3 0 0 1;0 0 0 0 1 0 0 2 0 1;0 0 0 0 1 1 1 0 3 1;0 0 0 0 0 1 0 0 3 1;1 1 1 1 0 1 2 2 0 1;1 0 0 1 1 1 0 0 1 1;1 0 5 0 1 0 2 3 1 1;1 0 0 0 0 0 0 0 0 1;1 1 1 1 1 1 1 1 1 1]
67,DFS,5.557011604309082,290,[0 0 0 0 1 1 1 1 1 1;0 0 0 0 1 0 3 0 0 1;0 0 0 0 1 0 0 2 0 1;0 0 0 0 1 1 1 0 3 1;0 0 0 0 0 1 0 0 3 1;1 1 1 1 0 1 2 2 0 1;1 0 0 1 1 1 0 0 1 1;1 0 5 0 1 0 2 3 1 1;1 0 0 0 0 0 0 0 0 1;1 1 1 1 1 1 1 1 1 1]
67,BFS,19.474019289016724,66,[0 0 0 0 1 1 1 1 1 1;0 0 0 0 1 0 3 0 0 1;0 0 0 0 1 0 0 2 0 1;0 0 0 0 1 1 1 0 3 1;0 0 0 0 0 1 0 0 3 1;1 1 1 1 0 1 2 2 0 1;1 0 0 1 1 1 0 0 1 1;1 0 5 0 1 0 2 3 1 1;1 0 0 0 0 0 0 0 0 1;1 1 1 1 1 1 1 1 1 1]
68,A*,0.995760440826416,52,[1 1 1 1 0 0 0 0 0 0;1 0 0 1 0 0 0 0 0 0;1 3 2 1 0 0 0 0 0 0;1 0 3 1 0 0 0 0 0 0;1 3 0 1 0 0 0 0 0 0;1 0 0 1 1 1 0 0 0 0;1 0 3 2 5 1 0 0 0 0;1 2 2 0 1 1 0 0 0 0;1 0 0 0 1 0 0 0 0 0;1 1 1 1 1 0 0 0 0 0]
68,DFS,0.4255056381225586,94,[1 1 1 1 0 0 0 0 0 0;1 0 0 1 0 0 0 0 0 0;1 3 2 1 0 0 0 0 0 0;1 0 3 1 0 0 0 0 0 0;1 3 0 1 0 0 0 0 0 0;1 0 0 1 1 1 0 0 0 0;1 0 3 2 5 1 0 0 0 0;1 2 2 0 1 1 0 0 0 0;1 0 0 0 1 0 0 0 0 0;1 1 1 1 1 0 0 0 0 0]
68,BFS,0.43395352363586426,52,[1 1 1 1 0 0 0 0 0 0;1 0 0 1 0 0 0 0 0 0;1 3 2 1 0 0 0 0 0 0;1 0 3 1 0 0 0 0 0 0;1 3 0 1 0 0 0 0 0 0;1 0 0 1 1 1 0 0 0 0;1 0 3 2 5 1 0 0 0 0;1 2 2 0 1 1 0 0 0 0;1 0 0 0 1 0 0 0 0 0;1 1 1 1 1 0 0 0 0 0]
69,A*,2.6563024520874023,35,[0 0 0 0 0 1 1 1 1 1;0 0 0 0 0 1 0 0 3 1;0 0 0 0 0 1 0 2 0 1;0 0 0 0 1 1 0 2 0 1;0 0 0 0 1 5 2 3 0 1;0 0 0 0 1 1 0 3 2 1;0 0 0 0 1 0 3 0 0 1;0 0 0 0 1 1 0 0 1 1;0 0 0 0 0 1 0 0 0 1;0 0 0 0 0 1 1 1 1 1]
69,DFS,1.0626156330108643,362,[0 0 0 0 0 1 1 1 1 1;0 0 0 0 0 1 0 0 3 1;0 0 0 0 0 1 0 2 0 1;0 0 0 0 1 1 0 2 0 1;0 0 0 0 1 5 2 3 0 1;0 0 0 0 1 1 0 3 2 1;0 0 0 0 1 0 3 0 0 1;0 0 0 0 1 1 0 0 1 1;0 0 0 0 0 1 0 0 0 1;0 0 0 0 0 1 1 1 1 1]
69,BFS,2.335033655166626,35,[0 0 0 0 0 1 1 1 1 1;0 0 0 0 0 1 0 0 3 1;0 0 0 0 0 1 0 2 0 1;0 0 0 0 1 1 0 2 0 1;0 0 0 0 1 5 2 3 0 1;0 0 0 0 1 1 0 3 2 1;0 0 0 0 1 0 3 0 0 1;0 0 0 0 1 1 0 0 1 1;0 0 0 0 0 1 0 0 0 1;0 0 0 0 0 1 1 1 1 1]
70,A*,7.784344911575317,67,[0 0 0 1 1 1 1 1 1 1;0 0 0 1 0 0 0 0 3 1;0 0 0 1 1 1 2 0 1 1;0 0 0 0 0 1 3 3 1 0;0 0 0 0 1 1 1 0 1 0;1 1 1 1 1 0 0 0 1 1;1 0 2 0 0 0 0 0 3 1;1 5 2 0 2 0 0 0 0 1;1 1 1 1 0 1 1 0 0 1;0 0 0 1 1 1 1 1 1 1]
70,DFS,2.1503114700317383,429,[0 0 0 1 1 1 1 1 1 1;0 0 0 1 0 0 0 0 3 1;0 0 0 1 1 1 2 0 1 1;0 0 0 0 0 1 3 3 1 0;0 0 0 0 1 1 1 0 1 0;1 1 1 1 1 0 0 0 1 1;1 0 2 0 0 0 0 0 3 1;1 5 2 0 2 0 0 0 0 1;1 1 1 1 0 1 1 0 0 1;0 0 0 1 1 1 1 1 1 1]
70,BFS,5.914382219314575,67,[0 0 0 1 1 1 1 1 1 1;0 0 0 1 0 0 0 0 3 1;0 0 0 1 1 1 2 0 1 1;0 0 0 0 0 1 3 3 1 0;0 0 0 0 1 1 1 0 1 0;1 1 1 1 1 0 0 0 1 1;1 0 2 0 0 0 0 0 3 1;1 5 2 0 2 0 0 0 0 1;1 1 1 1 0 1 1 0 0 1;0 0 0 1 1 1 1 1 1 1]
71,A*,10.06148386001587,100,[0 0 0 1 1 1 1 1 1 1;0 0 0 1 0 0 3 0 3 1;0 0 0 1 0 0 0 2 0 1;0 0 0 1 1 3 1 1 1 1;1 1 1 1 0 0 1 0 1 1;1 3 0 0 0 0 0 2 0 1;1 0 0 0 1 0 2 0 0 1;1 1 1 1 1 1 0 2 0 1;0 0 0 0 0 1 1 5 1 1;0 0 0 0 0 0 1 1 1 0]
71,DFS,0.8430397510528564,284,[0 0 0 1 1 1 1 1 1 1;0 0 0 1 0 0 3 0 3 1;0 0 0 1 0 0 0 2 0 1;0 0 0 1 1 3 1 1 1 1;1 1 1 1 0 0 1 0 1 1;1 3 0 0 0 0 0 2 0 1;1 0 0 0 1 0 2 0 0 1;1 1 1 1 1 1 0 2 0 1;0 0 0 0 0 1 1 5 1 1;0 0 0 0 0 0 1 1 1 0]
71,BFS,6.3525636196136475,100,[0 0 0 1 1 1 1 1 1 1;0 0 0 1 0 0 3 0 3 1;0 0 0 1 0 0 0 2 0 1;0 0 0 1 1 3 1 1 1 1;1 1 1 1 0 0 1 0 1 1;1 3 0 0 0 0 0 2 0 1;1 0 0 0 1 0 2 0 0 1;1 1 1 1 1 1 0 2 0 1;0 0 0 0 0 1 1 5 1 1;0 0 0 0 0 0 1 1 1 0]
72,A*,0.9932880401611328,52,[1 1 1 0 0 0 0 0 0 0;1 5 1 1 0 0 0 0 0 0;1 2 0 1 1 1 1 0 0 0;1 0 0 1 1 0 1 0 0 0;1 0 2 3 0 0 1 0 0 0;1 0 3 0 2 0 1 0 0 0;1 0 0 1 1 1 1 1 1 0;1 0 1 0 2 0 3 0 1 1;1 3 0 0 0 0 0 0 0 1;1 1 1 1 1 1 1 1 1 1]
72,DFS,0.6161844730377197,108,[1 1 1 0 0 0 0 0 0 0;1 5 1 1 0 0 0 0 0 0;1 2 0 1 1 1 1 0 0 0;1 0 0 1 1 0 1 0 0 0;1 0 2 3 0 0 1 0 0 0;1 0 3 0 2 0 1 0 0 0;1 0 0 1 1 1 1 1 1 0;1 0 1 0 2 0 3 0 1 1;1 3 0 0 0 0 0 0 0 1;1 1 1 1 1 1 1 1 1 1]
72,BFS,0.7287874221801758,52,[1 1 1 0 0 0 0 0 0 0;1 5 1 1 0 0 0 0 0 0;1 2 0 1 1 1 1 0 0 0;1 0 0 1 1 0 1 0 0 0;1 0 2 3 0 0 1 0 0 0;1 0 3 0 2 0 1 0 0 0;1 0 0 1 1 1 1 1 1 0;1 0 1 0 2 0 3 0 1 1;1 3 0 0 0 0 0 0 0 1;1 1 1 1 1 1 1 1 1 1]
73,A*,4.106346130371094,47,[1 1 1 1 1 1 1 1 1 1;1 0 0 0 0 0 3 0 0 1;1 0 3 3 2 0 2 0 1 1;1 3 2 2 0 1 0 1 1 0;1 0 0 1 1 1 1 1 0 0;1 0 1 1 0 0 0 0 0 0;1 0 0 1 0 0 0 0 0 0;1 0 1 1 1 1 0 0 0 0;1 0 5 0 0 1 0 0 0 0;1 1 1 1 1 1 0 0 0 0]
73,DFS,2.3946168422698975,159,[1 1 1 1 1 1 1 1 1 1;1 0 0 0 0 0 3 0 0 1;1 0 3 3 2 0 2 0 1 1;1 3 2 2 0 1 0 1 1 0;1 0 0 1 1 1 1 1 0 0;1 0 1 1 0 0 0 0 0 0;1 0 0 1 0 0 0 0 0 0;1 0 1 1 1 1 0 0 0 0;1 0 5 0 0 1 0 0 0 0;1 1 1 1 1 1 0 0 0 0]
73,BFS,4.061449766159058,47,[1 1 1 1 1 1 1 1 1 1;1 0 0 0 0 0 3 0 0 1;1 0 3 3 2 0 2 0 1 1;1 3 2 2 0 1 0 1 1 0;1 0 0 1 1 1 1 1 0 0;1 0 1 1 0 0 0 0 0 0;1 0 0 1 0 0 0 0 0 0;1 0 1 1 1 1 0 0 0 0;1 0 5 0 0 1 0 0 0 0;1 1 1 1 1 1 0 0 0 0]
74,A*,6.1487956047058105,52,[0 0 0 0 0 0 0 0 0 0;1 1 1 0 0 0 0 0 0 0;1 0 1 1 0 0 0 0 0 0;1 0 0 1 0 1 1 1 0 0;1 0 1 1 1 1 5 1 1 1;1 0 1 1 0 0 2 0 0 1;1 0 1 0 2 2 0 0 1 1;1 0 0 0 0 2 0 1 1 0;1 3 0 3 3 3 0 1 0 0;1 1 1 1 1 1 1 1 0 0]
74,DFS,2.482659101486206,170,[0 0 0 0 0 0 0 0 0 0;1 1 1 0 0 0 0 0 0 0;1 0 1 1 0 0 0 0 0 0;1 0 0 1 0 1 1 1 0 0;1 0 1 1 1 1 5 1 1 1;1 0 1 1 0 0 2 0 0 1;1 0 1 0 2 2 0 0 1 1;1 0 0 0 0 2 0 1 1 0;1 3 0 3 3 3 0 1 0 0;1 1 1 1 1 1 1 1 0 0]
74,BFS,6.6702561378479,52,[0 0 0 0 0 0 0 0 0 0;1 1 1 0 0 0 0 0 0 0;1 0 1 1 0 0 0 0 0 0;1 0 0 1 0 1 1 1 0 0;1 0 1 1 1 1 5 1 1 1;1 0 1 1 0 0 2 0 0 1;1 0 1 0 2 2 0 0 1 1;1 0 0 0 0 2 0 1 1 0;1 3 0 3 3 3 0 1 0 0;1 1 1 1 1 1 1 1 0 0]
75,A*,2.439715623855591,47,[0 0 0 0 0 1 1 1 0 0;0 0 1 1 1 1 0 1 1 1;0 0 1 0 3 0 0 0 0 1;0 0 1 0 2 1 0 2 0 1;0 0 1 0 0 1 1 0 0 1;0 0 1 1 0 0 1 0 3 1;0 1 1 1 3 1 1 0 3 1;1 1 0 1 0 0 1 2 2 1;1 0 0 0 0 0 1 5 0 1;1 1 1 1 1 1 1 1 1 1]
75,DFS,0.4476146697998047,158,[0 0 0 0 0 1 1 1 0 0;0 0 1 1 1 1 0 1 1 1;0 0 1 0 3 0 0 0 0 1;0 0 1 0 2 1 0 2 0 1;0 0 1 0 0 1 1 0 0 1;0 0 1 1 0 0 1 0 3 1;0 1 1 1 3 1 1 0 3 1;1 1 0 1 0 0 1 2 2 1;1 0 0 0 0 0 1 5 0 1;1 1 1 1 1 1 1 1 1 1]
75,BFS,2.3109776973724365,47,[0 0 0 0 0 1 1 1 0 0;0 0 1 1 1 1 0 1 1 1;0 0 1 0 3 0 0 0 0 1;0 0 1 0 2 1 0 2 0 1;0 0 1 0 0 1 1 0 0 1;0 0 1 1 0 0 1 0 3 1;0 1 1 1 3 1 1 0 3 1;1 1 0 1 0 0 1 2 2 1;1 0 0 0 0 0 1 5 0 1;1 1 1 1 1 1 1 1 1 1]
76,A*,1.7952163219451904,48,[0 0 0 0 0 0 0 0 0 0;0 0 0 0 0 0 0 0 0 0;0 0 0 0 0 0 0 0 0 0;0 0 0 0 0 0 0 0 0 0;0 1 1 1 1 0 0 0 0 0;0 1 0 5 1 1 0 0 0 0;1 1 2 2 0 1 1 1 1 1;1 0 0 0 3 2 3 0 0 1;1 0 0 3 3 0 0 2 0 1;1 1 1 1 1 1 1 1 1 1]
76,DFS,0.5955932140350342,122,[0 0 0 0 0 0 0 0 0 0;0 0 0 0 0 0 0 0 0 0;0 0 0 0 0 0 0 0 0 0;0 0 0 0 0 0 0 0 0 0;0 1 1 1 1 0 0 0 0 0;0 1 0 5 1 1 0 0 0 0;1 1 2 2 0 1 1 1 1 1;1 0 0 0 3 2 3 0 0 1;1 0 0 3 3 0 0 2 0 1;1 1 1 1 1 1 1 1 1 1]
76,BFS,0.8630800247192383,48,[0 0 0 0 0 0 0 0 0 0;0 0 0 0 0 0 0 0 0 0;0 0 0 0 0 0 0 0 0 0;0 0 0 0 0 0 0 0 0 0;0 1 1 1 1 0 0 0 0 0;0 1 0 5 1 1 0 0 0 0;1 1 2 2 0 1 1 1 1 1;1 0 0 0 3 2 3 0 0 1;1 0 0 3 3 0 0 2 0 1;1 1 1 1 1 1 1 1 1 1]
77,A*,8.552139282226562,82,[0 0 0 0 0 0 0 1 1 1;0 0 0 0 0 0 0 1 0 1;0 0 1 1 1 1 1 1 0 1;0 0 1 3 0 1 1 0 0 1;0 0 1 0 3 3 1 0 0 1;0 0 1 0 0 0 1 1 0 1;0 0 1 0 0 0 0 0 0 1;0 0 1 1 2 1 2 2 0 1;0 0 1 5 3 0 2 0 0 1;0 0 1 1 1 1 1 1 1 1]
77,DFS,1.277939796447754,254,[0 0 0 0 0 0 0 1 1 1;0 0 0 0 0 0 0 1 0 1;0 0 1 1 1 1 1 1 0 1;0 0 1 3 0 1 1 0 0 1;0 0 1 0 3 3 1 0 0 1;0 0 1 0 0 0 1 1 0 1;0 0 1 0 0 0 0 0 0 1;0 0 1 1 2 1 2 2 0 1;0 0 1 5 3 0 2 0 0 1;0 0 1 1 1 1 1 1 1 1]
77,BFS,6.283265590667725,82,[0 0 0 0 0 0 0 1 1 1;0 0 0 0 0 0 0 1 0 1;0 0 1 1 1 1 1 1 0 1;0 0 1 3 0 1 1 0 0 1;0 0 1 0 3 3 1 0 0 1;0 0 1 0 0 0 1 1 0 1;0 0 1 0 0 0 0 0 0 1;0 0 1 1 2 1 2 2 0 1;0 0 1 5 3 0 2 0 0 1;0 0 1 1 1 1 1 1 1 1]
78,A*,7.059413433074951,62,[1 1 1 1 1 1 1 1 1 1;1 0 0 0 0 0 0 0 0 1;1 2 0 1 2 0 2 0 1 1;1 5 0 1 0 1 1 1 1 0;1 3 3 3 2 0 1 0 0 0;1 0 0 3 0 0 1 1 1 1;1 1 1 1 1 0 0 0 0 1;0 0 0 1 1 0 0 0 1 1;0 0 0 1 0 0 0 0 1 0;0 0 0 1 1 1 1 1 1 0]
78,DFS,4.0332252979278564,311,[1 1 1 1 1 1 1 1 1 1;1 0 0 0 0 0 0 0 0 1;1 2 0 1 2 0 2 0 1 1;1 5 0 1 0 1 1 1 1 0;1 3 3 3 2 0 1 0 0 0;1 0 0 3 0 0 1 1 1 1;1 1 1 1 1 0 0 0 0 1;0 0 0 1 1 0 0 0 1 1;0 0 0 1 0 0 0 0 1 0;0 0 0 1 1 1 1 1 1 0]
78,BFS,10.924921751022339,62,[1 1 1 1 1 1 1 1 1 1;1 0 0 0 0 0 0 0 0 1;1 2 0 1 2 0 2 0 1 1;1 5 0 1 0 1 1 1 1 0;1 3 3 3 2 0 1 0 0 0;1 0 0 3 0 0 1 1 1 1;1 1 1 1 1 0 0 0 0 1;0 0 0 1 1 0 0 0 1 1;0 0 0 1 0 0 0 0 1 0;0 0 0 1 1 1 1 1 1 0]
79,A*,0.18812894821166992,46,[0 0 0 0 0 0 0 0 0 0;1 1 1 1 1 1 1 1 1 0;1 3 0 0 2 0 2 3 1 0;1 0 0 0 2 5 1 1 1 0;1 0 1 1 1 1 1 0 0 0;1 0 1 1 0 0 0 0 0 0;1 0 0 1 1 1 1 0 0 0;1 0 2 1 1 0 1 1 1 1;1 3 0 0 3 0 0 0 0 1;1 1 1 1 1 1 1 1 1 1]
79,DFS,0.036940813064575195,68,[0 0 0 0 0 0 0 0 0 0;1 1 1 1 1 1 1 1 1 0;1 3 0 0 2 0 2 3 1 0;1 0 0 0 2 5 1 1 1 0;1 0 1 1 1 1 1 0 0 0;1 0 1 1 0 0 0 0 0 0;1 0 0 1 1 1 1 0 0 0;1 0 2 1 1 0 1 1 1 1;1 3 0 0 3 0 0 0 0 1;1 1 1 1 1 1 1 1 1 1]
79,BFS,0.09206652641296387,46,[0 0 0 0 0 0 0 0 0 0;1 1 1 1 1 1 1 1 1 0;1 3 0 0 2 0 2 3 1 0;1 0 0 0 2 5 1 1 1 0;1 0 1 1 1 1 1 0 0 0;1 0 1 1 0 0 0 0 0 0;1 0 0 1 1 1 1 0 0 0;1 0 2 1 1 0 1 1 1 1;1 3 0 0 3 0 0 0 0 1;1 1 1 1 1 1 1 1 1 1]
80,A*,0.3174271583557129,36,[0 0 0 0 0 0 1 1 1 1;0 0 0 0 0 1 1 0 3 1;0 0 0 1 1 1 0 0 0 1;0 0 0 1 0 3 2 2 3 1;0 0 0 1 0 0 0 2 0 1;0 0 0 1 1 1 1 0 0 1;0 0 0 0 0 0 1 3 0 1;0 0 0 0 0 0 1 1 2 1;0 0 0 0 0 0 0 1 5 1;0 0 0 0 0 0 0 1 1 1]
80,DFS,0.15176773071289062,94,[0 0 0 0 0 0 1 1 1 1;0 0 0 0 0 1 1 0 3 1;0 0 0 1 1 1 0 0 0 1;0 0 0 1 0 3 2 2 3 1;0 0 0 1 0 0 0 2 0 1;0 0 0 1 1 1 1 0 0 1;0 0 0 0 0 0 1 3 0 1;0 0 0 0 0 0 1 1 2 1;0 0 0 0 0 0 0 1 5 1;0 0 0 0 0 0 0 1 1 1]
80,BFS,0.1649341583251953,36,[0 0 0 0 0 0 1 1 1 1;0 0 0 0 0 1 1 0 3 1;0 0 0 1 1 1 0 0 0 1;0 0 0 1 0 3 2 2 3 1;0 0 0 1 0 0 0 2 0 1;0 0 0 1 1 1 1 0 0 1;0 0 0 0 0 0 1 3 0 1;0 0 0 0 0 0 1 1 2 1;0 0 0 0 0 0 0 1 5 1;0 0 0 0 0 0 0 1 1 1]
81,A*,0.7458477020263672,37,[0 0 0 1 1 1 1 1 1 1;0 0 0 1 3 0 0 3 3 1;0 0 0 1 1 0 2 0 0 1;0 0 0 0 1 1 0 3 1 1;0 0 0 0 0 1 2 2 1 1;0 0 0 0 0 1 0 0 0 1;0 0 0 0 0 1 5 2 0 1;0 0 0 0 0 1 0 0 1 1;0 0 0 0 0 1 1 0 1 0;0 0 0 0 0 0 1 1 1 0]
81,DFS,0.19196081161499023,165,[0 0 0 1 1 1 1 1 1 1;0 0 0 1 3 0 0 3 3 1;0 0 0 1 1 0 2 0 0 1;0 0 0 0 1 1 0 3 1 1;0 0 0 0 0 1 2 2 1 1;0 0 0 0 0 1 0 0 0 1;0 0 0 0 0 1 5 2 0 1;0 0 0 0 0 1 0 0 1 1;0 0 0 0 0 1 1 0 1 0;0 0 0 0 0 0 1 1 1 0]
81,BFS,0.519296407699585,37,[0 0 0 1 1 1 1 1 1 1;0 0 0 1 3 0 0 3 3 1;0 0 0 1 1 0 2 0 0 1;0 0 0 0 1 1 0 3 1 1;0 0 0 0 0 1 2 2 1 1;0 0 0 0 0 1 0 0 0 1;0 0 0 0 0 1 5 2 0 1;0 0 0 0 0 1 0 0 1 1;0 0 0 0 0 1 1 0 1 0;0 0 0 0 0 0 1 1 1 0]
82,A*,3.302558422088623,55,[1 1 1 1 1 1 1 1 1 0;1 0 3 0 0 0 2 5 1 0;1 3 0 0 2 3 1 0 1 0;1 0 0 1 1 3 0 1 1 0;1 0 2 0 0 2 0 1 0 0;1 0 0 1 0 0 1 1 0 0;1 1 1 1 1 1 1 0 0 0;0 0 0 0 0 0 0 0 0 0;0 0 0 0 0 0 0 0 0 0;0 0 0 0 0 0 0 0 0 0]
82,DFS,0.9172048568725586,73,[1 1 1 1 1 1 1 1 1 0;1 0 3 0 0 0 2 5 1 0;1 3 0 0 2 3 1 0 1 0;1 0 0 1 1 3 0 1 1 0;1 0 2 0 0 2 0 1 0 0;1 0 0 1 0 0 1 1 0 0;1 1 1 1 1 1 1 0 0 0;0 0 0 0 0 0 0 0 0 0;0 0 0 0 0 0 0 0 0 0;0 0 0 0 0 0 0 0 0 0]
82,BFS,2.3359375,55,[1 1 1 1 1 1 1 1 1 0;1 0 3 0 0 0 2 5 1 0;1 3 0 0 2 3 1 0 1 0;1 0 0 1 1 3 0 1 1 0;1 0 2 0 0 2 0 1 0 0;1 0 0 1 0 0 1 1 0 0;1 1 1 1 1 1 1 0 0 0;0 0 0 0 0 0 0 0 0 0;0 0 0 0 0 0 0 0 0 0;0 0 0 0 0 0 0 0 0 0]
83,A*,0.7735774517059326,42,[0 0 0 0 0 0 1 1 1 0;0 0 0 0 0 0 1 5 1 0;0 0 0 0 0 0 1 2 1 1;0 0 0 0 0 0 1 0 0 1;0 0 0 0 0 1 1 0 0 1;0 0 0 0 0 1 0 0 2 1;0 0 0 1 1 1 2 0 0 1;1 1 1 1 0 1 0 2 3 1;1 0 0 3 3 0 0 3 0 1;1 1 1 1 1 1 1 1 1 1]
83,DFS,0.32746195793151855,102,[0 0 0 0 0 0 1 1 1 0;0 0 0 0 0 0 1 5 1 0;0 0 0 0 0 0 1 2 1 1;0 0 0 0 0 0 1 0 0 1;0 0 0 0 0 1 1 0 0 1;0 0 0 0 0 1 0 0 2 1;0 0 0 1 1 1 2 0 0 1;1 1 1 1 0 1 0 2 3 1;1 0 0 3 3 0 0 3 0 1;1 1 1 1 1 1 1 1 1 1]
83,BFS,0.5097801685333252,42,[0 0 0 0 0 0 1 1 1 0;0 0 0 0 0 0 1 5 1 0;0 0 0 0 0 0 1 2 1 1;0 0 0 0 0 0 1 0 0 1;0 0 0 0 0 1 1 0 0 1;0 0 0 0 0 1 0 0 2 1;0 0 0 1 1 1 2 0 0 1;1 1 1 1 0 1 0 2 3 1;1 0 0 3 3 0 0 3 0 1;1 1 1 1 1 1 1 1 1 1]
84,A*,2.2197139263153076,48,[1 1 1 1 1 1 1 1 1 1;1 0 0 0 0 0 0 0 0 1;1 0 3 0 0 2 0 1 3 1;1 1 1 1 1 1 0 0 5 1;0 0 0 0 0 1 0 2 0 1;0 0 0 0 1 1 1 1 0 1;0 0 0 0 1 0 0 3 0 1;0 0 1 1 1 1 2 2 0 1;0 0 1 0 0 3 0 0 0 1;0 0 1 1 1 1 1 1 1 1]
84,DFS,1.706432819366455,104,[1 1 1 1 1 1 1 1 1 1;1 0 0 0 0 0 0 0 0 1;1 0 3 0 0 2 0 1 3 1;1 1 1 1 1 1 0 0 5 1;0 0 0 0 0 1 0 2 0 1;0 0 0 0 1 1 1 1 0 1;0 0 0 0 1 0 0 3 0 1;0 0 1 1 1 1 2 2 0 1;0 0 1 0 0 3 0 0 0 1;0 0 1 1 1 1 1 1 1 1]
84,BFS,2.352726459503174,48,[1 1 1 1 1 1 1 1 1 1;1 0 0 0 0 0 0 0 0 1;1 0 3 0 0 2 0 1 3 1;1 1 1 1 1 1 0 0 5 1;0 0 0 0 0 1 0 2 0 1;0 0 0 0 1 1 1 1 0 1;0 0 0 0 1 0 0 3 0 1;0 0 1 1 1 1 2 2 0 1;0 0 1 0 0 3 0 0 0 1;0 0 1 1 1 1 1 1 1 1]
85,A*,1.174400806427002,34,[0 0 0 0 0 1 1 1 1 1;0 0 0 0 1 1 0 0 3 1;0 0 0 1 1 0 2 0 1 1;0 0 0 1 5 2 3 0 0 1;1 1 1 1 1 0 2 2 0 1;1 0 1 1 1 0 0 3 1 1;1 0 0 0 0 1 0 3 0 1;1 0 0 0 1 1 1 0 1 1;1 0 0 0 0 0 0 0 0 1;1 1 1 1 1 1 1 1 1 1]
85,DFS,0.43140435218811035,87,[0 0 0 0 0 1 1 1 1 1;0 0 0 0 1 1 0 0 3 1;0 0 0 1 1 0 2 0 1 1;0 0 0 1 5 2 3 0 0 1;1 1 1 1 1 0 2 2 0 1;1 0 1 1 1 0 0 3 1 1;1 0 0 0 0 1 0 3 0 1;1 0 0 0 1 1 1 0 1 1;1 0 0 0 0 0 0 0 0 1;1 1 1 1 1 1 1 1 1 1]
85,BFS,0.8744070529937744,34,[0 0 0 0 0 1 1 1 1 1;0 0 0 0 1 1 0 0 3 1;0 0 0 1 1 0 2 0 1 1;0 0 0 1 5 2 3 0 0 1;1 1 1 1 1 0 2 2 0 1;1 0 1 1 1 0 0 3 1 1;1 0 0 0 0 1 0 3 0 1;1 0 0 0 1 1 1 0 1 1;1 0 0 0 0 0 0 0 0 1;1 1 1 1 1 1 1 1 1 1]
86,A*,53.87669086456299,102,[1 1 1 1 0 0 0 0 0 0;1 0 0 1 0 0 0 0 0 0;1 0 3 1 1 1 1 1 1 1;1 0 0 0 0 0 3 2 0 1;1 3 0 3 1 0 0 2 0 1;1 0 0 1 1 1 1 2 0 1;1 0 0 0 1 0 1 0 5 1;1 0 0 0 1 0 1 2 0 1;1 0 0 1 1 0 1 0 0 1;1 1 1 1 0 0 1 1 1 1]
86,DFS,17.342135906219482,2925,[1 1 1 1 0 0 0 0 0 0;1 0 0 1 0 0 0 0 0 0;1 0 3 1 1 1 1 1 1 1;1 0 0 0 0 0 3 2 0 1;1 3 0 3 1 0 0 2 0 1;1 0 0 1 1 1 1 2 0 1;1 0 0 0 1 0 1 0 5 1;1 0 0 0 1 0 1 2 0 1;1 0 0 1 1 0 1 0 0 1;1 1 1 1 0 0 1 1 1 1]
86,BFS,101.51142454147339,102,[1 1 1 1 0 0 0 0 0 0;1 0 0 1 0 0 0 0 0 0;1 0 3 1 1 1 1 1 1 1;1 0 0 0 0 0 3 2 0 1;1 3 0 3 1 0 0 2 0 1;1 0 0 1 1 1 1 2 0 1;1 0 0 0 1 0 1 0 5 1;1 0 0 0 1 0 1 2 0 1;1 0 0 1 1 0 1 0 0 1;1 1 1 1 0 0 1 1 1 1]
87,A*,10.749121189117432,86,[0 1 1 1 1 1 1 1 1 0;0 1 5 2 3 0 3 0 1 0;0 1 0 2 0 0 0 1 1 0;0 1 1 1 1 1 0 0 1 0;0 0 0 0 1 1 3 1 1 0;0 1 1 1 1 0 0 0 1 0;1 1 0 1 1 0 0 1 1 0;1 0 0 3 2 2 0 1 1 1;1 0 0 0 0 0 0 0 0 1;1 1 1 1 1 1 1 1 1 1]
87,DFS,3.127314329147339,450,[0 1 1 1 1 1 1 1 1 0;0 1 5 2 3 0 3 0 1 0;0 1 0 2 0 0 0 1 1 0;0 1 1 1 1 1 0 0 1 0;0 0 0 0 1 1 3 1 1 0;0 1 1 1 1 0 0 0 1 0;1 1 0 1 1 0 0 1 1 0;1 0 0 3 2 2 0 1 1 1;1 0 0 0 0 0 0 0 0 1;1 1 1 1 1 1 1 1 1 1]
87,BFS,8.758699178695679,86,[0 1 1 1 1 1 1 1 1 0;0 1 5 2 3 0 3 0 1 0;0 1 0 2 0 0 0 1 1 0;0 1 1 1 1 1 0 0 1 0;0 0 0 0 1 1 3 1 1 0;0 1 1 1 1 0 0 0 1 0;1 1 0 1 1 0 0 1 1 0;1 0 0 3 2 2 0 1 1 1;1 0 0 0 0 0 0 0 0 1;1 1 1 1 1 1 1 1 1 1]
88,A*,37.12466335296631,65,[0 0 0 1 1 1 1 1 1 1;0 0 1 1 0 0 1 0 0 1;1 1 1 0 2 0 0 2 0 1;1 0 1 0 0 0 5 0 0 1;1 3 0 1 2 0 1 1 1 1;1 0 3 0 2 0 3 0 1 0;1 0 0 3 0 1 0 0 1 0;1 0 1 1 1 1 1 1 1 0;1 0 1 0 0 0 0 0 0 0;1 1 1 0 0 0 0 0 0 0]
88,DFS,6.736882209777832,477,[0 0 0 1 1 1 1 1 1 1;0 0 1 1 0 0 1 0 0 1;1 1 1 0 2 0 0 2 0 1;1 0 1 0 0 0 5 0 0 1;1 3 0 1 2 0 1 1 1 1;1 0 3 0 2 0 3 0 1 0;1 0 0 3 0 1 0 0 1 0;1 0 1 1 1 1 1 1 1 0;1 0 1 0 0 0 0 0 0 0;1 1 1 0 0 0 0 0 0 0]
88,BFS,72.3533411026001,65,[0 0 0 1 1 1 1 1 1 1;0 0 1 1 0 0 1 0 0 1;1 1 1 0 2 0 0 2 0 1;1 0 1 0 0 0 5 0 0 1;1 3 0 1 2 0 1 1 1 1;1 0 3 0 2 0 3 0 1 0;1 0 0 3 0 1 0 0 1 0;1 0 1 1 1 1 1 1 1 0;1 0 1 0 0 0 0 0 0 0;1 1 1 0 0 0 0 0 0 0]
89,A*,9.73328423500061,45,[1 1 1 1 1 1 1 1 1 0;1 0 1 1 5 1 1 0 1 0;1 0 0 0 2 0 0 0 1 0;1 3 3 2 0 2 0 3 1 0;1 0 2 0 0 0 1 1 1 0;1 3 0 1 1 1 1 0 0 0;1 0 1 1 0 0 0 0 0 0;1 0 0 1 0 0 0 0 0 0;1 0 0 1 0 0 0 0 0 0;1 1 1 1 0 0 0 0 0 0]
89,DFS,3.112740993499756,273,[1 1 1 1 1 1 1 1 1 0;1 0 1 1 5 1 1 0 1 0;1 0 0 0 2 0 0 0 1 0;1 3 3 2 0 2 0 3 1 0;1 0 2 0 0 0 1 1 1 0;1 3 0 1 1 1 1 0 0 0;1 0 1 1 0 0 0 0 0 0;1 0 0 1 0 0 0 0 0 0;1 0 0 1 0 0 0 0 0 0;1 1 1 1 0 0 0 0 0 0]
89,BFS,11.302724361419678,45,[1 1 1 1 1 1 1 1 1 0;1 0 1 1 5 1 1 0 1 0;1 0 0 0 2 0 0 0 1 0;1 3 3 2 0 2 0 3 1 0;1 0 2 0 0 0 1 1 1 0;1 3 0 1 1 1 1 0 0 0;1 0 1 1 0 0 0 0 0 0;1 0 0 1 0 0 0 0 0 0;1 0 0 1 0 0 0 0 0 0;1 1 1 1 0 0 0 0 0 0]
90,A*,7.812075853347778,52,[1 1 1 1 0 0 0 0 0 0;1 3 0 1 0 0 0 0 0 0;1 0 2 1 1 1 1 0 0 0;1 0 0 0 1 0 1 0 0 0;1 0 0 3 2 0 1 0 0 0;1 0 0 0 0 0 1 1 1 1;1 2 1 1 1 2 0 0 0 1;1 5 1 1 0 0 3 0 0 1;1 1 1 1 0 0 0 3 0 1;0 0 0 1 1 1 1 1 1 1]
90,DFS,2.4498918056488037,472,[1 1 1 1 0 0 0 0 0 0;1 3 0 1 0 0 0 0 0 0;1 0 2 1 1 1 1 0 0 0;1 0 0 0 1 0 1 0 0 0;1 0 0 3 2 0 1 0 0 0;1 0 0 0 0 0 1 1 1 1;1 2 1 1 1 2 0 0 0 1;1 5 1 1 0 0 3 0 0 1;1 1 1 1 0 0 0 3 0 1;0 0 0 1 1 1 1 1 1 1]
90,BFS,12.851851463317871,52,[1 1 1 1 0 0 0 0 0 0;1 3 0 1 0 0 0 0 0 0;1 0 2 1 1 1 1 0 0 0;1 0 0 0 1 0 1 0 0 0;1 0 0 3 2 0 1 0 0 0;1 0 0 0 0 0 1 1 1 1;1 2 1 1 1 2 0 0 0 1;1 5 1 1 0 0 3 0 0 1;1 1 1 1 0 0 0 3 0 1;0 0 0 1 1 1 1 1 1 1]
91,A*,2.0426859855651855,42,[0 0 0 0 0 0 0 0 0 0;0 0 0 0 0 0 0 1 1 1;0 0 1 1 1 0 0 1 5 1;1 1 1 0 1 1 1 1 0 1;1 0 0 3 0 0 0 2 0 1;1 3 0 2 3 0 3 2 0 1;1 0 1 1 1 0 0 1 1 1;1 0 1 1 0 2 1 1 0 0;1 0 0 0 0 0 1 0 0 0;1 1 1 1 1 1 1 0 0 0]
91,DFS,2.4774792194366455,410,[0 0 0 0 0 0 0 0 0 0;0 0 0 0 0 0 0 1 1 1;0 0 1 1 1 0 0 1 5 1;1 1 1 0 1 1 1 1 0 1;1 0 0 3 0 0 0 2 0 1;1 3 0 2 3 0 3 2 0 1;1 0 1 1 1 0 0 1 1 1;1 0 1 1 0 2 1 1 0 0;1 0 0 0 0 0 1 0 0 0;1 1 1 1 1 1 1 0 0 0]
91,BFS,2.023247241973877,42,[0 0 0 0 0 0 0 0 0 0;0 0 0 0 0 0 0 1 1 1;0 0 1 1 1 0 0 1 5 1;1 1 1 0 1 1 1 1 0 1;1 0 0 3 0 0 0 2 0 1;1 3 0 2 3 0 3 2 0 1;1 0 1 1 1 0 0 1 1 1;1 0 1 1 0 2 1 1 0 0;1 0 0 0 0 0 1 0 0 0;1 1 1 1 1 1 1 0 0 0]
92,A*,0.8744332790374756,52,[0 0 0 0 0 0 0 0 0 0;0 0 0 0 0 0 0 0 0 0;1 1 1 1 1 1 1 0 0 0;1 0 0 3 0 0 1 0 0 0;1 0 0 1 3 2 1 0 0 0;1 0 0 1 2 0 1 1 0 0;1 0 2 1 0 0 0 1 0 0;1 0 0 1 2 3 1 1 0 0;1 5 0 3 0 0 1 0 0 0;1 1 1 1 1 1 1 0 0 0]
92,DFS,0.47420740127563477,264,[0 0 0 0 0 0 0 0 0 0;0 0 0 0 0 0 0 0 0 0;1 1 1 1 1 1 1 0 0 0;1 0 0 3 0 0 1 0 0 0;1 0 0 1 3 2 1 0 0 0;1 0 0 1 2 0 1 1 0 0;1 0 2 1 0 0 0 1 0 0;1 0 0 1 2 3 1 1 0 0;1 5 0 3 0 0 1 0 0 0;1 1 1 1 1 1 1 0 0 0]
92,BFS,0.6095576286315918,52,[0 0 0 0 0 0 0 0 0 0;0 0 0 0 0 0 0 0 0 0;1 1 1 1 1 1 1 0 0 0;1 0 0 3 0 0 1 0 0 0;1 0 0 1 3 2 1 0 0 0;1 0 0 1 2 0 1 1 0 0;1 0 2 1 0 0 0 1 0 0;1 0 0 1 2 3 1 1 0 0;1 5 0 3 0 0 1 0 0 0;1 1 1 1 1 1 1 0 0 0]
93,A*,1.9816770553588867,93,[0 0 0 0 0 0 1 1 1 1;0 0 0 0 0 0 1 0 3 1;0 0 0 0 0 1 1 2 0 1;0 0 0 0 0 1 5 0 0 1;0 0 0 0 0 1 1 2 0 1;0 0 1 1 1 0 1 0 0 1;1 1 1 0 1 1 1 0 0 1;1 0 3 0 0 0 3 2 0 1;1 0 2 0 3 1 1 0 0 1;1 1 1 1 1 1 1 1 1 1]
93,DFS,0.6855273246765137,121,[0 0 0 0 0 0 1 1 1 1;0 0 0 0 0 0 1 0 3 1;0 0 0 0 0 1 1 2 0 1;0 0 0 0 0 1 5 0 0 1;0 0 0 0 0 1 1 2 0 1;0 0 1 1 1 0 1 0 0 1;1 1 1 0 1 1 1 0 0 1;1 0 3 0 0 0 3 2 0 1;1 0 2 0 3 1 1 0 0 1;1 1 1 1 1 1 1 1 1 1]
93,BFS,0.9087259769439697,93,[0 0 0 0 0 0 1 1 1 1;0 0 0 0 0 0 1 0 3 1;0 0 0 0 0 1 1 2 0 1;0 0 0 0 0 1 5 0 0 1;0 0 0 0 0 1 1 2 0 1;0 0 1 1 1 0 1 0 0 1;1 1 1 0 1 1 1 0 0 1;1 0 3 0 0 0 3 2 0 1;1 0 2 0 3 1 1 0 0 1;1 1 1 1 1 1 1 1 1 1]
94,A*,1.4325122833251953,42,[0 0 0 0 0 0 0 0 0 0;0 0 0 0 0 1 1 1 1 1;0 0 0 0 0 1 0 0 0 1;0 0 0 0 0 1 3 2 0 1;0 0 0 0 0 1 1 2 3 1;0 0 0 0 0 1 1 0 0 1;0 0 1 1 1 1 0 0 0 1;0 0 1 5 2 0 0 2 3 1;0 0 1 0 1 0 0 3 0 1;0 0 1 1 1 1 1 1 1 1]
94,DFS,0.3519439697265625,143,[0 0 0 0 0 0 0 0 0 0;0 0 0 0 0 1 1 1 1 1;0 0 0 0 0 1 0 0 0 1;0 0 0 0 0 1 3 2 0 1;0 0 0 0 0 1 1 2 3 1;0 0 0 0 0 1 1 0 0 1;0 0 1 1 1 1 0 0 0 1;0 0 1 5 2 0 0 2 3 1;0 0 1 0 1 0 0 3 0 1;0 0 1 1 1 1 1 1 1 1]
94,BFS,1.3400745391845703,42,[0 0 0 0 0 0 0 0 0 0;0 0 0 0 0 1 1 1 1 1;0 0 0 0 0 1 0 0 0 1;0 0 0 0 0 1 3 2 0 1;0 0 0 0 0 1 1 2 3 1;0 0 0 0 0 1 1 0 0 1;0 0 1 1 1 1 0 0 0 1;0 0 1 5 2 0 0 2 3 1;0 0 1 0 1 0 0 3 0 1;0 0 1 1 1 1 1 1 1 1]
95,A*,5.861969232559204,49,[0 1 1 1 1 0 0 0 0 0;1 1 3 0 1 1 1 1 1 1;1 5 2 0 0 0 0 0 0 1;1 0 2 0 1 0 1 2 2 1;1 1 0 0 1 1 1 0 0 1;0 1 0 0 0 1 1 1 0 1;0 1 0 3 3 0 0 0 0 1;0 1 0 0 0 1 0 1 0 1;0 1 0 0 1 1 1 1 3 1;0 1 1 1 1 0 0 1 1 1]
95,DFS,3.354005813598633,1919,[0 1 1 1 1 0 0 0 0 0;1 1 3 0 1 1 1 1 1 1;1 5 2 0 0 0 0 0 0 1;1 0 2 0 1 0 1 2 2 1;1 1 0 0 1 1 1 0 0 1;0 1 0 0 0 1 1 1 0 1;0 1 0 3 3 0 0 0 0 1;0 1 0 0 0 1 0 1 0 1;0 1 0 0 1 1 1 1 3 1;0 1 1 1 1 0 0 1 1 1]
95,BFS,20.73238778114319,49,[0 1 1 1 1 0 0 0 0 0;1 1 3 0 1 1 1 1 1 1;1 5 2 0 0 0 0 0 0 1;1 0 2 0 1 0 1 2 2 1;1 1 0 0 1 1 1 0 0 1;0 1 0 0 0 1 1 1 0 1;0 1 0 3 3 0 0 0 0 1;0 1 0 0 0 1 0 1 0 1;0 1 0 0 1 1 1 1 3 1;0 1 1 1 1 0 0 1 1 1]
96,A*,2.7456607818603516,58,[1 1 1 0 0 0 0 0 0 0;1 0 1 1 0 0 0 0 0 0;1 3 0 1 0 0 0 0 0 0;1 3 2 1 0 0 0 0 0 0;1 0 0 1 1 1 1 0 0 0;1 0 0 0 2 0 1 0 0 0;1 0 0 0 2 5 1 0 0 0;1 2 3 1 1 1 1 0 0 0;1 0 0 0 3 1 0 0 0 0;1 1 1 1 1 1 0 0 0 0]
96,DFS,0.6047348976135254,169,[1 1 1 0 0 0 0 0 0 0;1 0 1 1 0 0 0 0 0 0;1 3 0 1 0 0 0 0 0 0;1 3 2 1 0 0 0 0 0 0;1 0 0 1 1 1 1 0 0 0;1 0 0 0 2 0 1 0 0 0;1 0 0 0 2 5 1 0 0 0;1 2 3 1 1 1 1 0 0 0;1 0 0 0 3 1 0 0 0 0;1 1 1 1 1 1 0 0 0 0]
96,BFS,0.9526433944702148,58,[1 1 1 0 0 0 0 0 0 0;1 0 1 1 0 0 0 0 0 0;1 3 0 1 0 0 0 0 0 0;1 3 2 1 0 0 0 0 0 0;1 0 0 1 1 1 1 0 0 0;1 0 0 0 2 0 1 0 0 0;1 0 0 0 2 5 1 0 0 0;1 2 3 1 1 1 1 0 0 0;1 0 0 0 3 1 0 0 0 0;1 1 1 1 1 1 0 0 0 0]
97,A*,0.24223065376281738,28,[0 0 0 0 0 0 0 1 1 1;0 0 0 0 1 1 1 1 0 1;0 0 0 0 1 0 1 1 0 1;0 0 0 0 1 0 0 0 3 1;0 0 0 0 1 0 2 0 0 1;0 0 0 0 1 1 0 2 3 1;0 0 0 0 0 1 1 3 3 1;0 0 0 0 0 0 1 2 2 1;0 0 0 0 0 0 1 0 5 1;0 0 0 0 0 0 1 1 1 1]
97,DFS,0.08987689018249512,30,[0 0 0 0 0 0 0 1 1 1;0 0 0 0 1 1 1 1 0 1;0 0 0 0 1 0 1 1 0 1;0 0 0 0 1 0 0 0 3 1;0 0 0 0 1 0 2 0 0 1;0 0 0 0 1 1 0 2 3 1;0 0 0 0 0 1 1 3 3 1;0 0 0 0 0 0 1 2 2 1;0 0 0 0 0 0 1 0 5 1;0 0 0 0 0 0 1 1 1 1]
97,BFS,0.23857569694519043,28,[0 0 0 0 0 0 0 1 1 1;0 0 0 0 1 1 1 1 0 1;0 0 0 0 1 0 1 1 0 1;0 0 0 0 1 0 0 0 3 1;0 0 0 0 1 0 2 0 0 1;0 0 0 0 1 1 0 2 3 1;0 0 0 0 0 1 1 3 3 1;0 0 0 0 0 0 1 2 2 1;0 0 0 0 0 0 1 0 5 1;0 0 0 0 0 0 1 1 1 1]
98,A*,53.371875286102295,82,[1 1 1 1 1 1 1 1 1 1;1 0 0 0 5 0 0 0 0 1;1 0 0 2 0 0 2 0 0 1;1 3 1 1 1 1 1 0 0 1;1 0 1 0 0 1 1 0 0 1;1 0 0 0 3 1 1 0 0 1;1 0 0 2 0 0 1 1 0 1;1 1 1 2 0 1 1 1 0 1;0 0 1 0 0 3 0 0 3 1;0 0 1 1 1 1 1 1 1 1]
98,DFS,9.473063707351685,1230,[1 1 1 1 1 1 1 1 1 1;1 0 0 0 5 0 0 0 0 1;1 0 0 2 0 0 2 0 0 1;1 3 1 1 1 1 1 0 0 1;1 0 1 0 0 1 1 0 0 1;1 0 0 0 3 1 1 0 0 1;1 0 0 2 0 0 1 1 0 1;1 1 1 2 0 1 1 1 0 1;0 0 1 0 0 3 0 0 3 1;0 0 1 1 1 1 1 1 1 1]
98,BFS,177.6852798461914,82,[1 1 1 1 1 1 1 1 1 1;1 0 0 0 5 0 0 0 0 1;1 0 0 2 0 0 2 0 0 1;1 3 1 1 1 1 1 0 0 1;1 0 1 0 0 1 1 0 0 1;1 0 0 0 3 1 1 0 0 1;1 0 0 2 0 0 1 1 0 1;1 1 1 2 0 1 1 1 0 1;0 0 1 0 0 3 0 0 3 1;0 0 1 1 1 1 1 1 1 1]
99,A*,52.09940314292908,68,[0 0 0 0 0 0 0 0 0 0;0 0 0 1 1 1 1 1 1 1;1 1 1 1 0 1 1 0 0 1;1 0 0 0 0 0 0 0 1 1;1 0 2 0 0 2 0 0 1 0;1 0 1 1 1 1 0 1 1 1;1 5 0 1 0 0 0 2 0 1;1 0 2 1 3 0 0 0 0 1;1 0 3 0 3 0 0 0 3 1;1 1 1 1 1 1 1 1 1 1]
99,DFS,14.614064455032349,756,[0 0 0 0 0 0 0 0 0 0;0 0 0 1 1 1 1 1 1 1;1 1 1 1 0 1 1 0 0 1;1 0 0 0 0 0 0 0 1 1;1 0 2 0 0 2 0 0 1 0;1 0 1 1 1 1 0 1 1 1;1 5 0 1 0 0 0 2 0 1;1 0 2 1 3 0 0 0 0 1;1 0 3 0 3 0 0 0 3 1;1 1 1 1 1 1 1 1 1 1]
99,BFS,677.7632687091827,68,[0 0 0 0 0 0 0 0 0 0;0 0 0 1 1 1 1 1 1 1;1 1 1 1 0 1 1 0 0 1;1 0 0 0 0 0 0 0 1 1;1 0 2 0 0 2 0 0 1 0;1 0 1 1 1 1 0 1 1 1;1 5 0 1 0 0 0 2 0 1;1 0 2 1 3 0 0 0 0 1;1 0 3 0 3 0 0 0 3 1;1 1 1 1 1 1 1 1 1 1]
100,A*,3.3035888671875,40,[0 0 0 0 0 0 0 0 0 0;0 0 0 0 0 0 0 0 0 0;0 0 0 1 1 1 0 0 0 0;1 1 1 1 0 1 1 0 0 0;1 0 0 5 3 0 1 0 0 0;1 0 0 1 2 2 1 1 0 0;1 0 1 1 0 0 0 1 1 0;1 0 3 3 0 2 2 0 1 1;1 0 0 3 0 0 0 0 0 1;1 1 1 1 1 1 1 1 1 1]
100,DFS,3.571781873703003,422,[0 0 0 0 0 0 0 0 0 0;0 0 0 0 0 0 0 0 0 0;0 0 0 1 1 1 0 0 0 0;1 1 1 1 0 1 1 0 0 0;1 0 0 5 3 0 1 0 0 0;1 0 0 1 2 2 1 1 0 0;1 0 1 1 0 0 0 1 1 0;1 0 3 3 0 2 2 0 1 1;1 0 0 3 0 0 0 0 0 1;1 1 1 1 1 1 1 1 1 1]
100,BFS,5.540475368499756,40,[0 0 0 0 0 0 0 0 0 0;0 0 0 0 0 0 0 0 0 0;0 0 0 1 1 1 0 0 0 0;1 1 1 1 0 1 1 0 0 0;1 0 0 5 3 0 1 0 0 0;1 0 0 1 2 2 1 1 0 0;1 0 1 1 0 0 0 1 1 0;1 0 3 3 0 2 2 0 1 1;1 0 0 3 0 0 0 0 0 1;1 1 1 1 1 1 1 1 1 1]
101,A*,13.35982871055603,57,[0 0 0 1 1 1 1 1 1 0;0 0 0 1 3 0 0 0 1 0;0 0 1 1 0 0 2 1 1 0;0 0 1 0 0 0 0 1 1 1;0 0 1 0 0 3 0 0 0 1;0 0 1 1 2 0 1 1 0 1;0 1 1 0 5 1 1 1 0 1;1 1 3 2 2 1 1 1 0 1;1 0 0 0 0 0 3 0 0 1;1 1 1 1 1 1 1 1 1 1]
101,DFS,6.793295860290527,705,[0 0 0 1 1 1 1 1 1 0;0 0 0 1 3 0 0 0 1 0;0 0 1 1 0 0 2 1 1 0;0 0 1 0 0 0 0 1 1 1;0 0 1 0 0 3 0 0 0 1;0 0 1 1 2 0 1 1 0 1;0 1 1 0 5 1 1 1 0 1;1 1 3 2 2 1 1 1 0 1;1 0 0 0 0 0 3 0 0 1;1 1 1 1 1 1 1 1 1 1]
101,BFS,17.443674087524414,57,[0 0 0 1 1 1 1 1 1 0;0 0 0 1 3 0 0 0 1 0;0 0 1 1 0 0 2 1 1 0;0 0 1 0 0 0 0 1 1 1;0 0 1 0 0 3 0 0 0 1;0 0 1 1 2 0 1 1 0 1;0 1 1 0 5 1 1 1 0 1;1 1 3 2 2 1 1 1 0 1;1 0 0 0 0 0 3 0 0 1;1 1 1 1 1 1 1 1 1 1]
102,A*,3.2004542350769043,49,[1 1 1 1 0 0 0 0 0 0;1 5 0 1 0 0 0 0 0 0;1 2 1 1 0 0 0 0 0 0;1 0 3 1 1 1 0 0 0 0;1 0 0 0 3 1 0 0 0 0;1 0 2 0 0 1 1 0 0 0;1 0 1 2 0 0 1 0 0 0;1 3 2 3 0 1 1 0 0 0;1 0 0 0 0 1 0 0 0 0;1 1 1 1 1 1 0 0 0 0]
102,DFS,1.1831257343292236,241,[1 1 1 1 0 0 0 0 0 0;1 5 0 1 0 0 0 0 0 0;1 2 1 1 0 0 0 0 0 0;1 0 3 1 1 1 0 0 0 0;1 0 0 0 3 1 0 0 0 0;1 0 2 0 0 1 1 0 0 0;1 0 1 2 0 0 1 0 0 0;1 3 2 3 0 1 1 0 0 0;1 0 0 0 0 1 0 0 0 0;1 1 1 1 1 1 0 0 0 0]
102,BFS,2.411412239074707,49,[1 1 1 1 0 0 0 0 0 0;1 5 0 1 0 0 0 0 0 0;1 2 1 1 0 0 0 0 0 0;1 0 3 1 1 1 0 0 0 0;1 0 0 0 3 1 0 0 0 0;1 0 2 0 0 1 1 0 0 0;1 0 1 2 0 0 1 0 0 0;1 3 2 3 0 1 1 0 0 0;1 0 0 0 0 1 0 0 0 0;1 1 1 1 1 1 0 0 0 0]
103,A*,36.96809983253479,85,[1 1 1 1 1 1 1 1 1 1;1 3 0 0 0 0 3 0 3 1;1 0 1 0 2 0 0 0 0 1;1 0 1 1 1 1 1 0 1 1;1 0 0 1 0 1 1 0 1 0;1 0 1 1 0 1 0 0 1 0;1 0 0 1 1 1 2 2 1 1;1 0 0 0 0 0 3 2 5 1;1 0 0 0 0 0 1 0 1 1;1 1 1 1 1 1 1 1 1 0]
103,DFS,3.4059605598449707,1360,[1 1 1 1 1 1 1 1 1 1;1 3 0 0 0 0 3 0 3 1;1 0 1 0 2 0 0 0 0 1;1 0 1 1 1 1 1 0 1 1;1 0 0 1 0 1 1 0 1 0;1 0 1 1 0 1 0 0 1 0;1 0 0 1 1 1 2 2 1 1;1 0 0 0 0 0 3 2 5 1;1 0 0 0 0 0 1 0 1 1;1 1 1 1 1 1 1 1 1 0]
103,BFS,74.15420794487,85,[1 1 1 1 1 1 1 1 1 1;1 3 0 0 0 0 3 0 3 1;1 0 1 0 2 0 0 0 0 1;1 0 1 1 1 1 1 0 1 1;1 0 0 1 0 1 1 0 1 0;1 0 1 1 0 1 0 0 1 0;1 0 0 1 1 1 2 2 1 1;1 0 0 0 0 0 3 2 5 1;1 0 0 0 0 0 1 0 1 1;1 1 1 1 1 1 1 1 1 0]
104,A*,3.6926822662353516,47,[1 1 1 1 1 1 1 1 1 1;1 0 0 0 0 0 3 0 0 1;1 0 3 3 2 0 2 0 1 1;1 3 2 2 0 1 0 1 1 0;1 0 0 1 1 1 1 1 0 0;1 0 1 1 0 0 0 0 0 0;1 0 0 1 0 0 0 0 0 0;1 0 1 1 1 1 0 0 0 0;1 0 5 0 0 1 0 0 0 0;1 1 1 1 1 1 0 0 0 0]
104,DFS,2.4161570072174072,159,[1 1 1 1 1 1 1 1 1 1;1 0 0 0 0 0 3 0 0 1;1 0 3 3 2 0 2 0 1 1;1 3 2 2 0 1 0 1 1 0;1 0 0 1 1 1 1 1 0 0;1 0 1 1 0 0 0 0 0 0;1 0 0 1 0 0 0 0 0 0;1 0 1 1 1 1 0 0 0 0;1 0 5 0 0 1 0 0 0 0;1 1 1 1 1 1 0 0 0 0]
104,BFS,3.842837333679199,47,[1 1 1 1 1 1 1 1 1 1;1 0 0 0 0 0 3 0 0 1;1 0 3 3 2 0 2 0 1 1;1 3 2 2 0 1 0 1 1 0;1 0 0 1 1 1 1 1 0 0;1 0 1 1 0 0 0 0 0 0;1 0 0 1 0 0 0 0 0 0;1 0 1 1 1 1 0 0 0 0;1 0 5 0 0 1 0 0 0 0;1 1 1 1 1 1 0 0 0 0]
105,A*,0.4309060573577881,35,[0 1 1 1 1 1 1 1 1 1;0 1 3 0 0 0 0 0 0 1;0 1 0 2 0 3 2 0 3 1;0 1 1 1 1 1 3 2 0 1;0 0 0 0 0 1 1 0 2 1;0 0 0 0 0 0 1 1 5 1;0 0 0 0 0 0 0 1 1 1;0 0 0 0 0 0 0 0 0 0;0 0 0 0 0 0 0 0 0 0;0 0 0 0 0 0 0 0 0 0]
105,DFS,0.2744274139404297,95,[0 1 1 1 1 1 1 1 1 1;0 1 3 0 0 0 0 0 0 1;0 1 0 2 0 3 2 0 3 1;0 1 1 1 1 1 3 2 0 1;0 0 0 0 0 1 1 0 2 1;0 0 0 0 0 0 1 1 5 1;0 0 0 0 0 0 0 1 1 1;0 0 0 0 0 0 0 0 0 0;0 0 0 0 0 0 0 0 0 0;0 0 0 0 0 0 0 0 0 0]
105,BFS,0.20633578300476074,35,[0 1 1 1 1 1 1 1 1 1;0 1 3 0 0 0 0 0 0 1;0 1 0 2 0 3 2 0 3 1;0 1 1 1 1 1 3 2 0 1;0 0 0 0 0 1 1 0 2 1;0 0 0 0 0 0 1 1 5 1;0 0 0 0 0 0 0 1 1 1;0 0 0 0 0 0 0 0 0 0;0 0 0 0 0 0 0 0 0 0;0 0 0 0 0 0 0 0 0 0]
106,A*,5.232394695281982,60,[1 1 1 1 1 1 1 1 1 1;1 3 0 0 3 0 0 2 5 1;1 3 0 2 0 1 0 0 3 1;1 0 1 1 1 1 1 1 0 1;1 0 1 1 1 1 1 0 0 1;1 0 0 2 0 1 1 0 0 1;1 0 0 0 0 2 0 0 0 1;1 1 1 1 0 0 0 0 0 1;0 0 0 1 1 1 1 1 1 1;0 0 0 0 0 0 0 0 0 0]
106,DFS,1.552330732345581,602,[1 1 1 1 1 1 1 1 1 1;1 3 0 0 3 0 0 2 5 1;1 3 0 2 0 1 0 0 3 1;1 0 1 1 1 1 1 1 0 1;1 0 1 1 1 1 1 0 0 1;1 0 0 2 0 1 1 0 0 1;1 0 0 0 0 2 0 0 0 1;1 1 1 1 0 0 0 0 0 1;0 0 0 1 1 1 1 1 1 1;0 0 0 0 0 0 0 0 0 0]
106,BFS,4.891484260559082,60,[1 1 1 1 1 1 1 1 1 1;1 3 0 0 3 0 0 2 5 1;1 3 0 2 0 1 0 0 3 1;1 0 1 1 1 1 1 1 0 1;1 0 1 1 1 1 1 0 0 1;1 0 0 2 0 1 1 0 0 1;1 0 0 0 0 2 0 0 0 1;1 1 1 1 0 0 0 0 0 1;0 0 0 1 1 1 1 1 1 1;0 0 0 0 0 0 0 0 0 0]
107,A*,4.740851640701294,43,[0 1 1 1 1 1 1 1 1 1;0 1 0 0 0 5 0 0 0 1;0 1 0 3 0 2 2 3 3 1;0 1 0 2 0 0 2 3 0 1;0 1 1 1 1 1 1 0 0 1;0 0 0 0 0 0 1 1 0 1;0 0 0 0 0 0 0 1 1 1;0 0 0 0 0 0 0 0 0 0;0 0 0 0 0 0 0 0 0 0;0 0 0 0 0 0 0 0 0 0]
107,DFS,1.6126770973205566,238,[0 1 1 1 1 1 1 1 1 1;0 1 0 0 0 5 0 0 0 1;0 1 0 3 0 2 2 3 3 1;0 1 0 2 0 0 2 3 0 1;0 1 1 1 1 1 1 0 0 1;0 0 0 0 0 0 1 1 0 1;0 0 0 0 0 0 0 1 1 1;0 0 0 0 0 0 0 0 0 0;0 0 0 0 0 0 0 0 0 0;0 0 0 0 0 0 0 0 0 0]
107,BFS,3.129985809326172,43,[0 1 1 1 1 1 1 1 1 1;0 1 0 0 0 5 0 0 0 1;0 1 0 3 0 2 2 3 3 1;0 1 0 2 0 0 2 3 0 1;0 1 1 1 1 1 1 0 0 1;0 0 0 0 0 0 1 1 0 1;0 0 0 0 0 0 0 1 1 1;0 0 0 0 0 0 0 0 0 0;0 0 0 0 0 0 0 0 0 0;0 0 0 0 0 0 0 0 0 0]
108,A*,24.621033430099487,96,[1 1 1 1 1 1 1 1 1 1;1 0 3 5 0 0 0 0 0 1;1 3 0 0 0 0 0 0 0 1;1 0 1 1 1 1 1 0 0 1;1 0 3 0 0 0 3 2 0 1;1 0 2 0 2 0 2 0 1 1;1 0 0 1 1 1 1 1 1 0;1 1 1 1 0 0 0 0 0 0;0 0 0 0 0 0 0 0 0 0;0 0 0 0 0 0 0 0 0 0]
108,DFS,10.980489253997803,835,[1 1 1 1 1 1 1 1 1 1;1 0 3 5 0 0 0 0 0 1;1 3 0 0 0 0 0 0 0 1;1 0 1 1 1 1 1 0 0 1;1 0 3 0 0 0 3 2 0 1;1 0 2 0 2 0 2 0 1 1;1 0 0 1 1 1 1 1 1 0;1 1 1 1 0 0 0 0 0 0;0 0 0 0 0 0 0 0 0 0;0 0 0 0 0 0 0 0 0 0]
108,BFS,46.32768106460571,96,[1 1 1 1 1 1 1 1 1 1;1 0 3 5 0 0 0 0 0 1;1 3 0 0 0 0 0 0 0 1;1 0 1 1 1 1 1 0 0 1;1 0 3 0 0 0 3 2 0 1;1 0 2 0 2 0 2 0 1 1;1 0 0 1 1 1 1 1 1 0;1 1 1 1 0 0 0 0 0 0;0 0 0 0 0 0 0 0 0 0;0 0 0 0 0 0 0 0 0 0]
109,A*,1.7848875522613525,42,[1 1 1 1 1 1 1 1 0 0;1 0 3 3 0 2 5 1 0 0;1 0 0 0 0 2 0 1 0 0;1 0 3 2 0 1 1 1 0 0;1 3 2 1 1 1 0 0 0 0;1 0 0 1 0 0 0 0 0 0;1 0 1 1 0 0 0 0 0 0;1 0 1 0 0 0 0 0 0 0;1 1 1 0 0 0 0 0 0 0;0 0 0 0 0 0 0 0 0 0]
109,DFS,0.6460886001586914,270,[1 1 1 1 1 1 1 1 0 0;1 0 3 3 0 2 5 1 0 0;1 0 0 0 0 2 0 1 0 0;1 0 3 2 0 1 1 1 0 0;1 3 2 1 1 1 0 0 0 0;1 0 0 1 0 0 0 0 0 0;1 0 1 1 0 0 0 0 0 0;1 0 1 0 0 0 0 0 0 0;1 1 1 0 0 0 0 0 0 0;0 0 0 0 0 0 0 0 0 0]
109,BFS,0.9971528053283691,42,[1 1 1 1 1 1 1 1 0 0;1 0 3 3 0 2 5 1 0 0;1 0 0 0 0 2 0 1 0 0;1 0 3 2 0 1 1 1 0 0;1 3 2 1 1 1 0 0 0 0;1 0 0 1 0 0 0 0 0 0;1 0 1 1 0 0 0 0 0 0;1 0 1 0 0 0 0 0 0 0;1 1 1 0 0 0 0 0 0 0;0 0 0 0 0 0 0 0 0 0]
110,A*,1.829533338546753,45,[0 0 0 0 0 0 0 0 0 0;1 1 1 1 0 0 0 0 0 0;1 0 0 1 1 1 1 0 0 0;1 0 2 1 1 5 1 0 0 0;1 0 3 1 1 2 1 1 0 0;1 0 2 1 0 0 0 1 0 0;1 0 2 3 0 3 0 1 0 0;1 3 0 0 0 0 1 1 0 0;1 0 1 1 1 1 1 0 0 0;1 1 1 0 0 0 0 0 0 0]
110,DFS,1.6910033226013184,71,[0 0 0 0 0 0 0 0 0 0;1 1 1 1 0 0 0 0 0 0;1 0 0 1 1 1 1 0 0 0;1 0 2 1 1 5 1 0 0 0;1 0 3 1 1 2 1 1 0 0;1 0 2 1 0 0 0 1 0 0;1 0 2 3 0 3 0 1 0 0;1 3 0 0 0 0 1 1 0 0;1 0 1 1 1 1 1 0 0 0;1 1 1 0 0 0 0 0 0 0]
110,BFS,1.3665838241577148,45,[0 0 0 0 0 0 0 0 0 0;1 1 1 1 0 0 0 0 0 0;1 0 0 1 1 1 1 0 0 0;1 0 2 1 1 5 1 0 0 0;1 0 3 1 1 2 1 1 0 0;1 0 2 1 0 0 0 1 0 0;1 0 2 3 0 3 0 1 0 0;1 3 0 0 0 0 1 1 0 0;1 0 1 1 1 1 1 0 0 0;1 1 1 0 0 0 0 0 0 0]
111,A*,0.3105621337890625,29,[0 0 0 0 0 0 0 0 0 0;0 0 0 0 0 0 0 0 0 0;0 0 0 0 0 0 0 0 0 0;0 0 0 0 0 0 1 1 1 0;0 0 0 0 0 1 1 0 1 1;0 0 0 0 1 1 3 2 0 1;0 0 0 0 1 5 2 0 0 1;0 0 1 1 1 0 2 0 3 1;0 0 1 3 0 0 2 3 0 1;0 0 1 1 1 1 1 1 1 1]
111,DFS,0.0496370792388916,63,[0 0 0 0 0 0 0 0 0 0;0 0 0 0 0 0 0 0 0 0;0 0 0 0 0 0 0 0 0 0;0 0 0 0 0 0 1 1 1 0;0 0 0 0 0 1 1 0 1 1;0 0 0 0 1 1 3 2 0 1;0 0 0 0 1 5 2 0 0 1;0 0 1 1 1 0 2 0 3 1;0 0 1 3 0 0 2 3 0 1;0 0 1 1 1 1 1 1 1 1]
111,BFS,0.12546586990356445,29,[0 0 0 0 0 0 0 0 0 0;0 0 0 0 0 0 0 0 0 0;0 0 0 0 0 0 0 0 0 0;0 0 0 0 0 0 1 1 1 0;0 0 0 0 0 1 1 0 1 1;0 0 0 0 1 1 3 2 0 1;0 0 0 0 1 5 2 0 0 1;0 0 1 1 1 0 2 0 3 1;0 0 1 3 0 0 2 3 0 1;0 0 1 1 1 1 1 1 1 1]
112,A*,36.60427188873291,95,[0 0 0 0 0 0 0 0 0 0;1 1 1 1 0 0 0 0 0 0;1 0 0 1 1 1 1 1 1 0;1 0 2 2 0 0 2 5 1 0;1 0 0 3 0 0 0 1 1 0;1 0 1 0 0 3 1 1 0 0;1 0 3 1 0 1 1 0 0 0;1 0 0 3 2 0 1 1 1 0;1 0 0 0 0 0 0 0 1 0;1 1 1 1 1 1 1 1 1 0]
112,DFS,14.523577213287354,865,[0 0 0 0 0 0 0 0 0 0;1 1 1 1 0 0 0 0 0 0;1 0 0 1 1 1 1 1 1 0;1 0 2 2 0 0 2 5 1 0;1 0 0 3 0 0 0 1 1 0;1 0 1 0 0 3 1 1 0 0;1 0 3 1 0 1 1 0 0 0;1 0 0 3 2 0 1 1 1 0;1 0 0 0 0 0 0 0 1 0;1 1 1 1 1 1 1 1 1 0]
112,BFS,52.121891498565674,95,[0 0 0 0 0 0 0 0 0 0;1 1 1 1 0 0 0 0 0 0;1 0 0 1 1 1 1 1 1 0;1 0 2 2 0 0 2 5 1 0;1 0 0 3 0 0 0 1 1 0;1 0 1 0 0 3 1 1 0 0;1 0 3 1 0 1 1 0 0 0;1 0 0 3 2 0 1 1 1 0;1 0 0 0 0 0 0 0 1 0;1 1 1 1 1 1 1 1 1 0]
113,A*,0.5502970218658447,36,[0 0 0 0 0 0 0 0 0 0;0 0 0 0 0 0 1 1 1 1;0 0 0 0 0 0 1 5 0 1;0 0 0 0 0 0 1 2 0 1;0 0 0 0 0 1 1 0 0 1;0 0 0 0 0 1 3 0 3 1;0 0 0 0 0 1 0 2 0 1;0 0 1 1 1 1 3 2 2 1;0 0 1 0 3 0 0 0 0 1;0 0 1 1 1 1 1 1 1 1]
113,DFS,0.32422971725463867,73,[0 0 0 0 0 0 0 0 0 0;0 0 0 0 0 0 1 1 1 1;0 0 0 0 0 0 1 5 0 1;0 0 0 0 0 0 1 2 0 1;0 0 0 0 0 1 1 0 0 1;0 0 0 0 0 1 3 0 3 1;0 0 0 0 0 1 0 2 0 1;0 0 1 1 1 1 3 2 2 1;0 0 1 0 3 0 0 0 0 1;0 0 1 1 1 1 1 1 1 1]
113,BFS,0.46838879585266113,36,[0 0 0 0 0 0 0 0 0 0;0 0 0 0 0 0 1 1 1 1;0 0 0 0 0 0 1 5 0 1;0 0 0 0 0 0 1 2 0 1;0 0 0 0 0 1 1 0 0 1;0 0 0 0 0 1 3 0 3 1;0 0 0 0 0 1 0 2 0 1;0 0 1 1 1 1 3 2 2 1;0 0 1 0 3 0 0 0 0 1;0 0 1 1 1 1 1 1 1 1]
114,A*,22.118229389190674,86,[0 0 0 0 0 0 0 0 0 0;0 0 0 0 0 0 0 0 0 0;0 0 0 0 0 0 1 1 1 1;1 1 1 1 1 1 1 0 0 1;1 0 2 0 0 0 0 2 0 1;1 0 1 0 0 2 1 2 0 1;1 0 1 1 5 0 1 0 0 1;1 0 0 1 0 0 3 0 0 1;1 0 0 0 3 3 3 1 0 1;1 1 1 1 1 1 1 1 1 1]
114,DFS,9.52389907836914,570,[0 0 0 0 0 0 0 0 0 0;0 0 0 0 0 0 0 0 0 0;0 0 0 0 0 0 1 1 1 1;1 1 1 1 1 1 1 0 0 1;1 0 2 0 0 0 0 2 0 1;1 0 1 0 0 2 1 2 0 1;1 0 1 1 5 0 1 0 0 1;1 0 0 1 0 0 3 0 0 1;1 0 0 0 3 3 3 1 0 1;1 1 1 1 1 1 1 1 1 1]
114,BFS,23.105953693389893,86,[0 0 0 0 0 0 0 0 0 0;0 0 0 0 0 0 0 0 0 0;0 0 0 0 0 0 1 1 1 1;1 1 1 1 1 1 1 0 0 1;1 0 2 0 0 0 0 2 0 1;1 0 1 0 0 2 1 2 0 1;1 0 1 1 5 0 1 0 0 1;1 0 0 1 0 0 3 0 0 1;1 0 0 0 3 3 3 1 0 1;1 1 1 1 1 1 1 1 1 1]
115,A*,4.743361473083496,67,[0 0 0 0 0 0 0 0 0 0;0 0 0 0 0 0 0 0 0 0;0 0 0 0 0 0 0 0 0 0;0 0 0 0 0 0 1 1 1 1;0 0 0 0 0 1 1 0 0 1;1 1 1 1 0 1 5 2 0 1;1 0 0 1 1 1 0 2 3 1;1 0 2 0 1 0 3 2 0 1;1 0 0 3 0 0 0 3 0 1;1 1 1 1 1 1 1 1 1 1]
115,DFS,0.608910322189331,167,[0 0 0 0 0 0 0 0 0 0;0 0 0 0 0 0 0 0 0 0;0 0 0 0 0 0 0 0 0 0;0 0 0 0 0 0 1 1 1 1;0 0 0 0 0 1 1 0 0 1;1 1 1 1 0 1 5 2 0 1;1 0 0 1 1 1 0 2 3 1;1 0 2 0 1 0 3 2 0 1;1 0 0 3 0 0 0 3 0 1;1 1 1 1 1 1 1 1 1 1]
115,BFS,2.5768814086914062,67,[0 0 0 0 0 0 0 0 0 0;0 0 0 0 0 0 0 0 0 0;0 0 0 0 0 0 0 0 0 0;0 0 0 0 0 0 1 1 1 1;0 0 0 0 0 1 1 0 0 1;1 1 1 1 0 1 5 2 0 1;1 0 0 1 1 1 0 2 3 1;1 0 2 0 1 0 3 2 0 1;1 0 0 3 0 0 0 3 0 1;1 1 1 1 1 1 1 1 1 1]
116,A*,71.2415189743042,76,[1 1 1 1 1 1 1 1 1 1;1 0 0 0 0 0 0 0 0 1;1 0 0 0 1 0 2 2 0 1;1 0 1 1 1 1 0 2 0 1;1 0 1 3 0 1 0 0 0 1;1 0 0 0 0 0 0 2 0 1;1 0 3 0 3 5 3 1 1 1;1 1 1 1 1 1 1 1 0 0;0 0 0 0 0 0 0 0 0 0;0 0 0 0 0 0 0 0 0 0]
116,DFS,39.10194778442383,622,[1 1 1 1 1 1 1 1 1 1;1 0 0 0 0 0 0 0 0 1;1 0 0 0 1 0 2 2 0 1;1 0 1 1 1 1 0 2 0 1;1 0 1 3 0 1 0 0 0 1;1 0 0 0 0 0 0 2 0 1;1 0 3 0 3 5 3 1 1 1;1 1 1 1 1 1 1 1 0 0;0 0 0 0 0 0 0 0 0 0;0 0 0 0 0 0 0 0 0 0]
116,BFS,168.00182628631592,76,[1 1 1 1 1 1 1 1 1 1;1 0 0 0 0 0 0 0 0 1;1 0 0 0 1 0 2 2 0 1;1 0 1 1 1 1 0 2 0 1;1 0 1 3 0 1 0 0 0 1;1 0 0 0 0 0 0 2 0 1;1 0 3 0 3 5 3 1 1 1;1 1 1 1 1 1 1 1 0 0;0 0 0 0 0 0 0 0 0 0;0 0 0 0 0 0 0 0 0 0]
117,A*,3.8368005752563477,41,[1 1 1 1 1 1 1 1 1 0;1 0 0 0 0 0 0 3 1 0;1 0 3 2 0 0 1 1 1 0;1 0 3 3 1 1 1 0 0 0;1 0 2 0 0 1 0 0 0 0;1 0 2 0 0 1 0 0 0 0;1 0 1 2 0 1 0 0 0 0;1 1 1 5 1 1 0 0 0 0;0 0 1 1 1 0 0 0 0 0;0 0 0 0 0 0 0 0 0 0]
117,DFS,2.3189055919647217,825,[1 1 1 1 1 1 1 1 1 0;1 0 0 0 0 0 0 3 1 0;1 0 3 2 0 0 1 1 1 0;1 0 3 3 1 1 1 0 0 0;1 0 2 0 0 1 0 0 0 0;1 0 2 0 0 1 0 0 0 0;1 0 1 2 0 1 0 0 0 0;1 1 1 5 1 1 0 0 0 0;0 0 1 1 1 0 0 0 0 0;0 0 0 0 0 0 0 0 0 0]
117,BFS,5.21572732925415,41,[1 1 1 1 1 1 1 1 1 0;1 0 0 0 0 0 0 3 1 0;1 0 3 2 0 0 1 1 1 0;1 0 3 3 1 1 1 0 0 0;1 0 2 0 0 1 0 0 0 0;1 0 2 0 0 1 0 0 0 0;1 0 1 2 0 1 0 0 0 0;1 1 1 5 1 1 0 0 0 0;0 0 1 1 1 0 0 0 0 0;0 0 0 0 0 0 0 0 0 0]
118,A*,32.204333782196045,71,[0 1 1 1 1 1 1 1 1 0;1 1 0 0 0 0 0 0 1 0;1 0 2 0 0 0 2 0 1 1;1 0 0 3 1 1 1 1 0 1;1 1 3 0 3 0 0 0 5 1;0 1 0 0 1 0 0 2 0 1;0 1 1 1 1 1 1 0 3 1;0 0 0 0 0 0 1 2 0 1;0 0 0 0 0 0 1 0 0 1;0 0 0 0 0 0 1 1 1 1]
118,DFS,15.592768669128418,1775,[0 1 1 1 1 1 1 1 1 0;1 1 0 0 0 0 0 0 1 0;1 0 2 0 0 0 2 0 1 1;1 0 0 3 1 1 1 1 0 1;1 1 3 0 3 0 0 0 5 1;0 1 0 0 1 0 0 2 0 1;0 1 1 1 1 1 1 0 3 1;0 0 0 0 0 0 1 2 0 1;0 0 0 0 0 0 1 0 0 1;0 0 0 0 0 0 1 1 1 1]
118,BFS,77.59579348564148,71,[0 1 1 1 1 1 1 1 1 0;1 1 0 0 0 0 0 0 1 0;1 0 2 0 0 0 2 0 1 1;1 0 0 3 1 1 1 1 0 1;1 1 3 0 3 0 0 0 5 1;0 1 0 0 1 0 0 2 0 1;0 1 1 1 1 1 1 0 3 1;0 0 0 0 0 0 1 2 0 1;0 0 0 0 0 0 1 0 0 1;0 0 0 0 0 0 1 1 1 1]
119,A*,0.8091714382171631,50,[1 1 1 1 0 0 0 0 0 0;1 0 0 1 1 1 1 0 0 0;1 0 2 1 1 0 1 1 1 1;1 0 0 0 0 0 3 3 0 1;1 0 1 0 1 0 2 3 5 1;1 0 1 1 1 1 1 2 1 1;1 0 1 1 0 0 0 0 0 1;1 0 1 1 0 2 3 1 1 1;1 0 0 0 0 0 0 1 0 0;1 1 1 1 1 1 1 1 0 0]
119,DFS,2.26631760597229,110,[1 1 1 1 0 0 0 0 0 0;1 0 0 1 1 1 1 0 0 0;1 0 2 1 1 0 1 1 1 1;1 0 0 0 0 0 3 3 0 1;1 0 1 0 1 0 2 3 5 1;1 0 1 1 1 1 1 2 1 1;1 0 1 1 0 0 0 0 0 1;1 0 1 1 0 2 3 1 1 1;1 0 0 0 0 0 0 1 0 0;1 1 1 1 1 1 1 1 0 0]
119,BFS,1.1774866580963135,50,[1 1 1 1 0 0 0 0 0 0;1 0 0 1 1 1 1 0 0 0;1 0 2 1 1 0 1 1 1 1;1 0 0 0 0 0 3 3 0 1;1 0 1 0 1 0 2 3 5 1;1 0 1 1 1 1 1 2 1 1;1 0 1 1 0 0 0 0 0 1;1 0 1 1 0 2 3 1 1 1;1 0 0 0 0 0 0 1 0 0;1 1 1 1 1 1 1 1 0 0]
120,A*,47.91813015937805,101,[1 1 1 1 1 0 0 0 0 0;1 0 0 0 1 0 0 0 0 0;1 0 2 2 1 1 1 1 0 0;1 0 0 0 0 2 5 1 1 1;1 0 3 0 2 0 1 0 0 1;1 1 0 0 1 0 1 0 0 1;0 1 1 1 0 3 1 3 0 1;0 0 0 1 0 0 0 0 0 1;0 0 0 1 1 0 0 3 0 1;0 0 0 0 1 1 1 1 1 1]
120,DFS,14.30075216293335,1226,[1 1 1 1 1 0 0 0 0 0;1 0 0 0 1 0 0 0 0 0;1 0 2 2 1 1 1 1 0 0;1 0 0 0 0 2 5 1 1 1;1 0 3 0 2 0 1 0 0 1;1 1 0 0 1 0 1 0 0 1;0 1 1 1 0 3 1 3 0 1;0 0 0 1 0 0 0 0 0 1;0 0 0 1 1 0 0 3 0 1;0 0 0 0 1 1 1 1 1 1]
120,BFS,69.3353819847107,101,[1 1 1 1 1 0 0 0 0 0;1 0 0 0 1 0 0 0 0 0;1 0 2 2 1 1 1 1 0 0;1 0 0 0 0 2 5 1 1 1;1 0 3 0 2 0 1 0 0 1;1 1 0 0 1 0 1 0 0 1;0 1 1 1 0 3 1 3 0 1;0 0 0 1 0 0 0 0 0 1;0 0 0 1 1 0 0 3 0 1;0 0 0 0 1 1 1 1 1 1]
121,A*,1.6903443336486816,49,[1 1 1 1 0 0 0 0 0 0;1 0 0 1 0 0 0 0 0 0;1 0 2 1 0 0 0 0 0 0;1 0 0 1 1 1 0 0 0 0;1 3 0 0 0 1 1 0 0 0;1 0 1 0 3 0 1 0 0 0;1 0 1 1 0 0 1 1 1 0;1 0 0 2 0 0 2 0 1 0;1 0 2 3 0 3 1 5 1 0;1 1 1 1 1 1 1 1 1 0]
121,DFS,1.3045501708984375,335,[1 1 1 1 0 0 0 0 0 0;1 0 0 1 0 0 0 0 0 0;1 0 2 1 0 0 0 0 0 0;1 0 0 1 1 1 0 0 0 0;1 3 0 0 0 1 1 0 0 0;1 0 1 0 3 0 1 0 0 0;1 0 1 1 0 0 1 1 1 0;1 0 0 2 0 0 2 0 1 0;1 0 2 3 0 3 1 5 1 0;1 1 1 1 1 1 1 1 1 0]
121,BFS,1.4143812656402588,49,[1 1 1 1 0 0 0 0 0 0;1 0 0 1 0 0 0 0 0 0;1 0 2 1 0 0 0 0 0 0;1 0 0 1 1 1 0 0 0 0;1 3 0 0 0 1 1 0 0 0;1 0 1 0 3 0 1 0 0 0;1 0 1 1 0 0 1 1 1 0;1 0 0 2 0 0 2 0 1 0;1 0 2 3 0 3 1 5 1 0;1 1 1 1 1 1 1 1 1 0]
122,A*,1.2847518920898438,39,[0 0 0 0 1 1 1 1 1 1;0 0 0 0 1 0 0 0 0 1;0 0 0 0 1 3 0 0 3 1;0 0 0 0 1 1 3 2 0 1;0 0 0 0 0 1 1 0 0 1;0 0 0 0 1 1 1 2 0 1;0 0 0 0 1 5 2 0 0 1;0 0 0 0 1 1 0 2 3 1;0 0 0 0 0 1 1 0 0 1;0 0 0 0 0 0 1 1 1 1]
122,DFS,0.6150493621826172,65,[0 0 0 0 1 1 1 1 1 1;0 0 0 0 1 0 0 0 0 1;0 0 0 0 1 3 0 0 3 1;0 0 0 0 1 1 3 2 0 1;0 0 0 0 0 1 1 0 0 1;0 0 0 0 1 1 1 2 0 1;0 0 0 0 1 5 2 0 0 1;0 0 0 0 1 1 0 2 3 1;0 0 0 0 0 1 1 0 0 1;0 0 0 0 0 0 1 1 1 1]
122,BFS,1.284280776977539,39,[0 0 0 0 1 1 1 1 1 1;0 0 0 0 1 0 0 0 0 1;0 0 0 0 1 3 0 0 3 1;0 0 0 0 1 1 3 2 0 1;0 0 0 0 0 1 1 0 0 1;0 0 0 0 1 1 1 2 0 1;0 0 0 0 1 5 2 0 0 1;0 0 0 0 1 1 0 2 3 1;0 0 0 0 0 1 1 0 0 1;0 0 0 0 0 0 1 1 1 1]
123,A*,5.688482284545898,66,[0 0 0 0 0 0 0 0 0 0;0 0 0 0 0 0 0 0 0 0;0 0 0 0 0 0 0 0 0 0;0 0 0 0 0 0 0 0 0 0;1 1 1 1 1 1 1 1 1 0;1 3 1 0 0 1 1 0 1 1;1 0 3 0 2 0 2 0 3 1;1 0 3 0 0 0 2 2 0 1;1 1 1 0 0 1 0 5 0 1;0 0 1 1 1 1 1 1 1 1]
123,DFS,1.269726276397705,180,[0 0 0 0 0 0 0 0 0 0;0 0 0 0 0 0 0 0 0 0;0 0 0 0 0 0 0 0 0 0;0 0 0 0 0 0 0 0 0 0;1 1 1 1 1 1 1 1 1 0;1 3 1 0 0 1 1 0 1 1;1 0 3 0 2 0 2 0 3 1;1 0 3 0 0 0 2 2 0 1;1 1 1 0 0 1 0 5 0 1;0 0 1 1 1 1 1 1 1 1]
123,BFS,3.4055912494659424,66,[0 0 0 0 0 0 0 0 0 0;0 0 0 0 0 0 0 0 0 0;0 0 0 0 0 0 0 0 0 0;0 0 0 0 0 0 0 0 0 0;1 1 1 1 1 1 1 1 1 0;1 3 1 0 0 1 1 0 1 1;1 0 3 0 2 0 2 0 3 1;1 0 3 0 0 0 2 2 0 1;1 1 1 0 0 1 0 5 0 1;0 0 1 1 1 1 1 1 1 1]
124,A*,8.217630386352539,63,[0 0 0 0 0 0 0 0 0 0;0 0 1 1 1 1 0 0 0 0;0 1 1 0 0 1 1 1 0 0;1 1 0 0 2 2 0 1 1 1;1 0 0 3 2 3 0 0 0 1;1 0 3 0 1 0 3 0 1 1;1 0 0 1 1 1 2 1 1 0;1 0 0 0 1 1 5 1 0 0;1 0 0 1 1 1 1 1 0 0;1 1 1 1 0 0 0 0 0 0]
124,DFS,5.752579689025879,491,[0 0 0 0 0 0 0 0 0 0;0 0 1 1 1 1 0 0 0 0;0 1 1 0 0 1 1 1 0 0;1 1 0 0 2 2 0 1 1 1;1 0 0 3 2 3 0 0 0 1;1 0 3 0 1 0 3 0 1 1;1 0 0 1 1 1 2 1 1 0;1 0 0 0 1 1 5 1 0 0;1 0 0 1 1 1 1 1 0 0;1 1 1 1 0 0 0 0 0 0]
124,BFS,10.463773250579834,63,[0 0 0 0 0 0 0 0 0 0;0 0 1 1 1 1 0 0 0 0;0 1 1 0 0 1 1 1 0 0;1 1 0 0 2 2 0 1 1 1;1 0 0 3 2 3 0 0 0 1;1 0 3 0 1 0 3 0 1 1;1 0 0 1 1 1 2 1 1 0;1 0 0 0 1 1 5 1 0 0;1 0 0 1 1 1 1 1 0 0;1 1 1 1 0 0 0 0 0 0]
125,A*,11.811163425445557,70,[1 1 1 1 1 1 1 1 1 1;1 0 0 0 0 0 0 0 0 1;1 0 3 0 1 0 3 2 0 1;1 0 0 1 1 1 2 3 3 1;1 0 2 1 0 1 0 2 0 1;1 0 0 1 0 1 1 0 0 1;1 0 1 1 0 0 1 1 1 1;1 0 5 1 0 0 0 0 0 0;1 0 0 1 0 0 0 0 0 0;1 1 1 1 0 0 0 0 0 0]
125,DFS,3.000213861465454,492,[1 1 1 1 1 1 1 1 1 1;1 0 0 0 0 0 0 0 0 1;1 0 3 0 1 0 3 2 0 1;1 0 0 1 1 1 2 3 3 1;1 0 2 1 0 1 0 2 0 1;1 0 0 1 0 1 1 0 0 1;1 0 1 1 0 0 1 1 1 1;1 0 5 1 0 0 0 0 0 0;1 0 0 1 0 0 0 0 0 0;1 1 1 1 0 0 0 0 0 0]
125,BFS,10.674832582473755,70,[1 1 1 1 1 1 1 1 1 1;1 0 0 0 0 0 0 0 0 1;1 0 3 0 1 0 3 2 0 1;1 0 0 1 1 1 2 3 3 1;1 0 2 1 0 1 0 2 0 1;1 0 0 1 0 1 1 0 0 1;1 0 1 1 0 0 1 1 1 1;1 0 5 1 0 0 0 0 0 0;1 0 0 1 0 0 0 0 0 0;1 1 1 1 0 0 0 0 0 0]
126,A*,2.765944480895996,75,[1 1 1 1 1 1 1 1 0 0;1 0 3 0 0 0 0 1 1 1;1 0 0 0 0 0 2 3 0 1;1 0 0 1 1 0 0 0 0 1;1 1 3 1 1 1 0 2 0 1;1 1 0 0 1 1 1 0 0 1;1 0 0 1 1 1 1 2 1 1;1 1 0 0 1 1 3 2 5 1;0 1 0 0 0 0 0 0 1 1;0 1 1 1 1 1 1 1 1 0]
126,DFS,1.6163558959960938,4821,[1 1 1 1 1 1 1 1 0 0;1 0 3 0 0 0 0 1 1 1;1 0 0 0 0 0 2 3 0 1;1 0 0 1 1 0 0 0 0 1;1 1 3 1 1 1 0 2 0 1;1 1 0 0 1 1 1 0 0 1;1 0 0 1 1 1 1 2 1 1;1 1 0 0 1 1 3 2 5 1;0 1 0 0 0 0 0 0 1 1;0 1 1 1 1 1 1 1 1 0]
126,BFS,1.8547301292419434,75,[1 1 1 1 1 1 1 1 0 0;1 0 3 0 0 0 0 1 1 1;1 0 0 0 0 0 2 3 0 1;1 0 0 1 1 0 0 0 0 1;1 1 3 1 1 1 0 2 0 1;1 1 0 0 1 1 1 0 0 1;1 0 0 1 1 1 1 2 1 1;1 1 0 0 1 1 3 2 5 1;0 1 0 0 0 0 0 0 1 1;0 1 1 1 1 1 1 1 1 0]
127,A*,2.6675050258636475,55,[1 1 1 1 1 1 1 1 1 0;1 0 0 3 0 0 3 0 1 0;1 0 0 0 0 0 0 0 1 0;1 0 1 1 1 1 0 1 1 0;1 0 0 0 1 0 0 1 0 0;1 3 0 2 5 2 0 1 1 0;1 1 3 0 2 2 0 0 1 0;0 1 1 1 1 0 0 1 1 0;0 0 0 0 1 1 1 1 0 0;0 0 0 0 0 0 0 0 0 0]
127,DFS,0.31493282318115234,732,[1 1 1 1 1 1 1 1 1 0;1 0 0 3 0 0 3 0 1 0;1 0 0 0 0 0 0 0 1 0;1 0 1 1 1 1 0 1 1 0;1 0 0 0 1 0 0 1 0 0;1 3 0 2 5 2 0 1 1 0;1 1 3 0 2 2 0 0 1 0;0 1 1 1 1 0 0 1 1 0;0 0 0 0 1 1 1 1 0 0;0 0 0 0 0 0 0 0 0 0]
127,BFS,4.363883018493652,55,[1 1 1 1 1 1 1 1 1 0;1 0 0 3 0 0 3 0 1 0;1 0 0 0 0 0 0 0 1 0;1 0 1 1 1 1 0 1 1 0;1 0 0 0 1 0 0 1 0 0;1 3 0 2 5 2 0 1 1 0;1 1 3 0 2 2 0 0 1 0;0 1 1 1 1 0 0 1 1 0;0 0 0 0 1 1 1 1 0 0;0 0 0 0 0 0 0 0 0 0]
128,A*,3.5558416843414307,36,[0 0 0 1 1 1 1 1 1 0;0 0 0 1 5 3 0 0 1 0;1 1 1 1 2 2 2 0 1 0;1 3 0 1 0 0 1 1 1 0;1 0 0 0 0 0 0 1 0 0;1 0 0 0 3 1 1 1 0 0;1 0 0 2 0 1 0 0 0 0;1 0 1 3 0 1 1 0 0 0;1 0 0 0 0 0 1 0 0 0;1 1 1 1 1 1 1 0 0 0]
128,DFS,8.348263263702393,3559,[0 0 0 1 1 1 1 1 1 0;0 0 0 1 5 3 0 0 1 0;1 1 1 1 2 2 2 0 1 0;1 3 0 1 0 0 1 1 1 0;1 0 0 0 0 0 0 1 0 0;1 0 0 0 3 1 1 1 0 0;1 0 0 2 0 1 0 0 0 0;1 0 1 3 0 1 1 0 0 0;1 0 0 0 0 0 1 0 0 0;1 1 1 1 1 1 1 0 0 0]
128,BFS,7.077474355697632,36,[0 0 0 1 1 1 1 1 1 0;0 0 0 1 5 3 0 0 1 0;1 1 1 1 2 2 2 0 1 0;1 3 0 1 0 0 1 1 1 0;1 0 0 0 0 0 0 1 0 0;1 0 0 0 3 1 1 1 0 0;1 0 0 2 0 1 0 0 0 0;1 0 1 3 0 1 1 0 0 0;1 0 0 0 0 0 1 0 0 0;1 1 1 1 1 1 1 0 0 0]
129,A*,1.9417529106140137,49,[0 1 1 1 1 1 1 1 1 1;0 1 0 0 0 0 0 0 0 1;0 1 1 0 2 0 3 1 0 1;0 0 1 1 1 1 1 0 0 1;0 0 0 0 0 0 1 0 0 1;0 0 1 1 1 1 1 3 0 1;0 0 1 0 0 1 0 0 0 1;0 0 1 5 2 0 3 2 0 1;0 0 1 0 3 0 0 2 0 1;0 0 1 1 1 1 1 1 1 1]
129,DFS,1.0461442470550537,221,[0 1 1 1 1 1 1 1 1 1;0 1 0 0 0 0 0 0 0 1;0 1 1 0 2 0 3 1 0 1;0 0 1 1 1 1 1 0 0 1;0 0 0 0 0 0 1 0 0 1;0 0 1 1 1 1 1 3 0 1;0 0 1 0 0 1 0 0 0 1;0 0 1 5 2 0 3 2 0 1;0 0 1 0 3 0 0 2 0 1;0 0 1 1 1 1 1 1 1 1]
129,BFS,1.246802568435669,49,[0 1 1 1 1 1 1 1 1 1;0 1 0 0 0 0 0 0 0 1;0 1 1 0 2 0 3 1 0 1;0 0 1 1 1 1 1 0 0 1;0 0 0 0 0 0 1 0 0 1;0 0 1 1 1 1 1 3 0 1;0 0 1 0 0 1 0 0 0 1;0 0 1 5 2 0 3 2 0 1;0 0 1 0 3 0 0 2 0 1;0 0 1 1 1 1 1 1 1 1]
130,A*,8.019495010375977,82,[0 0 0 0 0 0 0 1 1 1;0 0 0 0 0 0 0 1 0 1;0 0 1 1 1 1 1 1 0 1;0 0 1 3 0 1 1 0 0 1;0 0 1 0 3 3 1 0 0 1;0 0 1 0 0 0 1 1 0 1;0 0 1 0 0 0 0 0 0 1;0 0 1 1 2 1 2 2 0 1;0 0 1 5 3 0 2 0 0 1;0 0 1 1 1 1 1 1 1 1]
130,DFS,1.2684907913208008,254,[0 0 0 0 0 0 0 1 1 1;0 0 0 0 0 0 0 1 0 1;0 0 1 1 1 1 1 1 0 1;0 0 1 3 0 1 1 0 0 1;0 0 1 0 3 3 1 0 0 1;0 0 1 0 0 0 1 1 0 1;0 0 1 0 0 0 0 0 0 1;0 0 1 1 2 1 2 2 0 1;0 0 1 5 3 0 2 0 0 1;0 0 1 1 1 1 1 1 1 1]
130,BFS,5.788671255111694,82,[0 0 0 0 0 0 0 1 1 1;0 0 0 0 0 0 0 1 0 1;0 0 1 1 1 1 1 1 0 1;0 0 1 3 0 1 1 0 0 1;0 0 1 0 3 3 1 0 0 1;0 0 1 0 0 0 1 1 0 1;0 0 1 0 0 0 0 0 0 1;0 0 1 1 2 1 2 2 0 1;0 0 1 5 3 0 2 0 0 1;0 0 1 1 1 1 1 1 1 1]
131,A*,8.56001329421997,42,[0 0 0 0 0 1 1 1 1 1;0 0 0 0 0 1 3 0 0 1;0 0 0 0 0 1 1 0 0 1;0 0 0 0 0 0 1 0 0 1;0 0 0 0 1 1 1 0 0 1;0 0 1 1 1 0 3 3 0 1;0 0 1 5 2 3 2 2 0 1;0 0 1 1 0 2 0 0 0 1;0 0 0 1 1 1 0 0 0 1;0 0 0 0 0 1 1 1 1 1]
131,DFS,2.6008143424987793,447,[0 0 0 0 0 1 1 1 1 1;0 0 0 0 0 1 3 0 0 1;0 0 0 0 0 1 1 0 0 1;0 0 0 0 0 0 1 0 0 1;0 0 0 0 1 1 1 0 0 1;0 0 1 1 1 0 3 3 0 1;0 0 1 5 2 3 2 2 0 1;0 0 1 1 0 2 0 0 0 1;0 0 0 1 1 1 0 0 0 1;0 0 0 0 0 1 1 1 1 1]
131,BFS,10.431262731552124,42,[0 0 0 0 0 1 1 1 1 1;0 0 0 0 0 1 3 0 0 1;0 0 0 0 0 1 1 0 0 1;0 0 0 0 0 0 1 0 0 1;0 0 0 0 1 1 1 0 0 1;0 0 1 1 1 0 3 3 0 1;0 0 1 5 2 3 2 2 0 1;0 0 1 1 0 2 0 0 0 1;0 0 0 1 1 1 0 0 0 1;0 0 0 0 0 1 1 1 1 1]
132,A*,6.028238296508789,45,[1 1 1 1 0 0 0 0 0 0;1 0 0 1 1 0 0 0 0 0;1 0 2 0 1 0 0 0 0 0;1 3 0 1 1 0 0 0 0 0;1 0 3 0 1 1 1 1 1 0;1 0 0 0 2 3 0 5 1 0;1 0 0 1 0 0 1 1 1 0;1 0 1 1 0 2 0 1 1 1;1 0 2 0 3 0 0 0 0 1;1 1 1 1 1 1 1 1 1 1]
132,DFS,2.686645746231079,591,[1 1 1 1 0 0 0 0 0 0;1 0 0 1 1 0 0 0 0 0;1 0 2 0 1 0 0 0 0 0;1 3 0 1 1 0 0 0 0 0;1 0 3 0 1 1 1 1 1 0;1 0 0 0 2 3 0 5 1 0;1 0 0 1 0 0 1 1 1 0;1 0 1 1 0 2 0 1 1 1;1 0 2 0 3 0 0 0 0 1;1 1 1 1 1 1 1 1 1 1]
132,BFS,12.953285217285156,45,[1 1 1 1 0 0 0 0 0 0;1 0 0 1 1 0 0 0 0 0;1 0 2 0 1 0 0 0 0 0;1 3 0 1 1 0 0 0 0 0;1 0 3 0 1 1 1 1 1 0;1 0 0 0 2 3 0 5 1 0;1 0 0 1 0 0 1 1 1 0;1 0 1 1 0 2 0 1 1 1;1 0 2 0 3 0 0 0 0 1;1 1 1 1 1 1 1 1 1 1]
133,A*,2.0102086067199707,42,[1 1 1 1 1 1 1 1 1 1;1 0 0 0 0 3 0 2 0 1;1 0 2 0 2 0 3 3 0 1;1 1 0 0 1 1 3 0 0 1;0 1 1 1 1 1 1 0 0 1;0 0 0 0 0 1 5 2 1 1;0 0 0 0 0 1 0 0 0 1;0 0 0 0 0 1 1 1 1 1;0 0 0 0 0 0 0 0 0 0;0 0 0 0 0 0 0 0 0 0]
133,DFS,1.530134677886963,232,[1 1 1 1 1 1 1 1 1 1;1 0 0 0 0 3 0 2 0 1;1 0 2 0 2 0 3 3 0 1;1 1 0 0 1 1 3 0 0 1;0 1 1 1 1 1 1 0 0 1;0 0 0 0 0 1 5 2 1 1;0 0 0 0 0 1 0 0 0 1;0 0 0 0 0 1 1 1 1 1;0 0 0 0 0 0 0 0 0 0;0 0 0 0 0 0 0 0 0 0]
133,BFS,3.266352891921997,42,[1 1 1 1 1 1 1 1 1 1;1 0 0 0 0 3 0 2 0 1;1 0 2 0 2 0 3 3 0 1;1 1 0 0 1 1 3 0 0 1;0 1 1 1 1 1 1 0 0 1;0 0 0 0 0 1 5 2 1 1;0 0 0 0 0 1 0 0 0 1;0 0 0 0 0 1 1 1 1 1;0 0 0 0 0 0 0 0 0 0;0 0 0 0 0 0 0 0 0 0]
134,A*,5.680479526519775,52,[1 1 1 1 1 1 1 1 1 0;1 0 0 1 1 0 0 5 1 0;1 0 1 1 1 1 2 1 1 0;1 0 0 1 1 1 0 1 0 0;1 0 0 0 1 0 0 1 1 0;1 3 0 0 0 2 3 0 1 0;1 0 0 0 1 0 3 0 1 0;1 0 1 1 0 2 2 1 1 0;1 0 0 3 0 0 0 0 1 0;1 1 1 1 1 1 1 1 1 0]
134,DFS,8.690279006958008,750,[1 1 1 1 1 1 1 1 1 0;1 0 0 1 1 0 0 5 1 0;1 0 1 1 1 1 2 1 1 0;1 0 0 1 1 1 0 1 0 0;1 0 0 0 1 0 0 1 1 0;1 3 0 0 0 2 3 0 1 0;1 0 0 0 1 0 3 0 1 0;1 0 1 1 0 2 2 1 1 0;1 0 0 3 0 0 0 0 1 0;1 1 1 1 1 1 1 1 1 0]
134,BFS,18.609480619430542,52,[1 1 1 1 1 1 1 1 1 0;1 0 0 1 1 0 0 5 1 0;1 0 1 1 1 1 2 1 1 0;1 0 0 1 1 1 0 1 0 0;1 0 0 0 1 0 0 1 1 0;1 3 0 0 0 2 3 0 1 0;1 0 0 0 1 0 3 0 1 0;1 0 1 1 0 2 2 1 1 0;1 0 0 3 0 0 0 0 1 0;1 1 1 1 1 1 1 1 1 0]
135,A*,3.945678472518921,64,[0 1 1 1 1 0 0 1 1 1;1 1 5 0 1 0 1 1 0 1;1 0 0 1 1 0 1 0 0 1;1 1 0 0 1 1 1 2 0 1;1 0 0 1 1 0 2 3 0 1;1 0 0 1 1 0 0 2 0 1;1 0 1 1 1 0 3 3 0 1;1 0 1 1 1 0 2 1 1 1;1 0 0 0 3 0 0 1 0 0;1 1 1 1 1 1 1 1 0 0]
135,DFS,1.6972849369049072,137,[0 1 1 1 1 0 0 1 1 1;1 1 5 0 1 0 1 1 0 1;1 0 0 1 1 0 1 0 0 1;1 1 0 0 1 1 1 2 0 1;1 0 0 1 1 0 2 3 0 1;1 0 0 1 1 0 0 2 0 1;1 0 1 1 1 0 3 3 0 1;1 0 1 1 1 0 2 1 1 1;1 0 0 0 3 0 0 1 0 0;1 1 1 1 1 1 1 1 0 0]
135,BFS,2.4127588272094727,64,[0 1 1 1 1 0 0 1 1 1;1 1 5 0 1 0 1 1 0 1;1 0 0 1 1 0 1 0 0 1;1 1 0 0 1 1 1 2 0 1;1 0 0 1 1 0 2 3 0 1;1 0 0 1 1 0 0 2 0 1;1 0 1 1 1 0 3 3 0 1;1 0 1 1 1 0 2 1 1 1;1 0 0 0 3 0 0 1 0 0;1 1 1 1 1 1 1 1 0 0]
136,A*,2.7150001525878906,68,[1 1 1 0 0 0 0 0 0 0;1 3 1 0 0 0 0 0 0 0;1 0 1 1 0 0 0 0 0 0;1 0 0 1 0 0 0 0 0 0;1 0 1 1 0 0 0 0 0 0;1 0 0 1 0 0 1 1 1 1;1 0 1 1 1 1 1 0 3 1;1 2 2 0 2 0 0 2 0 1;1 0 0 5 0 3 0 0 3 1;1 1 1 1 1 1 1 1 1 1]
136,DFS,0.2375338077545166,361,[1 1 1 0 0 0 0 0 0 0;1 3 1 0 0 0 0 0 0 0;1 0 1 1 0 0 0 0 0 0;1 0 0 1 0 0 0 0 0 0;1 0 1 1 0 0 0 0 0 0;1 0 0 1 0 0 1 1 1 1;1 0 1 1 1 1 1 0 3 1;1 2 2 0 2 0 0 2 0 1;1 0 0 5 0 3 0 0 3 1;1 1 1 1 1 1 1 1 1 1]
136,BFS,1.5113108158111572,68,[1 1 1 0 0 0 0 0 0 0;1 3 1 0 0 0 0 0 0 0;1 0 1 1 0 0 0 0 0 0;1 0 0 1 0 0 0 0 0 0;1 0 1 1 0 0 0 0 0 0;1 0 0 1 0 0 1 1 1 1;1 0 1 1 1 1 1 0 3 1;1 2 2 0 2 0 0 2 0 1;1 0 0 5 0 3 0 0 3 1;1 1 1 1 1 1 1 1 1 1]
137,A*,3.404003620147705,47,[0 0 0 0 0 0 1 1 1 0;0 0 0 0 0 1 1 3 1 1;0 0 0 1 1 1 3 0 0 1;0 0 0 1 5 2 0 3 0 1;0 0 0 1 1 3 2 2 0 1;0 0 0 0 1 0 2 0 0 1;0 0 0 0 1 1 1 0 0 1;0 0 0 0 0 0 1 0 0 1;0 0 0 0 0 0 1 1 0 1;0 0 0 0 0 0 0 1 1 1]
137,DFS,0.8770334720611572,128,[0 0 0 0 0 0 1 1 1 0;0 0 0 0 0 1 1 3 1 1;0 0 0 1 1 1 3 0 0 1;0 0 0 1 5 2 0 3 0 1;0 0 0 1 1 3 2 2 0 1;0 0 0 0 1 0 2 0 0 1;0 0 0 0 1 1 1 0 0 1;0 0 0 0 0 0 1 0 0 1;0 0 0 0 0 0 1 1 0 1;0 0 0 0 0 0 0 1 1 1]
137,BFS,1.7902557849884033,47,[0 0 0 0 0 0 1 1 1 0;0 0 0 0 0 1 1 3 1 1;0 0 0 1 1 1 3 0 0 1;0 0 0 1 5 2 0 3 0 1;0 0 0 1 1 3 2 2 0 1;0 0 0 0 1 0 2 0 0 1;0 0 0 0 1 1 1 0 0 1;0 0 0 0 0 0 1 0 0 1;0 0 0 0 0 0 1 1 0 1;0 0 0 0 0 0 0 1 1 1]
138,A*,66.46287107467651,82,[0 0 0 0 0 1 1 1 1 1;0 0 1 1 1 1 3 1 0 1;0 0 1 0 0 0 3 0 0 1;0 0 1 0 3 1 0 0 3 1;1 1 1 0 0 0 1 2 0 1;1 0 2 0 2 0 1 0 0 1;1 5 2 0 0 0 1 1 0 1;1 1 1 1 0 0 1 1 0 1;0 0 1 0 0 0 0 0 0 1;0 0 1 1 1 1 1 1 1 1]
138,DFS,24.15296983718872,3765,[0 0 0 0 0 1 1 1 1 1;0 0 1 1 1 1 3 1 0 1;0 0 1 0 0 0 3 0 0 1;0 0 1 0 3 1 0 0 3 1;1 1 1 0 0 0 1 2 0 1;1 0 2 0 2 0 1 0 0 1;1 5 2 0 0 0 1 1 0 1;1 1 1 1 0 0 1 1 0 1;0 0 1 0 0 0 0 0 0 1;0 0 1 1 1 1 1 1 1 1]
138,BFS,170.51648211479187,82,[0 0 0 0 0 1 1 1 1 1;0 0 1 1 1 1 3 1 0 1;0 0 1 0 0 0 3 0 0 1;0 0 1 0 3 1 0 0 3 1;1 1 1 0 0 0 1 2 0 1;1 0 2 0 2 0 1 0 0 1;1 5 2 0 0 0 1 1 0 1;1 1 1 1 0 0 1 1 0 1;0 0 1 0 0 0 0 0 0 1;0 0 1 1 1 1 1 1 1 1]
139,A*,12.384400129318237,81,[0 0 0 0 0 0 0 0 0 0;0 0 0 0 1 1 1 0 0 0;1 1 1 1 1 0 1 1 1 1;1 0 0 0 0 0 0 0 0 1;1 0 0 1 0 3 2 1 1 1;1 0 1 1 3 0 0 2 5 1;1 0 0 1 0 2 1 0 1 1;1 0 1 1 2 0 3 0 3 1;1 0 0 1 0 0 0 0 1 1;1 1 1 1 1 1 1 1 1 0]
139,DFS,3.4027225971221924,479,[0 0 0 0 0 0 0 0 0 0;0 0 0 0 1 1 1 0 0 0;1 1 1 1 1 0 1 1 1 1;1 0 0 0 0 0 0 0 0 1;1 0 0 1 0 3 2 1 1 1;1 0 1 1 3 0 0 2 5 1;1 0 0 1 0 2 1 0 1 1;1 0 1 1 2 0 3 0 3 1;1 0 0 1 0 0 0 0 1 1;1 1 1 1 1 1 1 1 1 0]
139,BFS,9.693459272384644,81,[0 0 0 0 0 0 0 0 0 0;0 0 0 0 1 1 1 0 0 0;1 1 1 1 1 0 1 1 1 1;1 0 0 0 0 0 0 0 0 1;1 0 0 1 0 3 2 1 1 1;1 0 1 1 3 0 0 2 5 1;1 0 0 1 0 2 1 0 1 1;1 0 1 1 2 0 3 0 3 1;1 0 0 1 0 0 0 0 1 1;1 1 1 1 1 1 1 1 1 0]
140,A*,0.6184453964233398,60,[1 1 1 0 0 0 0 0 0 0;1 0 1 0 0 0 0 0 0 0;1 3 1 1 0 0 0 0 0 0;1 0 0 1 0 0 0 0 0 0;1 0 2 1 1 1 0 0 0 0;1 0 0 2 0 1 1 0 0 0;1 3 0 3 3 0 1 0 0 0;1 2 2 1 0 0 1 1 0 0;1 5 0 1 0 0 0 1 0 0;1 1 1 1 1 1 1 1 0 0]
140,DFS,0.3178248405456543,234,[1 1 1 0 0 0 0 0 0 0;1 0 1 0 0 0 0 0 0 0;1 3 1 1 0 0 0 0 0 0;1 0 0 1 0 0 0 0 0 0;1 0 2 1 1 1 0 0 0 0;1 0 0 2 0 1 1 0 0 0;1 3 0 3 3 0 1 0 0 0;1 2 2 1 0 0 1 1 0 0;1 5 0 1 0 0 0 1 0 0;1 1 1 1 1 1 1 1 0 0]
140,BFS,0.3745005130767822,60,[1 1 1 0 0 0 0 0 0 0;1 0 1 0 0 0 0 0 0 0;1 3 1 1 0 0 0 0 0 0;1 0 0 1 0 0 0 0 0 0;1 0 2 1 1 1 0 0 0 0;1 0 0 2 0 1 1 0 0 0;1 3 0 3 3 0 1 0 0 0;1 2 2 1 0 0 1 1 0 0;1 5 0 1 0 0 0 1 0 0;1 1 1 1 1 1 1 1 0 0]
141,A*,1.3249125480651855,56,[1 1 1 1 1 1 1 1 1 1;1 3 0 0 5 0 3 2 3 1;1 0 2 0 2 0 0 0 0 1;1 1 1 1 1 1 1 3 0 1;0 0 0 0 0 0 1 2 0 1;0 0 0 0 0 0 1 0 0 1;0 0 0 0 0 0 1 1 1 1;0 0 0 0 0 0 0 0 0 0;0 0 0 0 0 0 0 0 0 0;0 0 0 0 0 0 0 0 0 0]
141,DFS,0.5148866176605225,522,[1 1 1 1 1 1 1 1 1 1;1 3 0 0 5 0 3 2 3 1;1 0 2 0 2 0 0 0 0 1;1 1 1 1 1 1 1 3 0 1;0 0 0 0 0 0 1 2 0 1;0 0 0 0 0 0 1 0 0 1;0 0 0 0 0 0 1 1 1 1;0 0 0 0 0 0 0 0 0 0;0 0 0 0 0 0 0 0 0 0;0 0 0 0 0 0 0 0 0 0]
141,BFS,0.5750205516815186,56,[1 1 1 1 1 1 1 1 1 1;1 3 0 0 5 0 3 2 3 1;1 0 2 0 2 0 0 0 0 1;1 1 1 1 1 1 1 3 0 1;0 0 0 0 0 0 1 2 0 1;0 0 0 0 0 0 1 0 0 1;0 0 0 0 0 0 1 1 1 1;0 0 0 0 0 0 0 0 0 0;0 0 0 0 0 0 0 0 0 0;0 0 0 0 0 0 0 0 0 0]
142,A*,1.544724464416504,39,[0 0 0 0 0 0 0 0 0 0;1 1 1 0 0 0 0 0 0 0;1 0 1 0 0 0 0 0 0 0;1 0 1 0 1 1 1 1 1 0;1 0 1 1 1 0 5 0 1 0;1 0 0 1 0 2 2 3 1 0;1 0 0 3 0 0 2 1 1 1;1 3 0 1 0 2 0 0 0 1;1 1 1 1 1 0 0 3 0 1;0 0 0 0 1 1 1 1 1 1]
142,DFS,0.46773648262023926,126,[0 0 0 0 0 0 0 0 0 0;1 1 1 0 0 0 0 0 0 0;1 0 1 0 0 0 0 0 0 0;1 0 1 0 1 1 1 1 1 0;1 0 1 1 1 0 5 0 1 0;1 0 0 1 0 2 2 3 1 0;1 0 0 3 0 0 2 1 1 1;1 3 0 1 0 2 0 0 0 1;1 1 1 1 1 0 0 3 0 1;0 0 0 0 1 1 1 1 1 1]
142,BFS,1.8201007843017578,39,[0 0 0 0 0 0 0 0 0 0;1 1 1 0 0 0 0 0 0 0;1 0 1 0 0 0 0 0 0 0;1 0 1 0 1 1 1 1 1 0;1 0 1 1 1 0 5 0 1 0;1 0 0 1 0 2 2 3 1 0;1 0 0 3 0 0 2 1 1 1;1 3 0 1 0 2 0 0 0 1;1 1 1 1 1 0 0 3 0 1;0 0 0 0 1 1 1 1 1 1]
143,A*,0.09973335266113281,21,[0 0 0 1 1 1 0 0 0 0;0 0 0 1 0 1 0 0 0 0;0 0 0 1 0 1 1 0 0 0;1 1 1 1 0 0 1 0 0 0;1 5 0 1 0 1 1 0 0 0;1 2 2 0 0 1 0 0 0 0;1 0 2 3 0 1 0 0 0 0;1 3 2 3 1 1 1 0 0 0;1 3 0 0 0 0 1 0 0 0;1 1 1 1 1 1 1 0 0 0]
143,DFS,0.16011738777160645,25,[0 0 0 1 1 1 0 0 0 0;0 0 0 1 0 1 0 0 0 0;0 0 0 1 0 1 1 0 0 0;1 1 1 1 0 0 1 0 0 0;1 5 0 1 0 1 1 0 0 0;1 2 2 0 0 1 0 0 0 0;1 0 2 3 0 1 0 0 0 0;1 3 2 3 1 1 1 0 0 0;1 3 0 0 0 0 1 0 0 0;1 1 1 1 1 1 1 0 0 0]
143,BFS,0.13415217399597168,21,[0 0 0 1 1 1 0 0 0 0;0 0 0 1 0 1 0 0 0 0;0 0 0 1 0 1 1 0 0 0;1 1 1 1 0 0 1 0 0 0;1 5 0 1 0 1 1 0 0 0;1 2 2 0 0 1 0 0 0 0;1 0 2 3 0 1 0 0 0 0;1 3 2 3 1 1 1 0 0 0;1 3 0 0 0 0 1 0 0 0;1 1 1 1 1 1 1 0 0 0]
144,A*,3.1416544914245605,86,[0 0 0 0 0 0 0 0 0 0;0 0 0 0 0 0 0 0 0 0;0 1 1 1 1 1 1 0 0 0;1 1 3 0 0 0 1 0 0 0;1 0 0 1 0 0 1 1 0 0;1 0 3 0 1 0 0 1 0 0;1 0 2 2 0 2 0 1 0 0;1 5 3 0 2 0 1 1 0 0;1 0 3 1 1 1 1 0 0 0;1 1 1 1 0 0 0 0 0 0]
144,DFS,0.9610562324523926,270,[0 0 0 0 0 0 0 0 0 0;0 0 0 0 0 0 0 0 0 0;0 1 1 1 1 1 1 0 0 0;1 1 3 0 0 0 1 0 0 0;1 0 0 1 0 0 1 1 0 0;1 0 3 0 1 0 0 1 0 0;1 0 2 2 0 2 0 1 0 0;1 5 3 0 2 0 1 1 0 0;1 0 3 1 1 1 1 0 0 0;1 1 1 1 0 0 0 0 0 0]
144,BFS,1.5059618949890137,86,[0 0 0 0 0 0 0 0 0 0;0 0 0 0 0 0 0 0 0 0;0 1 1 1 1 1 1 0 0 0;1 1 3 0 0 0 1 0 0 0;1 0 0 1 0 0 1 1 0 0;1 0 3 0 1 0 0 1 0 0;1 0 2 2 0 2 0 1 0 0;1 5 3 0 2 0 1 1 0 0;1 0 3 1 1 1 1 0 0 0;1 1 1 1 0 0 0 0 0 0]
145,A*,2.320158004760742,47,[0 0 0 0 0 1 1 1 0 0;0 0 1 1 1 1 0 1 1 1;0 0 1 0 3 0 0 0 0 1;0 0 1 0 2 1 0 2 0 1;0 0 1 0 0 1 1 0 0 1;0 0 1 1 0 0 1 0 3 1;0 1 1 1 3 1 1 0 3 1;1 1 0 1 0 0 1 2 2 1;1 0 0 0 0 0 1 5 0 1;1 1 1 1 1 1 1 1 1 1]
145,DFS,0.43931055068969727,158,[0 0 0 0 0 1 1 1 0 0;0 0 1 1 1 1 0 1 1 1;0 0 1 0 3 0 0 0 0 1;0 0 1 0 2 1 0 2 0 1;0 0 1 0 0 1 1 0 0 1;0 0 1 1 0 0 1 0 3 1;0 1 1 1 3 1 1 0 3 1;1 1 0 1 0 0 1 2 2 1;1 0 0 0 0 0 1 5 0 1;1 1 1 1 1 1 1 1 1 1]
145,BFS,2.087106704711914,47,[0 0 0 0 0 1 1 1 0 0;0 0 1 1 1 1 0 1 1 1;0 0 1 0 3 0 0 0 0 1;0 0 1 0 2 1 0 2 0 1;0 0 1 0 0 1 1 0 0 1;0 0 1 1 0 0 1 0 3 1;0 1 1 1 3 1 1 0 3 1;1 1 0 1 0 0 1 2 2 1;1 0 0 0 0 0 1 5 0 1;1 1 1 1 1 1 1 1 1 1]
146,A*,52.99415302276611,70,[1 1 1 1 1 1 1 1 1 1;1 3 0 0 0 0 0 0 0 1;1 0 0 0 0 0 0 0 3 1;1 0 2 0 1 0 1 1 0 1;1 0 0 1 0 0 1 0 3 1;1 1 0 1 0 0 1 1 0 1;0 1 1 1 1 2 0 3 0 1;0 1 5 2 0 0 0 2 0 1;0 1 1 1 1 0 0 1 0 1;0 0 0 0 1 1 1 1 1 1]
146,DFS,33.687461614608765,1163,[1 1 1 1 1 1 1 1 1 1;1 3 0 0 0 0 0 0 0 1;1 0 0 0 0 0 0 0 3 1;1 0 2 0 1 0 1 1 0 1;1 0 0 1 0 0 1 0 3 1;1 1 0 1 0 0 1 1 0 1;0 1 1 1 1 2 0 3 0 1;0 1 5 2 0 0 0 2 0 1;0 1 1 1 1 0 0 1 0 1;0 0 0 0 1 1 1 1 1 1]
146,BFS,1408.803866147995,70,[1 1 1 1 1 1 1 1 1 1;1 3 0 0 0 0 0 0 0 1;1 0 0 0 0 0 0 0 3 1;1 0 2 0 1 0 1 1 0 1;1 0 0 1 0 0 1 0 3 1;1 1 0 1 0 0 1 1 0 1;0 1 1 1 1 2 0 3 0 1;0 1 5 2 0 0 0 2 0 1;0 1 1 1 1 0 0 1 0 1;0 0 0 0 1 1 1 1 1 1]
147,A*,0.5346941947937012,39,[0 0 0 0 0 0 0 0 0 0;0 0 0 0 0 0 1 1 1 1;1 1 1 0 0 0 1 0 0 1;1 0 1 1 1 1 1 1 0 1;1 0 1 0 3 0 1 0 0 1;1 0 1 0 0 0 0 2 0 1;1 0 0 0 2 3 1 0 5 1;1 0 1 3 2 1 1 1 1 1;1 0 2 0 3 1 0 0 0 0;1 1 1 1 1 1 0 0 0 0]
147,DFS,0.3335721492767334,73,[0 0 0 0 0 0 0 0 0 0;0 0 0 0 0 0 1 1 1 1;1 1 1 0 0 0 1 0 0 1;1 0 1 1 1 1 1 1 0 1;1 0 1 0 3 0 1 0 0 1;1 0 1 0 0 0 0 2 0 1;1 0 0 0 2 3 1 0 5 1;1 0 1 3 2 1 1 1 1 1;1 0 2 0 3 1 0 0 0 0;1 1 1 1 1 1 0 0 0 0]
147,BFS,0.49654531478881836,39,[0 0 0 0 0 0 0 0 0 0;0 0 0 0 0 0 1 1 1 1;1 1 1 0 0 0 1 0 0 1;1 0 1 1 1 1 1 1 0 1;1 0 1 0 3 0 1 0 0 1;1 0 1 0 0 0 0 2 0 1;1 0 0 0 2 3 1 0 5 1;1 0 1 3 2 1 1 1 1 1;1 0 2 0 3 1 0 0 0 0;1 1 1 1 1 1 0 0 0 0]
148,A*,0.8349697589874268,37,[1 1 1 1 1 1 1 0 0 0;1 0 0 0 0 0 1 0 0 0;1 3 0 2 0 3 1 0 0 0;1 3 0 3 2 0 1 0 0 0;1 2 2 1 1 1 1 0 0 0;1 0 5 1 0 0 0 0 0 0;1 1 1 1 0 0 0 0 0 0;0 0 0 0 0 0 0 0 0 0;0 0 0 0 0 0 0 0 0 0;0 0 0 0 0 0 0 0 0 0]
148,DFS,0.2778325080871582,53,[1 1 1 1 1 1 1 0 0 0;1 0 0 0 0 0 1 0 0 0;1 3 0 2 0 3 1 0 0 0;1 3 0 3 2 0 1 0 0 0;1 2 2 1 1 1 1 0 0 0;1 0 5 1 0 0 0 0 0 0;1 1 1 1 0 0 0 0 0 0;0 0 0 0 0 0 0 0 0 0;0 0 0 0 0 0 0 0 0 0;0 0 0 0 0 0 0 0 0 0]
148,BFS,0.32280826568603516,37,[1 1 1 1 1 1 1 0 0 0;1 0 0 0 0 0 1 0 0 0;1 3 0 2 0 3 1 0 0 0;1 3 0 3 2 0 1 0 0 0;1 2 2 1 1 1 1 0 0 0;1 0 5 1 0 0 0 0 0 0;1 1 1 1 0 0 0 0 0 0;0 0 0 0 0 0 0 0 0 0;0 0 0 0 0 0 0 0 0 0;0 0 0 0 0 0 0 0 0 0]
149,A*,0.8874053955078125,39,[0 0 0 0 0 0 0 0 0 0;0 0 0 0 0 0 0 0 0 0;0 0 0 0 0 0 0 0 0 0;0 0 0 1 1 1 0 0 0 0;0 1 1 1 0 1 1 1 0 0;0 1 5 2 0 3 0 1 1 1;0 1 1 0 2 3 0 3 0 1;0 0 1 1 1 2 0 2 0 1;0 0 0 0 1 0 3 0 0 1;0 0 0 0 1 1 1 1 1 1]
149,DFS,0.36429905891418457,100,[0 0 0 0 0 0 0 0 0 0;0 0 0 0 0 0 0 0 0 0;0 0 0 0 0 0 0 0 0 0;0 0 0 1 1 1 0 0 0 0;0 1 1 1 0 1 1 1 0 0;0 1 5 2 0 3 0 1 1 1;0 1 1 0 2 3 0 3 0 1;0 0 1 1 1 2 0 2 0 1;0 0 0 0 1 0 3 0 0 1;0 0 0 0 1 1 1 1 1 1]
149,BFS,0.45703887939453125,39,[0 0 0 0 0 0 0 0 0 0;0 0 0 0 0 0 0 0 0 0;0 0 0 0 0 0 0 0 0 0;0 0 0 1 1 1 0 0 0 0;0 1 1 1 0 1 1 1 0 0;0 1 5 2 0 3 0 1 1 1;0 1 1 0 2 3 0 3 0 1;0 0 1 1 1 2 0 2 0 1;0 0 0 0 1 0 3 0 0 1;0 0 0 0 1 1 1 1 1 1]
150,A*,6.445505857467651,61,[0 0 0 0 0 0 0 0 0 0;1 1 1 1 1 1 1 1 0 0;1 0 0 0 0 0 0 1 0 0;1 0 2 0 3 5 1 1 0 0;1 0 2 1 0 0 1 0 0 0;1 1 0 0 1 1 1 0 0 0;1 1 3 0 1 1 1 0 0 0;1 0 2 3 2 0 1 1 0 0;1 0 0 0 0 3 0 1 0 0;1 1 1 1 1 1 1 1 0 0]
150,DFS,4.628648281097412,269,[0 0 0 0 0 0 0 0 0 0;1 1 1 1 1 1 1 1 0 0;1 0 0 0 0 0 0 1 0 0;1 0 2 0 3 5 1 1 0 0;1 0 2 1 0 0 1 0 0 0;1 1 0 0 1 1 1 0 0 0;1 1 3 0 1 1 1 0 0 0;1 0 2 3 2 0 1 1 0 0;1 0 0 0 0 3 0 1 0 0;1 1 1 1 1 1 1 1 0 0]
150,BFS,7.65439510345459,61,[0 0 0 0 0 0 0 0 0 0;1 1 1 1 1 1 1 1 0 0;1 0 0 0 0 0 0 1 0 0;1 0 2 0 3 5 1 1 0 0;1 0 2 1 0 0 1 0 0 0;1 1 0 0 1 1 1 0 0 0;1 1 3 0 1 1 1 0 0 0;1 0 2 3 2 0 1 1 0 0;1 0 0 0 0 3 0 1 0 0;1 1 1 1 1 1 1 1 0 0]
151,A*,0.755202054977417,69,[0 0 0 0 0 0 0 0 0 0;0 0 0 0 0 0 0 0 0 0;0 0 0 0 0 0 1 1 1 1;0 0 0 0 0 0 1 0 3 1;0 0 0 0 0 1 1 2 0 1;0 0 0 0 0 1 0 3 3 1;0 0 0 0 1 1 2 0 0 1;0 0 0 1 1 0 2 3 2 1;0 0 0 1 5 0 0 0 0 1;0 0 0 1 1 1 1 1 1 1]
151,DFS,0.2559494972229004,152,[0 0 0 0 0 0 0 0 0 0;0 0 0 0 0 0 0 0 0 0;0 0 0 0 0 0 1 1 1 1;0 0 0 0 0 0 1 0 3 1;0 0 0 0 0 1 1 2 0 1;0 0 0 0 0 1 0 3 3 1;0 0 0 0 1 1 2 0 0 1;0 0 0 1 1 0 2 3 2 1;0 0 0 1 5 0 0 0 0 1;0 0 0 1 1 1 1 1 1 1]
151,BFS,0.34682202339172363,69,[0 0 0 0 0 0 0 0 0 0;0 0 0 0 0 0 0 0 0 0;0 0 0 0 0 0 1 1 1 1;0 0 0 0 0 0 1 0 3 1;0 0 0 0 0 1 1 2 0 1;0 0 0 0 0 1 0 3 3 1;0 0 0 0 1 1 2 0 0 1;0 0 0 1 1 0 2 3 2 1;0 0 0 1 5 0 0 0 0 1;0 0 0 1 1 1 1 1 1 1]
152,A*,46.5649836063385,80,[0 0 0 0 0 0 0 0 0 0;1 1 1 0 0 1 1 1 0 0;1 0 1 1 1 1 5 1 1 1;1 3 0 0 0 0 2 0 0 1;1 0 0 0 0 1 0 2 0 1;1 1 3 3 1 1 0 1 0 1;0 1 0 0 0 0 0 2 0 1;1 1 2 0 1 1 0 0 0 1;1 0 0 3 0 1 1 1 1 1;1 1 1 1 1 1 0 0 0 0]
152,DFS,15.22147822380066,468,[0 0 0 0 0 0 0 0 0 0;1 1 1 0 0 1 1 1 0 0;1 0 1 1 1 1 5 1 1 1;1 3 0 0 0 0 2 0 0 1;1 0 0 0 0 1 0 2 0 1;1 1 3 3 1 1 0 1 0 1;0 1 0 0 0 0 0 2 0 1;1 1 2 0 1 1 0 0 0 1;1 0 0 3 0 1 1 1 1 1;1 1 1 1 1 1 0 0 0 0]
152,BFS,101.70069694519043,80,[0 0 0 0 0 0 0 0 0 0;1 1 1 0 0 1 1 1 0 0;1 0 1 1 1 1 5 1 1 1;1 3 0 0 0 0 2 0 0 1;1 0 0 0 0 1 0 2 0 1;1 1 3 3 1 1 0 1 0 1;0 1 0 0 0 0 0 2 0 1;1 1 2 0 1 1 0 0 0 1;1 0 0 3 0 1 1 1 1 1;1 1 1 1 1 1 0 0 0 0]
153,A*,5.4598588943481445,82,[0 0 0 0 0 0 0 0 0 0;0 0 0 0 0 0 0 0 0 0;0 1 1 1 0 0 0 0 0 0;0 1 0 1 1 1 1 1 1 1;1 1 0 0 0 0 0 0 0 1;1 3 0 0 3 0 1 0 3 1;1 0 0 0 1 1 1 0 0 1;1 0 2 2 1 1 0 2 0 1;1 1 1 5 3 0 0 2 0 1;0 0 1 1 1 1 1 1 1 1]
153,DFS,1.4413273334503174,1528,[0 0 0 0 0 0 0 0 0 0;0 0 0 0 0 0 0 0 0 0;0 1 1 1 0 0 0 0 0 0;0 1 0 1 1 1 1 1 1 1;1 1 0 0 0 0 0 0 0 1;1 3 0 0 3 0 1 0 3 1;1 0 0 0 1 1 1 0 0 1;1 0 2 2 1 1 0 2 0 1;1 1 1 5 3 0 0 2 0 1;0 0 1 1 1 1 1 1 1 1]
153,BFS,3.781095027923584,82,[0 0 0 0 0 0 0 0 0 0;0 0 0 0 0 0 0 0 0 0;0 1 1 1 0 0 0 0 0 0;0 1 0 1 1 1 1 1 1 1;1 1 0 0 0 0 0 0 0 1;1 3 0 0 3 0 1 0 3 1;1 0 0 0 1 1 1 0 0 1;1 0 2 2 1 1 0 2 0 1;1 1 1 5 3 0 0 2 0 1;0 0 1 1 1 1 1 1 1 1]
154,A*,0.5801739692687988,47,[0 0 0 0 0 0 0 0 0 0;0 0 0 0 0 0 0 0 0 0;0 0 0 0 0 0 0 0 0 0;0 1 1 1 0 0 0 0 0 0;1 1 0 1 1 1 1 1 0 0;1 3 0 0 0 2 0 1 0 0;1 3 2 0 2 0 3 1 1 0;1 2 1 0 1 1 0 0 1 1;1 5 0 0 0 0 3 0 0 1;1 1 1 1 1 1 1 1 1 1]
154,DFS,0.23402786254882812,210,[0 0 0 0 0 0 0 0 0 0;0 0 0 0 0 0 0 0 0 0;0 0 0 0 0 0 0 0 0 0;0 1 1 1 0 0 0 0 0 0;1 1 0 1 1 1 1 1 0 0;1 3 0 0 0 2 0 1 0 0;1 3 2 0 2 0 3 1 1 0;1 2 1 0 1 1 0 0 1 1;1 5 0 0 0 0 3 0 0 1;1 1 1 1 1 1 1 1 1 1]
154,BFS,0.3825502395629883,47,[0 0 0 0 0 0 0 0 0 0;0 0 0 0 0 0 0 0 0 0;0 0 0 0 0 0 0 0 0 0;0 1 1 1 0 0 0 0 0 0;1 1 0 1 1 1 1 1 0 0;1 3 0 0 0 2 0 1 0 0;1 3 2 0 2 0 3 1 1 0;1 2 1 0 1 1 0 0 1 1;1 5 0 0 0 0 3 0 0 1;1 1 1 1 1 1 1 1 1 1]
155,A*,3.0691323280334473,43,[0 0 0 0 0 0 0 0 0 0;1 1 1 0 1 1 1 1 0 0;1 0 1 1 1 0 0 1 0 0;1 0 0 3 2 0 1 1 0 0;1 0 2 3 1 0 1 0 0 0;1 0 2 5 0 0 1 0 0 0;1 0 1 1 2 3 1 1 0 0;1 3 0 1 0 0 0 1 0 0;1 0 0 0 0 0 1 1 0 0;1 1 1 1 1 1 1 0 0 0]
155,DFS,1.4914743900299072,175,[0 0 0 0 0 0 0 0 0 0;1 1 1 0 1 1 1 1 0 0;1 0 1 1 1 0 0 1 0 0;1 0 0 3 2 0 1 1 0 0;1 0 2 3 1 0 1 0 0 0;1 0 2 5 0 0 1 0 0 0;1 0 1 1 2 3 1 1 0 0;1 3 0 1 0 0 0 1 0 0;1 0 0 0 0 0 1 1 0 0;1 1 1 1 1 1 1 0 0 0]
155,BFS,3.1202828884124756,43,[0 0 0 0 0 0 0 0 0 0;1 1 1 0 1 1 1 1 0 0;1 0 1 1 1 0 0 1 0 0;1 0 0 3 2 0 1 1 0 0;1 0 2 3 1 0 1 0 0 0;1 0 2 5 0 0 1 0 0 0;1 0 1 1 2 3 1 1 0 0;1 3 0 1 0 0 0 1 0 0;1 0 0 0 0 0 1 1 0 0;1 1 1 1 1 1 1 0 0 0]
156,A*,23.186424255371094,62,[0 1 1 1 1 0 0 0 0 0;0 1 0 5 1 1 1 1 1 0;0 1 0 2 0 1 1 0 1 1;0 1 1 0 2 1 1 0 0 1;0 0 1 3 2 0 0 0 0 1;1 1 1 0 0 1 3 0 0 1;1 0 0 0 0 1 1 1 1 1;1 0 2 3 0 1 0 0 0 0;1 3 0 0 0 1 0 0 0 0;1 1 1 1 1 1 0 0 0 0]
156,DFS,1.8710458278656006,829,[0 1 1 1 1 0 0 0 0 0;0 1 0 5 1 1 1 1 1 0;0 1 0 2 0 1 1 0 1 1;0 1 1 0 2 1 1 0 0 1;0 0 1 3 2 0 0 0 0 1;1 1 1 0 0 1 3 0 0 1;1 0 0 0 0 1 1 1 1 1;1 0 2 3 0 1 0 0 0 0;1 3 0 0 0 1 0 0 0 0;1 1 1 1 1 1 0 0 0 0]
156,BFS,34.436779499053955,62,[0 1 1 1 1 0 0 0 0 0;0 1 0 5 1 1 1 1 1 0;0 1 0 2 0 1 1 0 1 1;0 1 1 0 2 1 1 0 0 1;0 0 1 3 2 0 0 0 0 1;1 1 1 0 0 1 3 0 0 1;1 0 0 0 0 1 1 1 1 1;1 0 2 3 0 1 0 0 0 0;1 3 0 0 0 1 0 0 0 0;1 1 1 1 1 1 0 0 0 0]
157,A*,11.49750018119812,74,[0 0 0 0 0 0 0 0 0 0;0 0 0 0 0 0 0 0 0 0;1 1 1 1 0 0 0 0 0 0;1 0 0 1 1 1 1 0 0 0;1 0 1 1 1 0 1 1 1 1;1 0 0 0 0 3 3 0 0 1;1 5 3 0 3 2 0 2 1 1;1 0 0 1 1 1 2 2 0 1;1 0 0 0 0 0 0 0 0 1;1 1 1 1 1 1 1 1 1 1]
157,DFS,7.606731176376343,1480,[0 0 0 0 0 0 0 0 0 0;0 0 0 0 0 0 0 0 0 0;1 1 1 1 0 0 0 0 0 0;1 0 0 1 1 1 1 0 0 0;1 0 1 1 1 0 1 1 1 1;1 0 0 0 0 3 3 0 0 1;1 5 3 0 3 2 0 2 1 1;1 0 0 1 1 1 2 2 0 1;1 0 0 0 0 0 0 0 0 1;1 1 1 1 1 1 1 1 1 1]
157,BFS,21.37547278404236,74,[0 0 0 0 0 0 0 0 0 0;0 0 0 0 0 0 0 0 0 0;1 1 1 1 0 0 0 0 0 0;1 0 0 1 1 1 1 0 0 0;1 0 1 1 1 0 1 1 1 1;1 0 0 0 0 3 3 0 0 1;1 5 3 0 3 2 0 2 1 1;1 0 0 1 1 1 2 2 0 1;1 0 0 0 0 0 0 0 0 1;1 1 1 1 1 1 1 1 1 1]
158,A*,2.490729570388794,33,[1 1 1 1 0 0 0 0 0 0;1 0 0 1 0 0 0 0 0 0;1 0 0 1 0 0 0 0 0 0;1 0 1 1 0 0 0 0 0 0;1 0 0 1 1 1 1 0 0 0;1 0 0 2 5 3 1 0 0 0;1 0 3 3 2 0 1 0 0 0;1 0 3 2 2 1 1 0 0 0;1 0 0 0 0 0 1 0 0 0;1 1 1 1 1 1 1 0 0 0]
158,DFS,1.598698616027832,100,[1 1 1 1 0 0 0 0 0 0;1 0 0 1 0 0 0 0 0 0;1 0 0 1 0 0 0 0 0 0;1 0 1 1 0 0 0 0 0 0;1 0 0 1 1 1 1 0 0 0;1 0 0 2 5 3 1 0 0 0;1 0 3 3 2 0 1 0 0 0;1 0 3 2 2 1 1 0 0 0;1 0 0 0 0 0 1 0 0 0;1 1 1 1 1 1 1 0 0 0]
158,BFS,3.138920783996582,33,[1 1 1 1 0 0 0 0 0 0;1 0 0 1 0 0 0 0 0 0;1 0 0 1 0 0 0 0 0 0;1 0 1 1 0 0 0 0 0 0;1 0 0 1 1 1 1 0 0 0;1 0 0 2 5 3 1 0 0 0;1 0 3 3 2 0 1 0 0 0;1 0 3 2 2 1 1 0 0 0;1 0 0 0 0 0 1 0 0 0;1 1 1 1 1 1 1 0 0 0]
159,A*,0.3251326084136963,36,[0 0 0 0 0 0 1 1 1 1;0 0 0 0 0 1 1 0 3 1;0 0 0 1 1 1 0 0 0 1;0 0 0 1 0 3 2 2 3 1;0 0 0 1 0 0 0 2 0 1;0 0 0 1 1 1 1 0 0 1;0 0 0 0 0 0 1 3 0 1;0 0 0 0 0 0 1 1 2 1;0 0 0 0 0 0 0 1 5 1;0 0 0 0 0 0 0 1 1 1]
159,DFS,0.15453052520751953,94,[0 0 0 0 0 0 1 1 1 1;0 0 0 0 0 1 1 0 3 1;0 0 0 1 1 1 0 0 0 1;0 0 0 1 0 3 2 2 3 1;0 0 0 1 0 0 0 2 0 1;0 0 0 1 1 1 1 0 0 1;0 0 0 0 0 0 1 3 0 1;0 0 0 0 0 0 1 1 2 1;0 0 0 0 0 0 0 1 5 1;0 0 0 0 0 0 0 1 1 1]
159,BFS,0.1761643886566162,36,[0 0 0 0 0 0 1 1 1 1;0 0 0 0 0 1 1 0 3 1;0 0 0 1 1 1 0 0 0 1;0 0 0 1 0 3 2 2 3 1;0 0 0 1 0 0 0 2 0 1;0 0 0 1 1 1 1 0 0 1;0 0 0 0 0 0 1 3 0 1;0 0 0 0 0 0 1 1 2 1;0 0 0 0 0 0 0 1 5 1;0 0 0 0 0 0 0 1 1 1]
160,A*,0.7928266525268555,59,[1 1 1 1 1 1 1 1 1 1;1 0 0 0 0 0 5 0 0 1;1 3 2 0 2 0 1 0 0 1;1 0 1 1 1 1 1 1 1 1;1 0 0 1 0 0 0 0 0 0;1 3 1 1 1 1 1 0 0 0;1 0 1 1 0 0 1 1 0 0;1 0 2 0 0 2 3 1 0 0;1 3 0 0 0 0 0 1 0 0;1 1 1 1 1 1 1 1 0 0]
160,DFS,0.2605316638946533,93,[1 1 1 1 1 1 1 1 1 1;1 0 0 0 0 0 5 0 0 1;1 3 2 0 2 0 1 0 0 1;1 0 1 1 1 1 1 1 1 1;1 0 0 1 0 0 0 0 0 0;1 3 1 1 1 1 1 0 0 0;1 0 1 1 0 0 1 1 0 0;1 0 2 0 0 2 3 1 0 0;1 3 0 0 0 0 0 1 0 0;1 1 1 1 1 1 1 1 0 0]
160,BFS,0.514092206954956,59,[1 1 1 1 1 1 1 1 1 1;1 0 0 0 0 0 5 0 0 1;1 3 2 0 2 0 1 0 0 1;1 0 1 1 1 1 1 1 1 1;1 0 0 1 0 0 0 0 0 0;1 3 1 1 1 1 1 0 0 0;1 0 1 1 0 0 1 1 0 0;1 0 2 0 0 2 3 1 0 0;1 3 0 0 0 0 0 1 0 0;1 1 1 1 1 1 1 1 0 0]
161,A*,34.361305713653564,60,[1 1 1 1 1 1 1 1 1 1;1 0 0 0 0 0 0 0 3 1;1 0 0 3 1 1 0 0 1 1;1 1 2 0 1 1 1 0 1 1;1 0 0 0 1 0 1 0 0 1;1 0 2 1 1 1 1 3 0 1;1 0 0 0 1 1 3 0 1 1;1 0 2 0 2 0 0 0 0 1;1 1 0 5 1 1 0 0 1 1;0 1 1 1 1 1 1 1 1 0]
161,DFS,15.217680931091309,523,[1 1 1 1 1 1 1 1 1 1;1 0 0 0 0 0 0 0 3 1;1 0 0 3 1 1 0 0 1 1;1 1 2 0 1 1 1 0 1 1;1 0 0 0 1 0 1 0 0 1;1 0 2 1 1 1 1 3 0 1;1 0 0 0 1 1 3 0 1 1;1 0 2 0 2 0 0 0 0 1;1 1 0 5 1 1 0 0 1 1;0 1 1 1 1 1 1 1 1 0]
161,BFS,156.51658535003662,60,[1 1 1 1 1 1 1 1 1 1;1 0 0 0 0 0 0 0 3 1;1 0 0 3 1 1 0 0 1 1;1 1 2 0 1 1 1 0 1 1;1 0 0 0 1 0 1 0 0 1;1 0 2 1 1 1 1 3 0 1;1 0 0 0 1 1 3 0 1 1;1 0 2 0 2 0 0 0 0 1;1 1 0 5 1 1 0 0 1 1;0 1 1 1 1 1 1 1 1 0]
162,A*,24.96687388420105,85,[1 1 1 1 1 1 1 1 1 1;1 0 0 3 0 0 0 0 0 1;1 0 3 0 0 0 0 0 0 1;1 0 1 1 1 1 0 0 0 1;1 0 1 1 1 1 1 0 0 1;1 0 0 0 3 0 2 2 0 1;1 0 2 2 0 1 0 0 0 1;1 5 3 1 1 1 1 1 1 1;1 0 1 1 0 0 0 0 0 0;1 1 1 0 0 0 0 0 0 0]
162,DFS,63.82233285903931,1679,[1 1 1 1 1 1 1 1 1 1;1 0 0 3 0 0 0 0 0 1;1 0 3 0 0 0 0 0 0 1;1 0 1 1 1 1 0 0 0 1;1 0 1 1 1 1 1 0 0 1;1 0 0 0 3 0 2 2 0 1;1 0 2 2 0 1 0 0 0 1;1 5 3 1 1 1 1 1 1 1;1 0 1 1 0 0 0 0 0 0;1 1 1 0 0 0 0 0 0 0]
162,BFS,1026.3482546806335,85,[1 1 1 1 1 1 1 1 1 1;1 0 0 3 0 0 0 0 0 1;1 0 3 0 0 0 0 0 0 1;1 0 1 1 1 1 0 0 0 1;1 0 1 1 1 1 1 0 0 1;1 0 0 0 3 0 2 2 0 1;1 0 2 2 0 1 0 0 0 1;1 5 3 1 1 1 1 1 1 1;1 0 1 1 0 0 0 0 0 0;1 1 1 0 0 0 0 0 0 0]
163,A*,0.9361917972564697,42,[0 0 0 1 1 1 1 1 1 1;0 0 1 1 0 2 0 0 3 1;0 0 1 5 2 0 3 0 0 1;0 0 1 1 0 1 1 0 0 1;0 0 1 0 0 1 1 2 0 1;0 1 1 1 0 1 1 0 3 1;0 1 0 0 0 1 1 2 0 1;0 1 1 0 0 1 1 3 0 1;0 0 1 1 1 1 1 1 0 1;0 0 0 0 0 0 0 1 1 1]
163,DFS,0.9206769466400146,100,[0 0 0 1 1 1 1 1 1 1;0 0 1 1 0 2 0 0 3 1;0 0 1 5 2 0 3 0 0 1;0 0 1 1 0 1 1 0 0 1;0 0 1 0 0 1 1 2 0 1;0 1 1 1 0 1 1 0 3 1;0 1 0 0 0 1 1 2 0 1;0 1 1 0 0 1 1 3 0 1;0 0 1 1 1 1 1 1 0 1;0 0 0 0 0 0 0 1 1 1]
163,BFS,0.8898556232452393,42,[0 0 0 1 1 1 1 1 1 1;0 0 1 1 0 2 0 0 3 1;0 0 1 5 2 0 3 0 0 1;0 0 1 1 0 1 1 0 0 1;0 0 1 0 0 1 1 2 0 1;0 1 1 1 0 1 1 0 3 1;0 1 0 0 0 1 1 2 0 1;0 1 1 0 0 1 1 3 0 1;0 0 1 1 1 1 1 1 0 1;0 0 0 0 0 0 0 1 1 1]
164,A*,0.5203642845153809,41,[0 0 0 0 0 0 0 0 0 0;0 0 0 0 0 0 0 0 0 0;0 0 0 0 0 0 0 0 0 0;0 0 0 0 1 1 1 1 1 1;0 0 0 1 1 0 3 2 0 1;0 0 0 1 0 2 0 2 5 1;0 0 0 1 3 0 0 3 3 1;0 0 0 1 1 1 1 2 0 1;0 0 0 0 0 0 1 0 0 1;0 0 0 0 0 0 1 1 1 1]
164,DFS,0.10071063041687012,68,[0 0 0 0 0 0 0 0 0 0;0 0 0 0 0 0 0 0 0 0;0 0 0 0 0 0 0 0 0 0;0 0 0 0 1 1 1 1 1 1;0 0 0 1 1 0 3 2 0 1;0 0 0 1 0 2 0 2 5 1;0 0 0 1 3 0 0 3 3 1;0 0 0 1 1 1 1 2 0 1;0 0 0 0 0 0 1 0 0 1;0 0 0 0 0 0 1 1 1 1]
164,BFS,0.19755125045776367,41,[0 0 0 0 0 0 0 0 0 0;0 0 0 0 0 0 0 0 0 0;0 0 0 0 0 0 0 0 0 0;0 0 0 0 1 1 1 1 1 1;0 0 0 1 1 0 3 2 0 1;0 0 0 1 0 2 0 2 5 1;0 0 0 1 3 0 0 3 3 1;0 0 0 1 1 1 1 2 0 1;0 0 0 0 0 0 1 0 0 1;0 0 0 0 0 0 1 1 1 1]
165,A*,0.06024312973022461,18,[0 0 0 0 0 0 0 0 0 0;0 0 0 0 0 0 0 0 0 0;1 1 1 1 1 1 1 1 1 1;1 3 0 0 0 0 0 0 0 1;1 0 3 2 1 1 0 0 1 1;1 0 2 0 1 1 1 1 1 0;1 5 2 0 1 0 0 0 0 0;1 0 2 0 1 0 0 0 0 0;1 0 3 3 1 0 0 0 0 0;1 1 1 1 1 0 0 0 0 0]
165,DFS,0.7405900955200195,50,[0 0 0 0 0 0 0 0 0 0;0 0 0 0 0 0 0 0 0 0;1 1 1 1 1 1 1 1 1 1;1 3 0 0 0 0 0 0 0 1;1 0 3 2 1 1 0 0 1 1;1 0 2 0 1 1 1 1 1 0;1 5 2 0 1 0 0 0 0 0;1 0 2 0 1 0 0 0 0 0;1 0 3 3 1 0 0 0 0 0;1 1 1 1 1 0 0 0 0 0]
165,BFS,0.10858011245727539,18,[0 0 0 0 0 0 0 0 0 0;0 0 0 0 0 0 0 0 0 0;1 1 1 1 1 1 1 1 1 1;1 3 0 0 0 0 0 0 0 1;1 0 3 2 1 1 0 0 1 1;1 0 2 0 1 1 1 1 1 0;1 5 2 0 1 0 0 0 0 0;1 0 2 0 1 0 0 0 0 0;1 0 3 3 1 0 0 0 0 0;1 1 1 1 1 0 0 0 0 0]
166,A*,22.836140632629395,71,[0 0 0 0 0 0 0 1 1 1;0 0 0 0 0 0 1 1 3 1;0 0 0 0 0 0 1 0 0 1;0 1 1 1 1 0 1 0 0 1;0 1 0 0 1 1 1 1 0 1;0 1 0 2 0 0 1 1 0 1;0 1 0 0 0 0 1 0 3 1;1 1 1 2 2 3 0 2 5 1;1 0 0 0 0 0 0 3 0 1;1 1 1 1 1 1 1 1 1 1]
166,DFS,4.76547384262085,591,[0 0 0 0 0 0 0 1 1 1;0 0 0 0 0 0 1 1 3 1;0 0 0 0 0 0 1 0 0 1;0 1 1 1 1 0 1 0 0 1;0 1 0 0 1 1 1 1 0 1;0 1 0 2 0 0 1 1 0 1;0 1 0 0 0 0 1 0 3 1;1 1 1 2 2 3 0 2 5 1;1 0 0 0 0 0 0 3 0 1;1 1 1 1 1 1 1 1 1 1]
166,BFS,23.968536615371704,71,[0 0 0 0 0 0 0 1 1 1;0 0 0 0 0 0 1 1 3 1;0 0 0 0 0 0 1 0 0 1;0 1 1 1 1 0 1 0 0 1;0 1 0 0 1 1 1 1 0 1;0 1 0 2 0 0 1 1 0 1;0 1 0 0 0 0 1 0 3 1;1 1 1 2 2 3 0 2 5 1;1 0 0 0 0 0 0 3 0 1;1 1 1 1 1 1 1 1 1 1]
167,A*,15.465582847595215,66,[0 0 0 0 1 1 1 1 1 1;0 0 0 0 1 0 3 0 0 1;0 0 0 0 1 0 0 2 0 1;0 0 0 0 1 1 1 0 3 1;0 0 0 0 0 1 0 0 3 1;1 1 1 1 0 1 2 2 0 1;1 0 0 1 1 1 0 0 1 1;1 0 5 0 1 0 2 3 1 1;1 0 0 0 0 0 0 0 0 1;1 1 1 1 1 1 1 1 1 1]
167,DFS,5.164776802062988,290,[0 0 0 0 1 1 1 1 1 1;0 0 0 0 1 0 3 0 0 1;0 0 0 0 1 0 0 2 0 1;0 0 0 0 1 1 1 0 3 1;0 0 0 0 0 1 0 0 3 1;1 1 1 1 0 1 2 2 0 1;1 0 0 1 1 1 0 0 1 1;1 0 5 0 1 0 2 3 1 1;1 0 0 0 0 0 0 0 0 1;1 1 1 1 1 1 1 1 1 1]
167,BFS,19.585465669631958,66,[0 0 0 0 1 1 1 1 1 1;0 0 0 0 1 0 3 0 0 1;0 0 0 0 1 0 0 2 0 1;0 0 0 0 1 1 1 0 3 1;0 0 0 0 0 1 0 0 3 1;1 1 1 1 0 1 2 2 0 1;1 0 0 1 1 1 0 0 1 1;1 0 5 0 1 0 2 3 1 1;1 0 0 0 0 0 0 0 0 1;1 1 1 1 1 1 1 1 1 1]
168,A*,9.148606538772583,61,[1 1 1 1 1 1 1 1 0 0;1 0 3 0 0 3 0 1 0 0;1 0 2 0 3 0 0 1 0 0;1 1 1 0 0 1 1 1 0 0;0 0 1 0 0 1 0 0 0 0;0 0 1 2 3 1 1 0 0 0;0 0 1 0 0 0 1 1 1 0;0 1 1 2 2 1 0 0 1 1;0 1 5 0 0 0 0 0 0 1;0 1 1 1 1 1 1 1 1 1]
168,DFS,4.531990051269531,1016,[1 1 1 1 1 1 1 1 0 0;1 0 3 0 0 3 0 1 0 0;1 0 2 0 3 0 0 1 0 0;1 1 1 0 0 1 1 1 0 0;0 0 1 0 0 1 0 0 0 0;0 0 1 2 3 1 1 0 0 0;0 0 1 0 0 0 1 1 1 0;0 1 1 2 2 1 0 0 1 1;0 1 5 0 0 0 0 0 0 1;0 1 1 1 1 1 1 1 1 1]
168,BFS,10.581758975982666,61,[1 1 1 1 1 1 1 1 0 0;1 0 3 0 0 3 0 1 0 0;1 0 2 0 3 0 0 1 0 0;1 1 1 0 0 1 1 1 0 0;0 0 1 0 0 1 0 0 0 0;0 0 1 2 3 1 1 0 0 0;0 0 1 0 0 0 1 1 1 0;0 1 1 2 2 1 0 0 1 1;0 1 5 0 0 0 0 0 0 1;0 1 1 1 1 1 1 1 1 1]
169,A*,4.340048789978027,74,[1 1 1 1 1 1 1 1 0 0;1 0 0 0 5 0 0 1 0 0;1 0 2 1 1 0 1 1 0 0;1 0 0 0 0 1 0 1 1 1;1 0 1 1 0 0 0 0 0 1;1 3 1 1 3 2 0 2 0 1;1 0 1 1 1 1 1 1 3 1;1 0 2 0 0 0 0 0 3 1;1 0 0 1 1 0 0 0 0 1;1 1 1 1 1 1 1 1 1 1]
169,DFS,0.5232734680175781,576,[1 1 1 1 1 1 1 1 0 0;1 0 0 0 5 0 0 1 0 0;1 0 2 1 1 0 1 1 0 0;1 0 0 0 0 1 0 1 1 1;1 0 1 1 0 0 0 0 0 1;1 3 1 1 3 2 0 2 0 1;1 0 1 1 1 1 1 1 3 1;1 0 2 0 0 0 0 0 3 1;1 0 0 1 1 0 0 0 0 1;1 1 1 1 1 1 1 1 1 1]
169,BFS,3.3311798572540283,74,[1 1 1 1 1 1 1 1 0 0;1 0 0 0 5 0 0 1 0 0;1 0 2 1 1 0 1 1 0 0;1 0 0 0 0 1 0 1 1 1;1 0 1 1 0 0 0 0 0 1;1 3 1 1 3 2 0 2 0 1;1 0 1 1 1 1 1 1 3 1;1 0 2 0 0 0 0 0 3 1;1 0 0 1 1 0 0 0 0 1;1 1 1 1 1 1 1 1 1 1]
170,A*,0.03347277641296387,34,[1 1 1 1 1 1 1 1 1 0;1 3 0 0 3 0 0 3 1 0;1 3 2 2 2 2 0 0 1 0;1 1 1 5 0 1 1 1 1 0;0 0 1 1 1 1 0 0 0 0;0 0 0 0 0 0 0 0 0 0;0 0 0 0 0 0 0 0 0 0;0 0 0 0 0 0 0 0 0 0;0 0 0 0 0 0 0 0 0 0;0 0 0 0 0 0 0 0 0 0]
170,DFS,0.008073568344116211,46,[1 1 1 1 1 1 1 1 1 0;1 3 0 0 3 0 0 3 1 0;1 3 2 2 2 2 0 0 1 0;1 1 1 5 0 1 1 1 1 0;0 0 1 1 1 1 0 0 0 0;0 0 0 0 0 0 0 0 0 0;0 0 0 0 0 0 0 0 0 0;0 0 0 0 0 0 0 0 0 0;0 0 0 0 0 0 0 0 0 0;0 0 0 0 0 0 0 0 0 0]
170,BFS,0.014671087265014648,34,[1 1 1 1 1 1 1 1 1 0;1 3 0 0 3 0 0 3 1 0;1 3 2 2 2 2 0 0 1 0;1 1 1 5 0 1 1 1 1 0;0 0 1 1 1 1 0 0 0 0;0 0 0 0 0 0 0 0 0 0;0 0 0 0 0 0 0 0 0 0;0 0 0 0 0 0 0 0 0 0;0 0 0 0 0 0 0 0 0 0;0 0 0 0 0 0 0 0 0 0]
171,A*,1.8213622570037842,54,[1 1 1 1 1 1 0 0 0 0;1 0 0 0 0 1 0 0 0 0;1 3 1 2 0 1 0 0 0 0;1 0 3 0 3 1 0 0 0 0;1 0 2 0 0 1 0 0 0 0;1 0 0 1 1 1 0 0 0 0;1 0 1 1 1 1 1 0 0 0;1 2 2 0 0 3 1 0 0 0;1 0 0 0 5 1 1 0 0 0;1 1 1 1 1 1 0 0 0 0]
171,DFS,0.1062614917755127,138,[1 1 1 1 1 1 0 0 0 0;1 0 0 0 0 1 0 0 0 0;1 3 1 2 0 1 0 0 0 0;1 0 3 0 3 1 0 0 0 0;1 0 2 0 0 1 0 0 0 0;1 0 0 1 1 1 0 0 0 0;1 0 1 1 1 1 1 0 0 0;1 2 2 0 0 3 1 0 0 0;1 0 0 0 5 1 1 0 0 0;1 1 1 1 1 1 0 0 0 0]
171,BFS,0.9920370578765869,54,[1 1 1 1 1 1 0 0 0 0;1 0 0 0 0 1 0 0 0 0;1 3 1 2 0 1 0 0 0 0;1 0 3 0 3 1 0 0 0 0;1 0 2 0 0 1 0 0 0 0;1 0 0 1 1 1 0 0 0 0;1 0 1 1 1 1 1 0 0 0;1 2 2 0 0 3 1 0 0 0;1 0 0 0 5 1 1 0 0 0;1 1 1 1 1 1 0 0 0 0]
172,A*,0.09968423843383789,21,[0 0 0 1 1 1 0 0 0 0;0 0 0 1 0 1 0 0 0 0;0 0 0 1 0 1 1 0 0 0;1 1 1 1 0 0 1 0 0 0;1 5 0 1 0 1 1 0 0 0;1 2 2 0 0 1 0 0 0 0;1 0 2 3 0 1 0 0 0 0;1 3 2 3 1 1 1 0 0 0;1 3 0 0 0 0 1 0 0 0;1 1 1 1 1 1 1 0 0 0]
172,DFS,0.17003798484802246,25,[0 0 0 1 1 1 0 0 0 0;0 0 0 1 0 1 0 0 0 0;0 0 0 1 0 1 1 0 0 0;1 1 1 1 0 0 1 0 0 0;1 5 0 1 0 1 1 0 0 0;1 2 2 0 0 1 0 0 0 0;1 0 2 3 0 1 0 0 0 0;1 3 2 3 1 1 1 0 0 0;1 3 0 0 0 0 1 0 0 0;1 1 1 1 1 1 1 0 0 0]
172,BFS,0.12897300720214844,21,[0 0 0 1 1 1 0 0 0 0;0 0 0 1 0 1 0 0 0 0;0 0 0 1 0 1 1 0 0 0;1 1 1 1 0 0 1 0 0 0;1 5 0 1 0 1 1 0 0 0;1 2 2 0 0 1 0 0 0 0;1 0 2 3 0 1 0 0 0 0;1 3 2 3 1 1 1 0 0 0;1 3 0 0 0 0 1 0 0 0;1 1 1 1 1 1 1 0 0 0]
173,A*,1.7438874244689941,51,[1 1 1 1 0 0 0 0 0 0;1 0 3 1 1 1 0 0 0 0;1 0 2 0 0 1 0 0 0 0;1 0 2 0 3 1 0 0 0 0;1 0 1 0 0 1 1 0 0 0;1 0 0 1 0 0 1 0 0 0;1 0 3 0 2 1 1 0 0 0;1 0 2 1 5 1 0 0 0 0;1 3 0 1 1 1 0 0 0 0;1 1 1 1 0 0 0 0 0 0]
173,DFS,0.5751025676727295,123,[1 1 1 1 0 0 0 0 0 0;1 0 3 1 1 1 0 0 0 0;1 0 2 0 0 1 0 0 0 0;1 0 2 0 3 1 0 0 0 0;1 0 1 0 0 1 1 0 0 0;1 0 0 1 0 0 1 0 0 0;1 0 3 0 2 1 1 0 0 0;1 0 2 1 5 1 0 0 0 0;1 3 0 1 1 1 0 0 0 0;1 1 1 1 0 0 0 0 0 0]
173,BFS,1.175243854522705,51,[1 1 1 1 0 0 0 0 0 0;1 0 3 1 1 1 0 0 0 0;1 0 2 0 0 1 0 0 0 0;1 0 2 0 3 1 0 0 0 0;1 0 1 0 0 1 1 0 0 0;1 0 0 1 0 0 1 0 0 0;1 0 3 0 2 1 1 0 0 0;1 0 2 1 5 1 0 0 0 0;1 3 0 1 1 1 0 0 0 0;1 1 1 1 0 0 0 0 0 0]
174,A*,4.996350288391113,42,[0 0 0 0 0 0 0 0 0 0;0 0 0 0 0 0 0 0 0 0;0 0 0 1 1 1 1 1 1 0;1 1 1 1 0 1 1 0 1 1;1 0 5 0 0 0 0 0 0 1;1 1 0 2 0 0 3 3 2 1;1 1 1 1 1 1 0 3 0 1;1 0 0 1 1 1 2 2 3 1;1 0 0 0 0 0 0 0 0 1;1 1 1 1 1 1 1 1 1 1]
174,DFS,3.517190456390381,604,[0 0 0 0 0 0 0 0 0 0;0 0 0 0 0 0 0 0 0 0;0 0 0 1 1 1 1 1 1 0;1 1 1 1 0 1 1 0 1 1;1 0 5 0 0 0 0 0 0 1;1 1 0 2 0 0 3 3 2 1;1 1 1 1 1 1 0 3 0 1;1 0 0 1 1 1 2 2 3 1;1 0 0 0 0 0 0 0 0 1;1 1 1 1 1 1 1 1 1 1]
174,BFS,10.469122886657715,42,[0 0 0 0 0 0 0 0 0 0;0 0 0 0 0 0 0 0 0 0;0 0 0 1 1 1 1 1 1 0;1 1 1 1 0 1 1 0 1 1;1 0 5 0 0 0 0 0 0 1;1 1 0 2 0 0 3 3 2 1;1 1 1 1 1 1 0 3 0 1;1 0 0 1 1 1 2 2 3 1;1 0 0 0 0 0 0 0 0 1;1 1 1 1 1 1 1 1 1 1]
175,A*,1.4218804836273193,36,[1 1 1 1 1 1 1 1 0 0;1 0 0 3 0 2 5 1 0 0;1 0 3 2 0 1 1 1 0 0;1 0 0 0 3 0 1 0 0 0;1 0 2 2 0 1 1 0 0 0;1 0 3 1 1 1 0 0 0 0;1 0 1 1 0 0 0 0 0 0;1 1 1 0 0 0 0 0 0 0;0 0 0 0 0 0 0 0 0 0;0 0 0 0 0 0 0 0 0 0]
175,DFS,0.7834162712097168,158,[1 1 1 1 1 1 1 1 0 0;1 0 0 3 0 2 5 1 0 0;1 0 3 2 0 1 1 1 0 0;1 0 0 0 3 0 1 0 0 0;1 0 2 2 0 1 1 0 0 0;1 0 3 1 1 1 0 0 0 0;1 0 1 1 0 0 0 0 0 0;1 1 1 0 0 0 0 0 0 0;0 0 0 0 0 0 0 0 0 0;0 0 0 0 0 0 0 0 0 0]
175,BFS,1.0741431713104248,36,[1 1 1 1 1 1 1 1 0 0;1 0 0 3 0 2 5 1 0 0;1 0 3 2 0 1 1 1 0 0;1 0 0 0 3 0 1 0 0 0;1 0 2 2 0 1 1 0 0 0;1 0 3 1 1 1 0 0 0 0;1 0 1 1 0 0 0 0 0 0;1 1 1 0 0 0 0 0 0 0;0 0 0 0 0 0 0 0 0 0;0 0 0 0 0 0 0 0 0 0]
176,A*,0.9140830039978027,53,[0 0 0 0 0 0 0 0 0 0;0 0 0 0 0 0 0 0 0 0;0 0 0 0 0 1 1 1 0 0;0 0 0 0 0 1 0 1 1 1;0 0 0 0 0 1 0 3 0 1;0 0 0 0 0 1 0 3 0 1;1 1 1 1 1 1 0 2 0 1;1 5 2 0 2 3 0 0 0 1;1 0 0 0 0 1 3 2 0 1;1 1 1 1 1 1 1 1 1 1]
176,DFS,0.3128325939178467,213,[0 0 0 0 0 0 0 0 0 0;0 0 0 0 0 0 0 0 0 0;0 0 0 0 0 1 1 1 0 0;0 0 0 0 0 1 0 1 1 1;0 0 0 0 0 1 0 3 0 1;0 0 0 0 0 1 0 3 0 1;1 1 1 1 1 1 0 2 0 1;1 5 2 0 2 3 0 0 0 1;1 0 0 0 0 1 3 2 0 1;1 1 1 1 1 1 1 1 1 1]
176,BFS,0.37401342391967773,53,[0 0 0 0 0 0 0 0 0 0;0 0 0 0 0 0 0 0 0 0;0 0 0 0 0 1 1 1 0 0;0 0 0 0 0 1 0 1 1 1;0 0 0 0 0 1 0 3 0 1;0 0 0 0 0 1 0 3 0 1;1 1 1 1 1 1 0 2 0 1;1 5 2 0 2 3 0 0 0 1;1 0 0 0 0 1 3 2 0 1;1 1 1 1 1 1 1 1 1 1]
177,A*,10.525423288345337,85,[0 1 1 1 1 1 1 0 0 0;0 1 0 0 0 0 1 0 0 0;1 1 3 3 2 2 1 0 0 0;1 0 0 1 0 0 1 0 0 0;1 0 0 3 1 0 1 0 0 0;1 0 2 1 1 3 1 1 0 0;1 0 0 0 0 2 5 1 0 0;1 0 0 0 1 1 1 1 0 0;1 0 0 0 1 0 0 0 0 0;1 1 1 1 1 0 0 0 0 0]
177,DFS,3.651670455932617,821,[0 1 1 1 1 1 1 0 0 0;0 1 0 0 0 0 1 0 0 0;1 1 3 3 2 2 1 0 0 0;1 0 0 1 0 0 1 0 0 0;1 0 0 3 1 0 1 0 0 0;1 0 2 1 1 3 1 1 0 0;1 0 0 0 0 2 5 1 0 0;1 0 0 0 1 1 1 1 0 0;1 0 0 0 1 0 0 0 0 0;1 1 1 1 1 0 0 0 0 0]
177,BFS,9.087085247039795,85,[0 1 1 1 1 1 1 0 0 0;0 1 0 0 0 0 1 0 0 0;1 1 3 3 2 2 1 0 0 0;1 0 0 1 0 0 1 0 0 0;1 0 0 3 1 0 1 0 0 0;1 0 2 1 1 3 1 1 0 0;1 0 0 0 0 2 5 1 0 0;1 0 0 0 1 1 1 1 0 0;1 0 0 0 1 0 0 0 0 0;1 1 1 1 1 0 0 0 0 0]
178,A*,24.80183219909668,80,[1 1 1 1 0 0 0 0 0 0;1 0 0 1 1 1 1 1 1 1;1 0 0 3 0 3 0 0 0 1;1 3 2 0 1 0 0 0 0 1;1 1 5 1 1 1 1 1 0 1;1 1 2 0 1 0 1 0 0 1;1 0 0 1 1 1 1 0 0 1;1 0 2 1 0 2 0 0 3 1;1 0 0 0 0 0 0 0 0 1;1 1 1 1 1 1 1 1 1 1]
178,DFS,15.379437446594238,1912,[1 1 1 1 0 0 0 0 0 0;1 0 0 1 1 1 1 1 1 1;1 0 0 3 0 3 0 0 0 1;1 3 2 0 1 0 0 0 0 1;1 1 5 1 1 1 1 1 0 1;1 1 2 0 1 0 1 0 0 1;1 0 0 1 1 1 1 0 0 1;1 0 2 1 0 2 0 0 3 1;1 0 0 0 0 0 0 0 0 1;1 1 1 1 1 1 1 1 1 1]
178,BFS,52.42435359954834,80,[1 1 1 1 0 0 0 0 0 0;1 0 0 1 1 1 1 1 1 1;1 0 0 3 0 3 0 0 0 1;1 3 2 0 1 0 0 0 0 1;1 1 5 1 1 1 1 1 0 1;1 1 2 0 1 0 1 0 0 1;1 0 0 1 1 1 1 0 0 1;1 0 2 1 0 2 0 0 3 1;1 0 0 0 0 0 0 0 0 1;1 1 1 1 1 1 1 1 1 1]
179,A*,0.9743220806121826,49,[1 1 1 1 0 0 0 0 0 0;1 0 5 1 0 0 0 0 0 0;1 2 1 1 1 0 0 0 0 0;1 0 0 0 1 0 0 0 0 0;1 0 2 1 1 0 0 0 0 0;1 0 0 0 1 0 0 0 0 0;1 3 3 1 1 1 1 1 0 0;1 0 3 0 0 2 0 1 0 0;1 3 2 0 0 0 0 1 0 0;1 1 1 1 1 1 1 1 0 0]
179,DFS,0.6080098152160645,79,[1 1 1 1 0 0 0 0 0 0;1 0 5 1 0 0 0 0 0 0;1 2 1 1 1 0 0 0 0 0;1 0 0 0 1 0 0 0 0 0;1 0 2 1 1 0 0 0 0 0;1 0 0 0 1 0 0 0 0 0;1 3 3 1 1 1 1 1 0 0;1 0 3 0 0 2 0 1 0 0;1 3 2 0 0 0 0 1 0 0;1 1 1 1 1 1 1 1 0 0]
179,BFS,0.6759977340698242,49,[1 1 1 1 0 0 0 0 0 0;1 0 5 1 0 0 0 0 0 0;1 2 1 1 1 0 0 0 0 0;1 0 0 0 1 0 0 0 0 0;1 0 2 1 1 0 0 0 0 0;1 0 0 0 1 0 0 0 0 0;1 3 3 1 1 1 1 1 0 0;1 0 3 0 0 2 0 1 0 0;1 3 2 0 0 0 0 1 0 0;1 1 1 1 1 1 1 1 0 0]
180,A*,2.3872230052948,61,[1 1 1 1 1 1 1 1 1 1;1 0 0 0 3 0 3 3 0 1;1 0 2 1 1 1 0 0 0 1;1 0 0 1 0 1 1 2 5 1;1 0 1 1 0 0 1 0 0 1;1 0 1 0 0 0 1 2 0 1;1 0 1 1 0 0 1 0 0 1;1 0 0 1 1 1 1 1 0 1;1 0 0 3 0 0 0 2 0 1;1 1 1 1 1 1 1 1 1 1]
180,DFS,2.1429543495178223,266,[1 1 1 1 1 1 1 1 1 1;1 0 0 0 3 0 3 3 0 1;1 0 2 1 1 1 0 0 0 1;1 0 0 1 0 1 1 2 5 1;1 0 1 1 0 0 1 0 0 1;1 0 1 0 0 0 1 2 0 1;1 0 1 1 0 0 1 0 0 1;1 0 0 1 1 1 1 1 0 1;1 0 0 3 0 0 0 2 0 1;1 1 1 1 1 1 1 1 1 1]
180,BFS,2.5252254009246826,61,[1 1 1 1 1 1 1 1 1 1;1 0 0 0 3 0 3 3 0 1;1 0 2 1 1 1 0 0 0 1;1 0 0 1 0 1 1 2 5 1;1 0 1 1 0 0 1 0 0 1;1 0 1 0 0 0 1 2 0 1;1 0 1 1 0 0 1 0 0 1;1 0 0 1 1 1 1 1 0 1;1 0 0 3 0 0 0 2 0 1;1 1 1 1 1 1 1 1 1 1]
181,A*,2.293592929840088,52,[0 0 0 0 0 0 0 0 0 0;1 1 1 0 0 0 0 0 0 0;1 0 1 0 0 0 0 0 0 0;1 3 1 0 1 1 1 1 1 1;1 0 1 1 1 5 0 0 0 1;1 0 0 1 1 0 0 2 0 1;1 0 2 1 1 0 2 0 0 1;1 2 0 1 1 1 0 0 1 1;1 0 3 0 0 0 3 0 3 1;1 1 1 1 1 1 1 1 1 1]
181,DFS,0.5531079769134521,256,[0 0 0 0 0 0 0 0 0 0;1 1 1 0 0 0 0 0 0 0;1 0 1 0 0 0 0 0 0 0;1 3 1 0 1 1 1 1 1 1;1 0 1 1 1 5 0 0 0 1;1 0 0 1 1 0 0 2 0 1;1 0 2 1 1 0 2 0 0 1;1 2 0 1 1 1 0 0 1 1;1 0 3 0 0 0 3 0 3 1;1 1 1 1 1 1 1 1 1 1]
181,BFS,1.4565026760101318,52,[0 0 0 0 0 0 0 0 0 0;1 1 1 0 0 0 0 0 0 0;1 0 1 0 0 0 0 0 0 0;1 3 1 0 1 1 1 1 1 1;1 0 1 1 1 5 0 0 0 1;1 0 0 1 1 0 0 2 0 1;1 0 2 1 1 0 2 0 0 1;1 2 0 1 1 1 0 0 1 1;1 0 3 0 0 0 3 0 3 1;1 1 1 1 1 1 1 1 1 1]
182,A*,5.63053297996521,54,[0 0 0 0 0 0 0 0 0 0;0 0 0 0 0 0 0 0 0 0;0 0 0 0 0 0 0 0 0 0;0 0 0 0 1 1 1 1 0 0;1 1 1 1 1 0 0 1 0 0;1 5 2 0 3 0 3 1 1 1;1 1 0 2 0 0 2 3 0 1;0 1 1 1 1 0 2 0 3 1;0 0 1 0 0 0 0 0 0 1;0 0 1 1 1 1 1 1 1 1]
182,DFS,2.0582590103149414,370,[0 0 0 0 0 0 0 0 0 0;0 0 0 0 0 0 0 0 0 0;0 0 0 0 0 0 0 0 0 0;0 0 0 0 1 1 1 1 0 0;1 1 1 1 1 0 0 1 0 0;1 5 2 0 3 0 3 1 1 1;1 1 0 2 0 0 2 3 0 1;0 1 1 1 1 0 2 0 3 1;0 0 1 0 0 0 0 0 0 1;0 0 1 1 1 1 1 1 1 1]
182,BFS,4.363428592681885,54,[0 0 0 0 0 0 0 0 0 0;0 0 0 0 0 0 0 0 0 0;0 0 0 0 0 0 0 0 0 0;0 0 0 0 1 1 1 1 0 0;1 1 1 1 1 0 0 1 0 0;1 5 2 0 3 0 3 1 1 1;1 1 0 2 0 0 2 3 0 1;0 1 1 1 1 0 2 0 3 1;0 0 1 0 0 0 0 0 0 1;0 0 1 1 1 1 1 1 1 1]
183,A*,8.122429370880127,63,[0 0 0 0 0 0 0 0 0 0;0 0 1 1 1 1 0 0 0 0;0 1 1 0 0 1 1 1 0 0;1 1 0 0 2 2 0 1 1 1;1 0 0 3 2 3 0 0 0 1;1 0 3 0 1 0 3 0 1 1;1 0 0 1 1 1 2 1 1 0;1 0 0 0 1 1 5 1 0 0;1 0 0 1 1 1 1 1 0 0;1 1 1 1 0 0 0 0 0 0]
183,DFS,5.767914056777954,491,[0 0 0 0 0 0 0 0 0 0;0 0 1 1 1 1 0 0 0 0;0 1 1 0 0 1 1 1 0 0;1 1 0 0 2 2 0 1 1 1;1 0 0 3 2 3 0 0 0 1;1 0 3 0 1 0 3 0 1 1;1 0 0 1 1 1 2 1 1 0;1 0 0 0 1 1 5 1 0 0;1 0 0 1 1 1 1 1 0 0;1 1 1 1 0 0 0 0 0 0]
183,BFS,10.34579586982727,63,[0 0 0 0 0 0 0 0 0 0;0 0 1 1 1 1 0 0 0 0;0 1 1 0 0 1 1 1 0 0;1 1 0 0 2 2 0 1 1 1;1 0 0 3 2 3 0 0 0 1;1 0 3 0 1 0 3 0 1 1;1 0 0 1 1 1 2 1 1 0;1 0 0 0 1 1 5 1 0 0;1 0 0 1 1 1 1 1 0 0;1 1 1 1 0 0 0 0 0 0]
184,A*,8.58828091621399,61,[1 1 1 1 1 1 1 1 0 0;1 0 3 0 0 3 0 1 0 0;1 0 2 0 3 0 0 1 0 0;1 1 1 0 0 1 1 1 0 0;0 0 1 0 0 1 0 0 0 0;0 0 1 2 3 1 1 0 0 0;0 0 1 0 0 0 1 1 1 0;0 1 1 2 2 1 0 0 1 1;0 1 5 0 0 0 0 0 0 1;0 1 1 1 1 1 1 1 1 1]
184,DFS,5.292617559432983,1016,[1 1 1 1 1 1 1 1 0 0;1 0 3 0 0 3 0 1 0 0;1 0 2 0 3 0 0 1 0 0;1 1 1 0 0 1 1 1 0 0;0 0 1 0 0 1 0 0 0 0;0 0 1 2 3 1 1 0 0 0;0 0 1 0 0 0 1 1 1 0;0 1 1 2 2 1 0 0 1 1;0 1 5 0 0 0 0 0 0 1;0 1 1 1 1 1 1 1 1 1]
184,BFS,10.67866063117981,61,[1 1 1 1 1 1 1 1 0 0;1 0 3 0 0 3 0 1 0 0;1 0 2 0 3 0 0 1 0 0;1 1 1 0 0 1 1 1 0 0;0 0 1 0 0 1 0 0 0 0;0 0 1 2 3 1 1 0 0 0;0 0 1 0 0 0 1 1 1 0;0 1 1 2 2 1 0 0 1 1;0 1 5 0 0 0 0 0 0 1;0 1 1 1 1 1 1 1 1 1]
185,A*,3.332752227783203,65,[0 0 0 0 0 0 1 1 1 1;0 1 1 1 1 0 1 0 0 1;1 1 0 0 1 0 1 2 0 1;1 0 0 1 1 0 1 0 0 1;1 0 0 0 1 0 1 3 0 1;1 1 2 0 1 1 1 2 0 1;1 1 0 0 0 1 1 0 0 1;1 0 0 0 3 1 1 2 0 1;1 0 0 3 3 0 0 0 5 1;1 1 1 1 1 1 1 1 1 1]
185,DFS,1.319831132888794,110,[0 0 0 0 0 0 1 1 1 1;0 1 1 1 1 0 1 0 0 1;1 1 0 0 1 0 1 2 0 1;1 0 0 1 1 0 1 0 0 1;1 0 0 0 1 0 1 3 0 1;1 1 2 0 1 1 1 2 0 1;1 1 0 0 0 1 1 0 0 1;1 0 0 0 3 1 1 2 0 1;1 0 0 3 3 0 0 0 5 1;1 1 1 1 1 1 1 1 1 1]
185,BFS,2.0165610313415527,65,[0 0 0 0 0 0 1 1 1 1;0 1 1 1 1 0 1 0 0 1;1 1 0 0 1 0 1 2 0 1;1 0 0 1 1 0 1 0 0 1;1 0 0 0 1 0 1 3 0 1;1 1 2 0 1 1 1 2 0 1;1 1 0 0 0 1 1 0 0 1;1 0 0 0 3 1 1 2 0 1;1 0 0 3 3 0 0 0 5 1;1 1 1 1 1 1 1 1 1 1]
186,A*,15.223564624786377,70,[0 0 0 0 0 0 0 0 0 0;0 0 0 0 0 0 0 1 1 1;0 0 0 0 1 1 1 1 0 1;0 0 0 0 1 0 0 0 0 1;1 1 1 1 1 0 0 2 0 1;1 0 3 2 0 3 0 0 3 1;1 5 1 0 1 0 1 0 0 1;1 0 0 1 1 1 1 2 0 1;1 0 2 0 0 0 0 3 0 1;1 1 1 1 1 1 1 1 1 1]
186,DFS,1.8149466514587402,519,[0 0 0 0 0 0 0 0 0 0;0 0 0 0 0 0 0 1 1 1;0 0 0 0 1 1 1 1 0 1;0 0 0 0 1 0 0 0 0 1;1 1 1 1 1 0 0 2 0 1;1 0 3 2 0 3 0 0 3 1;1 5 1 0 1 0 1 0 0 1;1 0 0 1 1 1 1 2 0 1;1 0 2 0 0 0 0 3 0 1;1 1 1 1 1 1 1 1 1 1]
186,BFS,14.295756578445435,70,[0 0 0 0 0 0 0 0 0 0;0 0 0 0 0 0 0 1 1 1;0 0 0 0 1 1 1 1 0 1;0 0 0 0 1 0 0 0 0 1;1 1 1 1 1 0 0 2 0 1;1 0 3 2 0 3 0 0 3 1;1 5 1 0 1 0 1 0 0 1;1 0 0 1 1 1 1 2 0 1;1 0 2 0 0 0 0 3 0 1;1 1 1 1 1 1 1 1 1 1]
187,A*,0.49379444122314453,51,[0 0 0 0 0 0 0 0 0 0;0 0 0 0 0 0 0 0 0 0;0 0 0 0 0 0 0 0 0 0;0 0 0 0 0 0 0 1 1 1;0 0 0 0 0 1 1 1 0 1;0 0 0 0 0 1 0 3 5 1;0 1 1 1 1 1 2 3 0 1;0 1 3 2 0 2 0 2 0 1;0 1 1 1 0 0 3 0 0 1;0 0 0 1 1 1 1 1 1 1]
187,DFS,0.08477187156677246,128,[0 0 0 0 0 0 0 0 0 0;0 0 0 0 0 0 0 0 0 0;0 0 0 0 0 0 0 0 0 0;0 0 0 0 0 0 0 1 1 1;0 0 0 0 0 1 1 1 0 1;0 0 0 0 0 1 0 3 5 1;0 1 1 1 1 1 2 3 0 1;0 1 3 2 0 2 0 2 0 1;0 1 1 1 0 0 3 0 0 1;0 0 0 1 1 1 1 1 1 1]
187,BFS,0.19343090057373047,51,[0 0 0 0 0 0 0 0 0 0;0 0 0 0 0 0 0 0 0 0;0 0 0 0 0 0 0 0 0 0;0 0 0 0 0 0 0 1 1 1;0 0 0 0 0 1 1 1 0 1;0 0 0 0 0 1 0 3 5 1;0 1 1 1 1 1 2 3 0 1;0 1 3 2 0 2 0 2 0 1;0 1 1 1 0 0 3 0 0 1;0 0 0 1 1 1 1 1 1 1]
188,A*,1.0377197265625,48,[1 1 1 1 1 0 0 0 0 0;1 0 3 0 1 0 0 0 0 0;1 2 0 0 1 0 0 0 0 0;1 0 0 0 1 0 0 0 0 0;1 2 3 0 1 0 0 0 0 0;1 0 2 1 1 0 0 0 0 0;1 3 5 1 1 0 0 0 0 0;1 3 2 0 1 0 0 0 0 0;1 0 0 1 1 0 0 0 0 0;1 1 1 1 0 0 0 0 0 0]
188,DFS,0.37906861305236816,143,[1 1 1 1 1 0 0 0 0 0;1 0 3 0 1 0 0 0 0 0;1 2 0 0 1 0 0 0 0 0;1 0 0 0 1 0 0 0 0 0;1 2 3 0 1 0 0 0 0 0;1 0 2 1 1 0 0 0 0 0;1 3 5 1 1 0 0 0 0 0;1 3 2 0 1 0 0 0 0 0;1 0 0 1 1 0 0 0 0 0;1 1 1 1 0 0 0 0 0 0]
188,BFS,0.42377471923828125,48,[1 1 1 1 1 0 0 0 0 0;1 0 3 0 1 0 0 0 0 0;1 2 0 0 1 0 0 0 0 0;1 0 0 0 1 0 0 0 0 0;1 2 3 0 1 0 0 0 0 0;1 0 2 1 1 0 0 0 0 0;1 3 5 1 1 0 0 0 0 0;1 3 2 0 1 0 0 0 0 0;1 0 0 1 1 0 0 0 0 0;1 1 1 1 0 0 0 0 0 0]
189,A*,1.594696044921875,49,[0 1 1 1 1 1 1 1 1 1;0 1 0 0 0 0 0 0 0 1;0 1 1 0 2 0 3 1 0 1;0 0 1 1 1 1 1 0 0 1;0 0 0 0 0 0 1 0 0 1;0 0 1 1 1 1 1 3 0 1;0 0 1 0 0 1 0 0 0 1;0 0 1 5 2 0 3 2 0 1;0 0 1 0 3 0 0 2 0 1;0 0 1 1 1 1 1 1 1 1]
189,DFS,1.1282083988189697,221,[0 1 1 1 1 1 1 1 1 1;0 1 0 0 0 0 0 0 0 1;0 1 1 0 2 0 3 1 0 1;0 0 1 1 1 1 1 0 0 1;0 0 0 0 0 0 1 0 0 1;0 0 1 1 1 1 1 3 0 1;0 0 1 0 0 1 0 0 0 1;0 0 1 5 2 0 3 2 0 1;0 0 1 0 3 0 0 2 0 1;0 0 1 1 1 1 1 1 1 1]
189,BFS,1.2870750427246094,49,[0 1 1 1 1 1 1 1 1 1;0 1 0 0 0 0 0 0 0 1;0 1 1 0 2 0 3 1 0 1;0 0 1 1 1 1 1 0 0 1;0 0 0 0 0 0 1 0 0 1;0 0 1 1 1 1 1 3 0 1;0 0 1 0 0 1 0 0 0 1;0 0 1 5 2 0 3 2 0 1;0 0 1 0 3 0 0 2 0 1;0 0 1 1 1 1 1 1 1 1]
190,A*,0.3016245365142822,31,[0 0 0 0 0 0 0 1 1 1;0 1 1 1 1 1 1 1 3 1;0 1 5 2 0 0 0 0 0 1;0 1 1 0 2 3 0 2 0 1;0 0 1 1 1 1 1 2 0 1;0 0 0 0 0 0 1 0 0 1;0 0 0 0 0 0 1 3 3 1;0 0 0 0 0 0 1 0 0 1;0 0 0 0 0 0 1 1 1 1;0 0 0 0 0 0 0 0 0 0]
190,DFS,0.4095442295074463,85,[0 0 0 0 0 0 0 1 1 1;0 1 1 1 1 1 1 1 3 1;0 1 5 2 0 0 0 0 0 1;0 1 1 0 2 3 0 2 0 1;0 0 1 1 1 1 1 2 0 1;0 0 0 0 0 0 1 0 0 1;0 0 0 0 0 0 1 3 3 1;0 0 0 0 0 0 1 0 0 1;0 0 0 0 0 0 1 1 1 1;0 0 0 0 0 0 0 0 0 0]
190,BFS,0.23668122291564941,31,[0 0 0 0 0 0 0 1 1 1;0 1 1 1 1 1 1 1 3 1;0 1 5 2 0 0 0 0 0 1;0 1 1 0 2 3 0 2 0 1;0 0 1 1 1 1 1 2 0 1;0 0 0 0 0 0 1 0 0 1;0 0 0 0 0 0 1 3 3 1;0 0 0 0 0 0 1 0 0 1;0 0 0 0 0 0 1 1 1 1;0 0 0 0 0 0 0 0 0 0]
191,A*,1.3612124919891357,75,[1 1 1 1 0 0 0 1 1 1;1 3 0 1 1 1 1 1 0 1;1 0 0 2 0 2 0 2 5 1;1 3 0 0 0 0 3 2 0 1;1 0 1 1 1 1 1 1 1 1;1 3 0 0 0 0 0 1 0 0;1 0 0 1 0 1 1 1 0 0;1 1 1 1 1 1 0 0 0 0;0 0 0 0 0 0 0 0 0 0;0 0 0 0 0 0 0 0 0 0]
191,DFS,0.3443176746368408,112,[1 1 1 1 0 0 0 1 1 1;1 3 0 1 1 1 1 1 0 1;1 0 0 2 0 2 0 2 5 1;1 3 0 0 0 0 3 2 0 1;1 0 1 1 1 1 1 1 1 1;1 3 0 0 0 0 0 1 0 0;1 0 0 1 0 1 1 1 0 0;1 1 1 1 1 1 0 0 0 0;0 0 0 0 0 0 0 0 0 0;0 0 0 0 0 0 0 0 0 0]
191,BFS,0.6472296714782715,75,[1 1 1 1 0 0 0 1 1 1;1 3 0 1 1 1 1 1 0 1;1 0 0 2 0 2 0 2 5 1;1 3 0 0 0 0 3 2 0 1;1 0 1 1 1 1 1 1 1 1;1 3 0 0 0 0 0 1 0 0;1 0 0 1 0 1 1 1 0 0;1 1 1 1 1 1 0 0 0 0;0 0 0 0 0 0 0 0 0 0;0 0 0 0 0 0 0 0 0 0]
192,A*,0.531827449798584,34,[0 0 0 0 0 0 0 0 0 0;0 0 0 0 0 0 0 0 0 0;0 0 0 0 0 0 0 0 0 0;1 1 1 1 0 0 0 0 0 0;1 5 3 1 0 0 0 0 0 0;1 2 0 1 1 1 0 0 0 0;1 3 2 0 0 1 1 0 0 0;1 0 0 2 2 0 1 0 0 0;1 0 3 3 0 0 1 0 0 0;1 1 1 1 1 1 1 0 0 0]
192,DFS,0.15856623649597168,38,[0 0 0 0 0 0 0 0 0 0;0 0 0 0 0 0 0 0 0 0;0 0 0 0 0 0 0 0 0 0;1 1 1 1 0 0 0 0 0 0;1 5 3 1 0 0 0 0 0 0;1 2 0 1 1 1 0 0 0 0;1 3 2 0 0 1 1 0 0 0;1 0 0 2 2 0 1 0 0 0;1 0 3 3 0 0 1 0 0 0;1 1 1 1 1 1 1 0 0 0]
192,BFS,0.22822189331054688,34,[0 0 0 0 0 0 0 0 0 0;0 0 0 0 0 0 0 0 0 0;0 0 0 0 0 0 0 0 0 0;1 1 1 1 0 0 0 0 0 0;1 5 3 1 0 0 0 0 0 0;1 2 0 1 1 1 0 0 0 0;1 3 2 0 0 1 1 0 0 0;1 0 0 2 2 0 1 0 0 0;1 0 3 3 0 0 1 0 0 0;1 1 1 1 1 1 1 0 0 0]
193,A*,1.0275747776031494,54,[0 0 0 0 1 1 1 1 0 0;0 0 0 1 1 0 3 1 1 0;0 0 0 1 0 0 0 3 1 0;0 0 0 1 0 2 0 0 1 0;0 0 0 1 1 2 0 1 1 0;0 0 0 0 1 0 2 1 0 0;1 1 1 1 1 0 0 1 1 0;1 0 0 0 1 3 2 0 1 0;1 0 0 0 3 0 5 1 1 0;1 1 1 1 1 1 1 1 0 0]
193,DFS,0.4704127311706543,181,[0 0 0 0 1 1 1 1 0 0;0 0 0 1 1 0 3 1 1 0;0 0 0 1 0 0 0 3 1 0;0 0 0 1 0 2 0 0 1 0;0 0 0 1 1 2 0 1 1 0;0 0 0 0 1 0 2 1 0 0;1 1 1 1 1 0 0 1 1 0;1 0 0 0 1 3 2 0 1 0;1 0 0 0 3 0 5 1 1 0;1 1 1 1 1 1 1 1 0 0]
193,BFS,0.6040868759155273,54,[0 0 0 0 1 1 1 1 0 0;0 0 0 1 1 0 3 1 1 0;0 0 0 1 0 0 0 3 1 0;0 0 0 1 0 2 0 0 1 0;0 0 0 1 1 2 0 1 1 0;0 0 0 0 1 0 2 1 0 0;1 1 1 1 1 0 0 1 1 0;1 0 0 0 1 3 2 0 1 0;1 0 0 0 3 0 5 1 1 0;1 1 1 1 1 1 1 1 0 0]
194,A*,35.21495580673218,60,[1 1 1 1 1 1 1 1 1 1;1 0 0 0 0 0 0 0 3 1;1 0 0 3 1 1 0 0 1 1;1 1 2 0 1 1 1 0 1 1;1 0 0 0 1 0 1 0 0 1;1 0 2 1 1 1 1 3 0 1;1 0 0 0 1 1 3 0 1 1;1 0 2 0 2 0 0 0 0 1;1 1 0 5 1 1 0 0 1 1;0 1 1 1 1 1 1 1 1 0]
194,DFS,15.531317949295044,523,[1 1 1 1 1 1 1 1 1 1;1 0 0 0 0 0 0 0 3 1;1 0 0 3 1 1 0 0 1 1;1 1 2 0 1 1 1 0 1 1;1 0 0 0 1 0 1 0 0 1;1 0 2 1 1 1 1 3 0 1;1 0 0 0 1 1 3 0 1 1;1 0 2 0 2 0 0 0 0 1;1 1 0 5 1 1 0 0 1 1;0 1 1 1 1 1 1 1 1 0]
194,BFS,156.0607397556305,60,[1 1 1 1 1 1 1 1 1 1;1 0 0 0 0 0 0 0 3 1;1 0 0 3 1 1 0 0 1 1;1 1 2 0 1 1 1 0 1 1;1 0 0 0 1 0 1 0 0 1;1 0 2 1 1 1 1 3 0 1;1 0 0 0 1 1 3 0 1 1;1 0 2 0 2 0 0 0 0 1;1 1 0 5 1 1 0 0 1 1;0 1 1 1 1 1 1 1 1 0]
195,A*,14.998338222503662,91,[1 1 1 1 1 1 1 1 1 1;1 0 0 0 0 0 0 0 0 1;1 1 1 0 1 0 2 1 0 1;0 0 1 1 0 3 2 3 3 1;0 0 0 1 0 0 1 0 0 1;0 0 0 1 5 0 1 2 0 1;0 0 0 1 1 3 1 0 0 1;0 0 0 1 0 0 1 1 2 1;0 0 0 1 0 0 0 0 0 1;0 0 0 1 1 1 1 1 1 1]
195,DFS,5.189653396606445,754,[1 1 1 1 1 1 1 1 1 1;1 0 0 0 0 0 0 0 0 1;1 1 1 0 1 0 2 1 0 1;0 0 1 1 0 3 2 3 3 1;0 0 0 1 0 0 1 0 0 1;0 0 0 1 5 0 1 2 0 1;0 0 0 1 1 3 1 0 0 1;0 0 0 1 0 0 1 1 2 1;0 0 0 1 0 0 0 0 0 1;0 0 0 1 1 1 1 1 1 1]
195,BFS,12.114829063415527,91,[1 1 1 1 1 1 1 1 1 1;1 0 0 0 0 0 0 0 0 1;1 1 1 0 1 0 2 1 0 1;0 0 1 1 0 3 2 3 3 1;0 0 0 1 0 0 1 0 0 1;0 0 0 1 5 0 1 2 0 1;0 0 0 1 1 3 1 0 0 1;0 0 0 1 0 0 1 1 2 1;0 0 0 1 0 0 0 0 0 1;0 0 0 1 1 1 1 1 1 1]
196,A*,1.6933047771453857,42,[1 1 1 1 1 1 1 1 0 0;1 0 3 3 0 2 5 1 0 0;1 0 0 0 0 2 0 1 0 0;1 0 3 2 0 1 1 1 0 0;1 3 2 1 1 1 0 0 0 0;1 0 0 1 0 0 0 0 0 0;1 0 1 1 0 0 0 0 0 0;1 0 1 0 0 0 0 0 0 0;1 1 1 0 0 0 0 0 0 0;0 0 0 0 0 0 0 0 0 0]
196,DFS,0.6475784778594971,270,[1 1 1 1 1 1 1 1 0 0;1 0 3 3 0 2 5 1 0 0;1 0 0 0 0 2 0 1 0 0;1 0 3 2 0 1 1 1 0 0;1 3 2 1 1 1 0 0 0 0;1 0 0 1 0 0 0 0 0 0;1 0 1 1 0 0 0 0 0 0;1 0 1 0 0 0 0 0 0 0;1 1 1 0 0 0 0 0 0 0;0 0 0 0 0 0 0 0 0 0]
196,BFS,0.9478540420532227,42,[1 1 1 1 1 1 1 1 0 0;1 0 3 3 0 2 5 1 0 0;1 0 0 0 0 2 0 1 0 0;1 0 3 2 0 1 1 1 0 0;1 3 2 1 1 1 0 0 0 0;1 0 0 1 0 0 0 0 0 0;1 0 1 1 0 0 0 0 0 0;1 0 1 0 0 0 0 0 0 0;1 1 1 0 0 0 0 0 0 0;0 0 0 0 0 0 0 0 0 0]
197,A*,9.012361288070679,45,[1 1 1 1 1 1 1 1 0 0;1 0 2 0 0 3 3 1 0 0;1 5 2 0 0 0 0 1 0 0;1 0 1 1 1 1 0 1 0 0;1 3 0 1 1 0 0 1 0 0;1 0 1 1 0 0 1 1 0 0;1 0 0 3 0 0 0 1 0 0;1 0 2 0 2 0 1 1 0 0;1 0 0 0 0 1 1 0 0 0;1 1 1 1 1 1 0 0 0 0]
197,DFS,1.1868870258331299,461,[1 1 1 1 1 1 1 1 0 0;1 0 2 0 0 3 3 1 0 0;1 5 2 0 0 0 0 1 0 0;1 0 1 1 1 1 0 1 0 0;1 3 0 1 1 0 0 1 0 0;1 0 1 1 0 0 1 1 0 0;1 0 0 3 0 0 0 1 0 0;1 0 2 0 2 0 1 1 0 0;1 0 0 0 0 1 1 0 0 0;1 1 1 1 1 1 0 0 0 0]
197,BFS,18.09747338294983,45,[1 1 1 1 1 1 1 1 0 0;1 0 2 0 0 3 3 1 0 0;1 5 2 0 0 0 0 1 0 0;1 0 1 1 1 1 0 1 0 0;1 3 0 1 1 0 0 1 0 0;1 0 1 1 0 0 1 1 0 0;1 0 0 3 0 0 0 1 0 0;1 0 2 0 2 0 1 1 0 0;1 0 0 0 0 1 1 0 0 0;1 1 1 1 1 1 0 0 0 0]
198,A*,16.662983894348145,76,[0 0 0 0 0 1 1 1 1 1;0 0 0 0 0 1 0 0 0 1;1 1 1 0 0 1 0 2 0 1;1 0 1 0 0 1 1 3 0 1;1 0 1 1 1 1 1 1 3 1;1 0 0 0 0 0 3 0 0 1;1 0 2 3 0 0 0 2 0 1;1 1 1 2 0 1 1 1 1 1;0 1 0 0 0 0 0 0 5 1;0 1 1 1 1 1 1 1 1 1]
198,DFS,7.382749080657959,894,[0 0 0 0 0 1 1 1 1 1;0 0 0 0 0 1 0 0 0 1;1 1 1 0 0 1 0 2 0 1;1 0 1 0 0 1 1 3 0 1;1 0 1 1 1 1 1 1 3 1;1 0 0 0 0 0 3 0 0 1;1 0 2 3 0 0 0 2 0 1;1 1 1 2 0 1 1 1 1 1;0 1 0 0 0 0 0 0 5 1;0 1 1 1 1 1 1 1 1 1]
198,BFS,28.68824291229248,76,[0 0 0 0 0 1 1 1 1 1;0 0 0 0 0 1 0 0 0 1;1 1 1 0 0 1 0 2 0 1;1 0 1 0 0 1 1 3 0 1;1 0 1 1 1 1 1 1 3 1;1 0 0 0 0 0 3 0 0 1;1 0 2 3 0 0 0 2 0 1;1 1 1 2 0 1 1 1 1 1;0 1 0 0 0 0 0 0 5 1;0 1 1 1 1 1 1 1 1 1]
199,A*,1.6005816459655762,88,[1 1 1 1 1 1 0 0 0 0;1 0 0 0 0 1 0 0 0 0;1 0 3 0 0 1 1 1 1 0;1 1 0 0 0 0 0 0 1 0;0 1 1 0 1 1 0 2 1 0;0 1 5 2 3 1 0 0 1 0;0 1 1 0 0 1 0 2 1 1;0 1 1 3 1 1 0 2 0 1;0 1 0 0 0 0 0 3 0 1;0 1 1 1 1 1 1 1 1 1]
199,DFS,0.5996458530426025,1308,[1 1 1 1 1 1 0 0 0 0;1 0 0 0 0 1 0 0 0 0;1 0 3 0 0 1 1 1 1 0;1 1 0 0 0 0 0 0 1 0;0 1 1 0 1 1 0 2 1 0;0 1 5 2 3 1 0 0 1 0;0 1 1 0 0 1 0 2 1 1;0 1 1 3 1 1 0 2 0 1;0 1 0 0 0 0 0 3 0 1;0 1 1 1 1 1 1 1 1 1]
199,BFS,1.4754321575164795,88,[1 1 1 1 1 1 0 0 0 0;1 0 0 0 0 1 0 0 0 0;1 0 3 0 0 1 1 1 1 0;1 1 0 0 0 0 0 0 1 0;0 1 1 0 1 1 0 2 1 0;0 1 5 2 3 1 0 0 1 0;0 1 1 0 0 1 0 2 1 1;0 1 1 3 1 1 0 2 0 1;0 1 0 0 0 0 0 3 0 1;0 1 1 1 1 1 1 1 1 1]
200,A*,3.101179838180542,56,[0 0 0 0 0 0 0 0 0 0;1 1 1 0 0 0 0 0 0 0;1 0 1 1 1 1 0 0 0 0;1 0 3 1 0 1 1 1 1 0;1 0 3 0 0 0 2 5 1 0;1 0 0 2 0 2 0 1 1 0;1 0 3 1 1 1 1 1 0 0;1 3 2 1 1 1 0 0 0 0;1 0 0 0 0 1 0 0 0 0;1 1 1 1 1 1 0 0 0 0]
200,DFS,1.005850076675415,200,[0 0 0 0 0 0 0 0 0 0;1 1 1 0 0 0 0 0 0 0;1 0 1 1 1 1 0 0 0 0;1 0 3 1 0 1 1 1 1 0;1 0 3 0 0 0 2 5 1 0;1 0 0 2 0 2 0 1 1 0;1 0 3 1 1 1 1 1 0 0;1 3 2 1 1 1 0 0 0 0;1 0 0 0 0 1 0 0 0 0;1 1 1 1 1 1 0 0 0 0]
200,BFS,1.9982612133026123,56,[0 0 0 0 0 0 0 0 0 0;1 1 1 0 0 0 0 0 0 0;1 0 1 1 1 1 0 0 0 0;1 0 3 1 0 1 1 1 1 0;1 0 3 0 0 0 2 5 1 0;1 0 0 2 0 2 0 1 1 0;1 0 3 1 1 1 1 1 0 0;1 3 2 1 1 1 0 0 0 0;1 0 0 0 0 1 0 0 0 0;1 1 1 1 1 1 0 0 0 0]
201,A*,4.725554704666138,41,[0 1 1 1 1 1 1 1 0 0;0 1 0 0 0 0 3 1 0 0;0 1 1 0 2 2 0 1 0 0;1 1 1 1 0 3 0 1 0 0;1 0 0 1 0 0 0 1 0 0;1 0 2 1 1 2 0 1 1 0;1 0 0 1 1 0 0 0 1 0;1 3 0 0 0 5 0 1 1 0;1 0 0 1 1 0 3 0 1 0;1 1 1 1 1 1 1 1 1 0]
201,DFS,4.13204288482666,381,[0 1 1 1 1 1 1 1 0 0;0 1 0 0 0 0 3 1 0 0;0 1 1 0 2 2 0 1 0 0;1 1 1 1 0 3 0 1 0 0;1 0 0 1 0 0 0 1 0 0;1 0 2 1 1 2 0 1 1 0;1 0 0 1 1 0 0 0 1 0;1 3 0 0 0 5 0 1 1 0;1 0 0 1 1 0 3 0 1 0;1 1 1 1 1 1 1 1 1 0]
201,BFS,20.35667586326599,41,[0 1 1 1 1 1 1 1 0 0;0 1 0 0 0 0 3 1 0 0;0 1 1 0 2 2 0 1 0 0;1 1 1 1 0 3 0 1 0 0;1 0 0 1 0 0 0 1 0 0;1 0 2 1 1 2 0 1 1 0;1 0 0 1 1 0 0 0 1 0;1 3 0 0 0 5 0 1 1 0;1 0 0 1 1 0 3 0 1 0;1 1 1 1 1 1 1 1 1 0]
202,A*,0.7139716148376465,46,[1 1 1 1 0 0 0 0 0 0;1 0 0 1 0 0 0 0 0 0;1 0 0 1 1 0 0 0 0 0;1 3 0 0 1 0 0 0 0 0;1 3 0 0 1 0 0 0 0 0;1 0 2 1 1 1 0 0 0 0;1 3 2 0 3 1 0 0 0 0;1 2 2 1 1 1 0 0 0 0;1 5 0 0 0 1 0 0 0 0;1 1 1 1 1 1 0 0 0 0]
202,DFS,0.1486344337463379,131,[1 1 1 1 0 0 0 0 0 0;1 0 0 1 0 0 0 0 0 0;1 0 0 1 1 0 0 0 0 0;1 3 0 0 1 0 0 0 0 0;1 3 0 0 1 0 0 0 0 0;1 0 2 1 1 1 0 0 0 0;1 3 2 0 3 1 0 0 0 0;1 2 2 1 1 1 0 0 0 0;1 5 0 0 0 1 0 0 0 0;1 1 1 1 1 1 0 0 0 0]
202,BFS,0.27385616302490234,46,[1 1 1 1 0 0 0 0 0 0;1 0 0 1 0 0 0 0 0 0;1 0 0 1 1 0 0 0 0 0;1 3 0 0 1 0 0 0 0 0;1 3 0 0 1 0 0 0 0 0;1 0 2 1 1 1 0 0 0 0;1 3 2 0 3 1 0 0 0 0;1 2 2 1 1 1 0 0 0 0;1 5 0 0 0 1 0 0 0 0;1 1 1 1 1 1 0 0 0 0]
203,A*,10.82416033744812,60,[0 0 0 0 0 1 1 1 1 1;0 0 0 0 0 1 0 0 0 1;0 0 0 0 0 1 0 2 0 1;0 0 0 0 0 1 0 0 0 1;0 0 1 1 1 1 1 2 0 1;0 0 1 0 2 0 3 2 0 1;0 0 1 3 0 0 0 3 0 1;0 0 1 0 0 3 1 0 1 1;0 0 1 1 5 0 1 1 1 0;0 0 0 1 1 1 1 0 0 0]
203,DFS,5.109846591949463,283,[0 0 0 0 0 1 1 1 1 1;0 0 0 0 0 1 0 0 0 1;0 0 0 0 0 1 0 2 0 1;0 0 0 0 0 1 0 0 0 1;0 0 1 1 1 1 1 2 0 1;0 0 1 0 2 0 3 2 0 1;0 0 1 3 0 0 0 3 0 1;0 0 1 0 0 3 1 0 1 1;0 0 1 1 5 0 1 1 1 0;0 0 0 1 1 1 1 0 0 0]
203,BFS,13.71198320388794,60,[0 0 0 0 0 1 1 1 1 1;0 0 0 0 0 1 0 0 0 1;0 0 0 0 0 1 0 2 0 1;0 0 0 0 0 1 0 0 0 1;0 0 1 1 1 1 1 2 0 1;0 0 1 0 2 0 3 2 0 1;0 0 1 3 0 0 0 3 0 1;0 0 1 0 0 3 1 0 1 1;0 0 1 1 5 0 1 1 1 0;0 0 0 1 1 1 1 0 0 0]
204,A*,6.245171308517456,62,[0 1 1 1 1 1 1 1 1 1;0 1 3 0 0 0 0 1 0 1;0 1 0 0 0 1 0 1 0 1;0 1 0 2 1 1 1 0 0 1;0 1 0 0 1 0 1 2 0 1;0 1 0 2 1 0 1 0 0 1;0 1 0 0 1 1 1 0 3 1;0 1 1 0 0 1 0 2 3 1;0 0 1 3 0 5 0 0 0 1;0 0 1 1 1 1 1 1 1 1]
204,DFS,0.13091111183166504,118,[0 1 1 1 1 1 1 1 1 1;0 1 3 0 0 0 0 1 0 1;0 1 0 0 0 1 0 1 0 1;0 1 0 2 1 1 1 0 0 1;0 1 0 0 1 0 1 2 0 1;0 1 0 2 1 0 1 0 0 1;0 1 0 0 1 1 1 0 3 1;0 1 1 0 0 1 0 2 3 1;0 0 1 3 0 5 0 0 0 1;0 0 1 1 1 1 1 1 1 1]
204,BFS,9.84250259399414,62,[0 1 1 1 1 1 1 1 1 1;0 1 3 0 0 0 0 1 0 1;0 1 0 0 0 1 0 1 0 1;0 1 0 2 1 1 1 0 0 1;0 1 0 0 1 0 1 2 0 1;0 1 0 2 1 0 1 0 0 1;0 1 0 0 1 1 1 0 3 1;0 1 1 0 0 1 0 2 3 1;0 0 1 3 0 5 0 0 0 1;0 0 1 1 1 1 1 1 1 1]
205,A*,0.6198418140411377,23,[0 0 0 0 0 0 0 0 0 0;0 0 0 0 0 0 0 0 0 0;0 0 1 1 1 0 0 0 0 0;0 1 1 0 1 1 0 0 0 0;0 1 0 3 0 1 1 1 1 0;1 1 3 2 2 0 1 0 1 1;1 5 2 0 3 0 0 0 0 1;1 1 2 0 0 0 3 0 1 1;1 0 0 0 1 1 1 1 1 0;1 1 1 1 1 0 0 0 0 0]
205,DFS,1.7798326015472412,69,[0 0 0 0 0 0 0 0 0 0;0 0 0 0 0 0 0 0 0 0;0 0 1 1 1 0 0 0 0 0;0 1 1 0 1 1 0 0 0 0;0 1 0 3 0 1 1 1 1 0;1 1 3 2 2 0 1 0 1 1;1 5 2 0 3 0 0 0 0 1;1 1 2 0 0 0 3 0 1 1;1 0 0 0 1 1 1 1 1 0;1 1 1 1 1 0 0 0 0 0]
205,BFS,1.6555023193359375,23,[0 0 0 0 0 0 0 0 0 0;0 0 0 0 0 0 0 0 0 0;0 0 1 1 1 0 0 0 0 0;0 1 1 0 1 1 0 0 0 0;0 1 0 3 0 1 1 1 1 0;1 1 3 2 2 0 1 0 1 1;1 5 2 0 3 0 0 0 0 1;1 1 2 0 0 0 3 0 1 1;1 0 0 0 1 1 1 1 1 0;1 1 1 1 1 0 0 0 0 0]
206,A*,53.345053911209106,102,[1 1 1 1 0 0 0 0 0 0;1 0 0 1 0 0 0 0 0 0;1 0 3 1 1 1 1 1 1 1;1 0 0 0 0 0 3 2 0 1;1 3 0 3 1 0 0 2 0 1;1 0 0 1 1 1 1 2 0 1;1 0 0 0 1 0 1 0 5 1;1 0 0 0 1 0 1 2 0 1;1 0 0 1 1 0 1 0 0 1;1 1 1 1 0 0 1 1 1 1]
206,DFS,17.42553734779358,2925,[1 1 1 1 0 0 0 0 0 0;1 0 0 1 0 0 0 0 0 0;1 0 3 1 1 1 1 1 1 1;1 0 0 0 0 0 3 2 0 1;1 3 0 3 1 0 0 2 0 1;1 0 0 1 1 1 1 2 0 1;1 0 0 0 1 0 1 0 5 1;1 0 0 0 1 0 1 2 0 1;1 0 0 1 1 0 1 0 0 1;1 1 1 1 0 0 1 1 1 1]
206,BFS,102.25873827934265,102,[1 1 1 1 0 0 0 0 0 0;1 0 0 1 0 0 0 0 0 0;1 0 3 1 1 1 1 1 1 1;1 0 0 0 0 0 3 2 0 1;1 3 0 3 1 0 0 2 0 1;1 0 0 1 1 1 1 2 0 1;1 0 0 0 1 0 1 0 5 1;1 0 0 0 1 0 1 2 0 1;1 0 0 1 1 0 1 0 0 1;1 1 1 1 0 0 1 1 1 1]
207,A*,0.39226531982421875,44,[1 1 1 1 1 1 1 1 1 1;1 0 0 0 0 0 0 0 0 1;1 2 0 0 1 0 0 0 0 1;1 0 1 1 1 1 1 1 0 1;1 0 0 1 0 0 1 1 0 1;1 0 1 1 0 0 1 0 0 1;1 0 0 1 1 1 1 3 0 1;1 3 2 0 0 3 2 2 0 1;1 0 0 0 0 3 1 5 1 1;1 1 1 1 1 1 1 1 1 0]
207,DFS,0.46567225456237793,104,[1 1 1 1 1 1 1 1 1 1;1 0 0 0 0 0 0 0 0 1;1 2 0 0 1 0 0 0 0 1;1 0 1 1 1 1 1 1 0 1;1 0 0 1 0 0 1 1 0 1;1 0 1 1 0 0 1 0 0 1;1 0 0 1 1 1 1 3 0 1;1 3 2 0 0 3 2 2 0 1;1 0 0 0 0 3 1 5 1 1;1 1 1 1 1 1 1 1 1 0]
207,BFS,0.447080135345459,44,[1 1 1 1 1 1 1 1 1 1;1 0 0 0 0 0 0 0 0 1;1 2 0 0 1 0 0 0 0 1;1 0 1 1 1 1 1 1 0 1;1 0 0 1 0 0 1 1 0 1;1 0 1 1 0 0 1 0 0 1;1 0 0 1 1 1 1 3 0 1;1 3 2 0 0 3 2 2 0 1;1 0 0 0 0 3 1 5 1 1;1 1 1 1 1 1 1 1 1 0]
208,A*,5.875079154968262,62,[0 0 0 0 0 0 0 0 0 0;1 1 1 0 0 0 0 0 0 0;1 0 1 1 1 1 1 1 0 0;1 0 0 0 1 1 0 1 1 1;1 0 2 3 0 0 0 2 0 1;1 3 0 0 5 1 0 0 0 1;1 0 1 1 1 1 1 2 0 1;1 0 2 0 1 0 1 0 0 1;1 3 0 0 1 0 1 1 3 1;1 1 1 1 1 0 0 1 1 1]
208,DFS,0.18761372566223145,134,[0 0 0 0 0 0 0 0 0 0;1 1 1 0 0 0 0 0 0 0;1 0 1 1 1 1 1 1 0 0;1 0 0 0 1 1 0 1 1 1;1 0 2 3 0 0 0 2 0 1;1 3 0 0 5 1 0 0 0 1;1 0 1 1 1 1 1 2 0 1;1 0 2 0 1 0 1 0 0 1;1 3 0 0 1 0 1 1 3 1;1 1 1 1 1 0 0 1 1 1]
208,BFS,5.968433856964111,62,[0 0 0 0 0 0 0 0 0 0;1 1 1 0 0 0 0 0 0 0;1 0 1 1 1 1 1 1 0 0;1 0 0 0 1 1 0 1 1 1;1 0 2 3 0 0 0 2 0 1;1 3 0 0 5 1 0 0 0 1;1 0 1 1 1 1 1 2 0 1;1 0 2 0 1 0 1 0 0 1;1 3 0 0 1 0 1 1 3 1;1 1 1 1 1 0 0 1 1 1]
209,A*,0.16949915885925293,22,[0 0 0 0 0 0 0 0 0 0;0 0 0 0 0 0 0 0 0 0;0 0 0 0 0 0 0 0 0 0;1 1 1 1 0 0 0 0 0 0;1 0 3 1 0 0 0 0 0 0;1 0 0 1 1 1 1 1 0 0;1 5 2 0 1 0 3 1 1 0;1 0 2 0 3 2 0 0 1 0;1 0 2 0 3 0 0 0 1 0;1 1 1 1 1 1 1 1 1 0]
209,DFS,0.881751537322998,164,[0 0 0 0 0 0 0 0 0 0;0 0 0 0 0 0 0 0 0 0;0 0 0 0 0 0 0 0 0 0;1 1 1 1 0 0 0 0 0 0;1 0 3 1 0 0 0 0 0 0;1 0 0 1 1 1 1 1 0 0;1 5 2 0 1 0 3 1 1 0;1 0 2 0 3 2 0 0 1 0;1 0 2 0 3 0 0 0 1 0;1 1 1 1 1 1 1 1 1 0]
209,BFS,0.44632983207702637,22,[0 0 0 0 0 0 0 0 0 0;0 0 0 0 0 0 0 0 0 0;0 0 0 0 0 0 0 0 0 0;1 1 1 1 0 0 0 0 0 0;1 0 3 1 0 0 0 0 0 0;1 0 0 1 1 1 1 1 0 0;1 5 2 0 1 0 3 1 1 0;1 0 2 0 3 2 0 0 1 0;1 0 2 0 3 0 0 0 1 0;1 1 1 1 1 1 1 1 1 0]
210,A*,9.735854148864746,84,[0 0 1 1 1 1 1 1 1 0;0 0 1 0 0 0 0 0 1 1;0 0 1 0 2 0 2 0 0 1;0 0 1 1 2 0 1 1 0 1;0 0 1 0 0 1 1 1 0 1;0 0 1 0 2 5 1 0 0 1;0 0 1 3 0 3 1 1 0 1;0 0 1 0 3 1 1 0 0 1;0 0 1 0 3 0 0 0 0 1;0 0 1 1 1 1 1 1 1 1]
210,DFS,2.6502737998962402,648,[0 0 1 1 1 1 1 1 1 0;0 0 1 0 0 0 0 0 1 1;0 0 1 0 2 0 2 0 0 1;0 0 1 1 2 0 1 1 0 1;0 0 1 0 0 1 1 1 0 1;0 0 1 0 2 5 1 0 0 1;0 0 1 3 0 3 1 1 0 1;0 0 1 0 3 1 1 0 0 1;0 0 1 0 3 0 0 0 0 1;0 0 1 1 1 1 1 1 1 1]
210,BFS,11.919896125793457,84,[0 0 1 1 1 1 1 1 1 0;0 0 1 0 0 0 0 0 1 1;0 0 1 0 2 0 2 0 0 1;0 0 1 1 2 0 1 1 0 1;0 0 1 0 0 1 1 1 0 1;0 0 1 0 2 5 1 0 0 1;0 0 1 3 0 3 1 1 0 1;0 0 1 0 3 1 1 0 0 1;0 0 1 0 3 0 0 0 0 1;0 0 1 1 1 1 1 1 1 1]
211,A*,10.093943357467651,85,[1 1 1 0 0 0 0 0 0 0;1 0 1 1 0 0 0 0 0 0;1 0 0 1 0 0 0 1 1 1;1 3 0 1 1 1 1 1 0 1;1 0 0 0 3 0 3 2 5 1;1 0 0 3 1 2 0 2 0 1;1 0 1 1 0 0 1 1 1 1;1 0 0 1 0 2 0 1 0 0;1 0 0 0 0 0 1 1 0 0;1 1 1 1 1 1 1 0 0 0]
211,DFS,3.565725088119507,575,[1 1 1 0 0 0 0 0 0 0;1 0 1 1 0 0 0 0 0 0;1 0 0 1 0 0 0 1 1 1;1 3 0 1 1 1 1 1 0 1;1 0 0 0 3 0 3 2 5 1;1 0 0 3 1 2 0 2 0 1;1 0 1 1 0 0 1 1 1 1;1 0 0 1 0 2 0 1 0 0;1 0 0 0 0 0 1 1 0 0;1 1 1 1 1 1 1 0 0 0]
211,BFS,8.276017665863037,85,[1 1 1 0 0 0 0 0 0 0;1 0 1 1 0 0 0 0 0 0;1 0 0 1 0 0 0 1 1 1;1 3 0 1 1 1 1 1 0 1;1 0 0 0 3 0 3 2 5 1;1 0 0 3 1 2 0 2 0 1;1 0 1 1 0 0 1 1 1 1;1 0 0 1 0 2 0 1 0 0;1 0 0 0 0 0 1 1 0 0;1 1 1 1 1 1 1 0 0 0]
212,A*,3.181368827819824,48,[0 0 0 0 0 0 0 1 1 1;0 0 0 0 0 0 1 1 5 1;0 0 0 0 0 0 1 0 2 1;0 1 1 1 1 1 1 1 0 1;0 1 0 0 0 1 1 3 0 1;0 1 0 0 1 1 1 2 0 1;0 1 0 0 0 1 1 0 0 1;0 1 1 0 2 0 2 0 0 1;0 0 1 0 3 3 0 0 3 1;0 0 1 1 1 1 1 1 1 1]
212,DFS,2.2771217823028564,83,[0 0 0 0 0 0 0 1 1 1;0 0 0 0 0 0 1 1 5 1;0 0 0 0 0 0 1 0 2 1;0 1 1 1 1 1 1 1 0 1;0 1 0 0 0 1 1 3 0 1;0 1 0 0 1 1 1 2 0 1;0 1 0 0 0 1 1 0 0 1;0 1 1 0 2 0 2 0 0 1;0 0 1 0 3 3 0 0 3 1;0 0 1 1 1 1 1 1 1 1]
212,BFS,3.435764789581299,48,[0 0 0 0 0 0 0 1 1 1;0 0 0 0 0 0 1 1 5 1;0 0 0 0 0 0 1 0 2 1;0 1 1 1 1 1 1 1 0 1;0 1 0 0 0 1 1 3 0 1;0 1 0 0 1 1 1 2 0 1;0 1 0 0 0 1 1 0 0 1;0 1 1 0 2 0 2 0 0 1;0 0 1 0 3 3 0 0 3 1;0 0 1 1 1 1 1 1 1 1]
213,A*,5.519189357757568,43,[0 0 0 0 0 0 0 1 1 1;0 0 0 0 0 0 1 1 0 1;0 0 1 1 1 0 1 0 0 1;1 1 1 0 1 1 1 2 0 1;1 0 2 0 0 0 0 3 0 1;1 0 2 3 0 3 0 0 0 1;1 0 1 1 1 1 1 3 0 1;1 5 1 0 0 0 1 2 0 1;1 1 1 0 0 0 1 0 0 1;0 0 0 0 0 0 1 1 1 1]
213,DFS,7.064744234085083,1132,[0 0 0 0 0 0 0 1 1 1;0 0 0 0 0 0 1 1 0 1;0 0 1 1 1 0 1 0 0 1;1 1 1 0 1 1 1 2 0 1;1 0 2 0 0 0 0 3 0 1;1 0 2 3 0 3 0 0 0 1;1 0 1 1 1 1 1 3 0 1;1 5 1 0 0 0 1 2 0 1;1 1 1 0 0 0 1 0 0 1;0 0 0 0 0 0 1 1 1 1]
213,BFS,11.744588136672974,43,[0 0 0 0 0 0 0 1 1 1;0 0 0 0 0 0 1 1 0 1;0 0 1 1 1 0 1 0 0 1;1 1 1 0 1 1 1 2 0 1;1 0 2 0 0 0 0 3 0 1;1 0 2 3 0 3 0 0 0 1;1 0 1 1 1 1 1 3 0 1;1 5 1 0 0 0 1 2 0 1;1 1 1 0 0 0 1 0 0 1;0 0 0 0 0 0 1 1 1 1]
214,A*,2.0105183124542236,59,[0 0 0 1 1 1 1 1 1 1;0 0 0 1 0 0 0 1 0 1;0 0 0 1 1 2 5 1 3 1;0 0 0 1 0 3 1 0 0 1;0 0 0 1 0 0 1 2 0 1;0 0 0 1 0 0 0 0 0 1;0 0 0 1 1 2 1 1 3 1;0 0 0 1 0 2 3 0 0 1;0 0 0 1 0 0 0 0 0 1;0 0 0 1 1 1 1 1 1 1]
214,DFS,3.1364924907684326,275,[0 0 0 1 1 1 1 1 1 1;0 0 0 1 0 0 0 1 0 1;0 0 0 1 1 2 5 1 3 1;0 0 0 1 0 3 1 0 0 1;0 0 0 1 0 0 1 2 0 1;0 0 0 1 0 0 0 0 0 1;0 0 0 1 1 2 1 1 3 1;0 0 0 1 0 2 3 0 0 1;0 0 0 1 0 0 0 0 0 1;0 0 0 1 1 1 1 1 1 1]
214,BFS,2.414294958114624,59,[0 0 0 1 1 1 1 1 1 1;0 0 0 1 0 0 0 1 0 1;0 0 0 1 1 2 5 1 3 1;0 0 0 1 0 3 1 0 0 1;0 0 0 1 0 0 1 2 0 1;0 0 0 1 0 0 0 0 0 1;0 0 0 1 1 2 1 1 3 1;0 0 0 1 0 2 3 0 0 1;0 0 0 1 0 0 0 0 0 1;0 0 0 1 1 1 1 1 1 1]
215,A*,22.047150135040283,86,[0 0 0 0 0 0 0 0 0 0;0 0 0 0 0 0 0 0 0 0;0 0 0 0 0 0 1 1 1 1;1 1 1 1 1 1 1 0 0 1;1 0 2 0 0 0 0 2 0 1;1 0 1 0 0 2 1 2 0 1;1 0 1 1 5 0 1 0 0 1;1 0 0 1 0 0 3 0 0 1;1 0 0 0 3 3 3 1 0 1;1 1 1 1 1 1 1 1 1 1]
215,DFS,9.79113483428955,570,[0 0 0 0 0 0 0 0 0 0;0 0 0 0 0 0 0 0 0 0;0 0 0 0 0 0 1 1 1 1;1 1 1 1 1 1 1 0 0 1;1 0 2 0 0 0 0 2 0 1;1 0 1 0 0 2 1 2 0 1;1 0 1 1 5 0 1 0 0 1;1 0 0 1 0 0 3 0 0 1;1 0 0 0 3 3 3 1 0 1;1 1 1 1 1 1 1 1 1 1]
215,BFS,23.37351894378662,86,[0 0 0 0 0 0 0 0 0 0;0 0 0 0 0 0 0 0 0 0;0 0 0 0 0 0 1 1 1 1;1 1 1 1 1 1 1 0 0 1;1 0 2 0 0 0 0 2 0 1;1 0 1 0 0 2 1 2 0 1;1 0 1 1 5 0 1 0 0 1;1 0 0 1 0 0 3 0 0 1;1 0 0 0 3 3 3 1 0 1;1 1 1 1 1 1 1 1 1 1]
216,A*,3.313770294189453,40,[0 0 0 0 0 0 0 0 0 0;0 0 0 0 0 0 0 0 0 0;0 0 0 0 0 0 0 0 0 0;0 0 0 0 0 0 0 0 0 0;0 0 0 0 1 1 1 1 1 0;0 0 0 0 1 0 0 0 1 1;1 1 1 1 1 0 2 0 0 1;1 0 0 0 0 2 0 2 3 1;1 3 0 3 5 0 3 2 0 1;1 1 1 1 1 1 1 1 1 1]
216,DFS,0.3494565486907959,465,[0 0 0 0 0 0 0 0 0 0;0 0 0 0 0 0 0 0 0 0;0 0 0 0 0 0 0 0 0 0;0 0 0 0 0 0 0 0 0 0;0 0 0 0 1 1 1 1 1 0;0 0 0 0 1 0 0 0 1 1;1 1 1 1 1 0 2 0 0 1;1 0 0 0 0 2 0 2 3 1;1 3 0 3 5 0 3 2 0 1;1 1 1 1 1 1 1 1 1 1]
216,BFS,1.971632719039917,40,[0 0 0 0 0 0 0 0 0 0;0 0 0 0 0 0 0 0 0 0;0 0 0 0 0 0 0 0 0 0;0 0 0 0 0 0 0 0 0 0;0 0 0 0 1 1 1 1 1 0;0 0 0 0 1 0 0 0 1 1;1 1 1 1 1 0 2 0 0 1;1 0 0 0 0 2 0 2 3 1;1 3 0 3 5 0 3 2 0 1;1 1 1 1 1 1 1 1 1 1]
217,A*,6.730971574783325,71,[0 0 0 0 0 0 0 0 0 0;0 0 0 0 0 0 0 0 0 0;0 0 0 0 0 0 0 0 0 0;1 1 1 1 1 1 1 1 1 1;1 5 0 1 1 0 0 0 0 1;1 0 2 0 0 0 0 2 0 1;1 1 0 0 3 1 0 0 3 1;0 1 1 1 2 0 1 0 2 1;0 1 0 0 0 3 0 3 0 1;0 1 1 1 1 1 1 1 1 1]
217,DFS,1.9286487102508545,147,[0 0 0 0 0 0 0 0 0 0;0 0 0 0 0 0 0 0 0 0;0 0 0 0 0 0 0 0 0 0;1 1 1 1 1 1 1 1 1 1;1 5 0 1 1 0 0 0 0 1;1 0 2 0 0 0 0 2 0 1;1 1 0 0 3 1 0 0 3 1;0 1 1 1 2 0 1 0 2 1;0 1 0 0 0 3 0 3 0 1;0 1 1 1 1 1 1 1 1 1]
217,BFS,4.376868963241577,71,[0 0 0 0 0 0 0 0 0 0;0 0 0 0 0 0 0 0 0 0;0 0 0 0 0 0 0 0 0 0;1 1 1 1 1 1 1 1 1 1;1 5 0 1 1 0 0 0 0 1;1 0 2 0 0 0 0 2 0 1;1 1 0 0 3 1 0 0 3 1;0 1 1 1 2 0 1 0 2 1;0 1 0 0 0 3 0 3 0 1;0 1 1 1 1 1 1 1 1 1]
218,A*,6.693487167358398,50,[1 1 1 1 1 1 1 0 0 0;1 0 0 0 0 0 1 0 0 0;1 0 1 3 2 1 1 0 0 0;1 0 2 0 2 0 1 0 0 0;1 1 1 0 0 3 1 0 0 0;0 0 1 5 2 0 1 0 0 0;0 0 1 0 0 0 1 0 0 0;0 0 1 3 0 0 1 1 1 1;0 0 1 0 0 0 0 3 0 1;0 0 1 1 1 1 1 1 1 1]
218,DFS,4.367717504501343,1285,[1 1 1 1 1 1 1 0 0 0;1 0 0 0 0 0 1 0 0 0;1 0 1 3 2 1 1 0 0 0;1 0 2 0 2 0 1 0 0 0;1 1 1 0 0 3 1 0 0 0;0 0 1 5 2 0 1 0 0 0;0 0 1 0 0 0 1 0 0 0;0 0 1 3 0 0 1 1 1 1;0 0 1 0 0 0 0 3 0 1;0 0 1 1 1 1 1 1 1 1]
218,BFS,7.505920171737671,50,[1 1 1 1 1 1 1 0 0 0;1 0 0 0 0 0 1 0 0 0;1 0 1 3 2 1 1 0 0 0;1 0 2 0 2 0 1 0 0 0;1 1 1 0 0 3 1 0 0 0;0 0 1 5 2 0 1 0 0 0;0 0 1 0 0 0 1 0 0 0;0 0 1 3 0 0 1 1 1 1;0 0 1 0 0 0 0 3 0 1;0 0 1 1 1 1 1 1 1 1]
219,A*,1.7181177139282227,45,[0 0 0 0 0 0 1 1 1 1;0 0 0 0 0 0 1 5 0 1;0 0 0 0 0 1 1 2 2 1;0 0 0 0 0 1 3 0 0 1;0 0 0 0 1 1 0 0 0 1;0 0 0 0 1 0 0 1 0 1;0 0 0 0 1 1 2 3 3 1;0 0 0 0 1 3 2 0 0 1;0 0 0 0 1 0 0 0 0 1;0 0 0 0 1 1 1 1 1 1]
219,DFS,0.5592451095581055,71,[0 0 0 0 0 0 1 1 1 1;0 0 0 0 0 0 1 5 0 1;0 0 0 0 0 1 1 2 2 1;0 0 0 0 0 1 3 0 0 1;0 0 0 0 1 1 0 0 0 1;0 0 0 0 1 0 0 1 0 1;0 0 0 0 1 1 2 3 3 1;0 0 0 0 1 3 2 0 0 1;0 0 0 0 1 0 0 0 0 1;0 0 0 0 1 1 1 1 1 1]
219,BFS,1.205040454864502,45,[0 0 0 0 0 0 1 1 1 1;0 0 0 0 0 0 1 5 0 1;0 0 0 0 0 1 1 2 2 1;0 0 0 0 0 1 3 0 0 1;0 0 0 0 1 1 0 0 0 1;0 0 0 0 1 0 0 1 0 1;0 0 0 0 1 1 2 3 3 1;0 0 0 0 1 3 2 0 0 1;0 0 0 0 1 0 0 0 0 1;0 0 0 0 1 1 1 1 1 1]
220,A*,6.175062894821167,68,[1 1 1 1 1 1 1 1 1 0;1 0 0 0 0 1 1 0 1 0;1 0 0 2 0 1 1 0 1 0;1 0 0 1 1 1 0 0 1 1;1 0 2 0 1 1 2 0 0 1;1 0 0 1 1 1 0 0 1 1;1 0 0 0 1 0 3 2 5 1;1 0 3 1 0 1 0 0 1 1;1 3 0 0 0 0 0 0 3 1;1 1 1 1 1 1 1 1 1 1]
220,DFS,3.247152090072632,920,[1 1 1 1 1 1 1 1 1 0;1 0 0 0 0 1 1 0 1 0;1 0 0 2 0 1 1 0 1 0;1 0 0 1 1 1 0 0 1 1;1 0 2 0 1 1 2 0 0 1;1 0 0 1 1 1 0 0 1 1;1 0 0 0 1 0 3 2 5 1;1 0 3 1 0 1 0 0 1 1;1 3 0 0 0 0 0 0 3 1;1 1 1 1 1 1 1 1 1 1]
220,BFS,6.896841287612915,68,[1 1 1 1 1 1 1 1 1 0;1 0 0 0 0 1 1 0 1 0;1 0 0 2 0 1 1 0 1 0;1 0 0 1 1 1 0 0 1 1;1 0 2 0 1 1 2 0 0 1;1 0 0 1 1 1 0 0 1 1;1 0 0 0 1 0 3 2 5 1;1 0 3 1 0 1 0 0 1 1;1 3 0 0 0 0 0 0 3 1;1 1 1 1 1 1 1 1 1 1]
221,A*,25.66495656967163,63,[0 0 0 0 0 0 0 0 0 0;0 0 1 1 1 0 0 0 0 0;1 1 1 0 1 1 1 1 1 1;1 0 3 0 5 3 0 0 0 1;1 0 2 0 0 0 0 2 0 1;1 1 0 1 1 1 1 1 1 1;1 0 0 0 0 0 0 0 1 0;1 0 2 1 0 2 3 0 1 1;1 0 0 0 3 0 0 0 0 1;1 1 1 1 1 1 1 1 1 1]
221,DFS,22.126867294311523,1813,[0 0 0 0 0 0 0 0 0 0;0 0 1 1 1 0 0 0 0 0;1 1 1 0 1 1 1 1 1 1;1 0 3 0 5 3 0 0 0 1;1 0 2 0 0 0 0 2 0 1;1 1 0 1 1 1 1 1 1 1;1 0 0 0 0 0 0 0 1 0;1 0 2 1 0 2 3 0 1 1;1 0 0 0 3 0 0 0 0 1;1 1 1 1 1 1 1 1 1 1]
221,BFS,73.20203948020935,63,[0 0 0 0 0 0 0 0 0 0;0 0 1 1 1 0 0 0 0 0;1 1 1 0 1 1 1 1 1 1;1 0 3 0 5 3 0 0 0 1;1 0 2 0 0 0 0 2 0 1;1 1 0 1 1 1 1 1 1 1;1 0 0 0 0 0 0 0 1 0;1 0 2 1 0 2 3 0 1 1;1 0 0 0 3 0 0 0 0 1;1 1 1 1 1 1 1 1 1 1]
222,A*,2.699747085571289,75,[1 1 1 1 1 1 1 1 0 0;1 0 3 0 0 0 0 1 1 1;1 0 0 0 0 0 2 3 0 1;1 0 0 1 1 0 0 0 0 1;1 1 3 1 1 1 0 2 0 1;1 1 0 0 1 1 1 0 0 1;1 0 0 1 1 1 1 2 1 1;1 1 0 0 1 1 3 2 5 1;0 1 0 0 0 0 0 0 1 1;0 1 1 1 1 1 1 1 1 0]
222,DFS,1.645991325378418,4821,[1 1 1 1 1 1 1 1 0 0;1 0 3 0 0 0 0 1 1 1;1 0 0 0 0 0 2 3 0 1;1 0 0 1 1 0 0 0 0 1;1 1 3 1 1 1 0 2 0 1;1 1 0 0 1 1 1 0 0 1;1 0 0 1 1 1 1 2 1 1;1 1 0 0 1 1 3 2 5 1;0 1 0 0 0 0 0 0 1 1;0 1 1 1 1 1 1 1 1 0]
222,BFS,2.008389472961426,75,[1 1 1 1 1 1 1 1 0 0;1 0 3 0 0 0 0 1 1 1;1 0 0 0 0 0 2 3 0 1;1 0 0 1 1 0 0 0 0 1;1 1 3 1 1 1 0 2 0 1;1 1 0 0 1 1 1 0 0 1;1 0 0 1 1 1 1 2 1 1;1 1 0 0 1 1 3 2 5 1;0 1 0 0 0 0 0 0 1 1;0 1 1 1 1 1 1 1 1 0]
223,A*,0.9250388145446777,37,[1 1 1 1 1 1 1 0 0 0;1 0 0 0 0 0 1 0 0 0;1 3 0 2 0 3 1 0 0 0;1 3 0 3 2 0 1 0 0 0;1 2 2 1 1 1 1 0 0 0;1 0 5 1 0 0 0 0 0 0;1 1 1 1 0 0 0 0 0 0;0 0 0 0 0 0 0 0 0 0;0 0 0 0 0 0 0 0 0 0;0 0 0 0 0 0 0 0 0 0]
223,DFS,0.3181893825531006,53,[1 1 1 1 1 1 1 0 0 0;1 0 0 0 0 0 1 0 0 0;1 3 0 2 0 3 1 0 0 0;1 3 0 3 2 0 1 0 0 0;1 2 2 1 1 1 1 0 0 0;1 0 5 1 0 0 0 0 0 0;1 1 1 1 0 0 0 0 0 0;0 0 0 0 0 0 0 0 0 0;0 0 0 0 0 0 0 0 0 0;0 0 0 0 0 0 0 0 0 0]
223,BFS,0.3289499282836914,37,[1 1 1 1 1 1 1 0 0 0;1 0 0 0 0 0 1 0 0 0;1 3 0 2 0 3 1 0 0 0;1 3 0 3 2 0 1 0 0 0;1 2 2 1 1 1 1 0 0 0;1 0 5 1 0 0 0 0 0 0;1 1 1 1 0 0 0 0 0 0;0 0 0 0 0 0 0 0 0 0;0 0 0 0 0 0 0 0 0 0;0 0 0 0 0 0 0 0 0 0]
224,A*,14.782492637634277,74,[0 0 0 0 0 0 0 0 0 0;0 0 1 1 1 1 0 0 0 0;1 1 1 5 0 1 1 0 0 0;1 0 1 2 2 0 1 0 0 0;1 0 3 0 0 0 1 1 1 1;1 0 2 0 0 1 1 0 0 1;1 0 0 1 1 1 1 2 0 1;1 3 0 0 1 1 1 0 0 1;1 0 0 0 3 3 0 0 0 1;1 1 1 1 1 1 1 1 1 1]
224,DFS,2.3533411026000977,200,[0 0 0 0 0 0 0 0 0 0;0 0 1 1 1 1 0 0 0 0;1 1 1 5 0 1 1 0 0 0;1 0 1 2 2 0 1 0 0 0;1 0 3 0 0 0 1 1 1 1;1 0 2 0 0 1 1 0 0 1;1 0 0 1 1 1 1 2 0 1;1 3 0 0 1 1 1 0 0 1;1 0 0 0 3 3 0 0 0 1;1 1 1 1 1 1 1 1 1 1]
224,BFS,14.153281450271606,74,[0 0 0 0 0 0 0 0 0 0;0 0 1 1 1 1 0 0 0 0;1 1 1 5 0 1 1 0 0 0;1 0 1 2 2 0 1 0 0 0;1 0 3 0 0 0 1 1 1 1;1 0 2 0 0 1 1 0 0 1;1 0 0 1 1 1 1 2 0 1;1 3 0 0 1 1 1 0 0 1;1 0 0 0 3 3 0 0 0 1;1 1 1 1 1 1 1 1 1 1]
225,A*,0.007987737655639648,14,[1 1 1 1 0 0 0 0 0 0;1 0 3 1 1 1 1 0 0 0;1 5 2 2 3 0 1 0 0 0;1 0 2 3 2 3 1 0 0 0;1 0 0 0 0 0 1 0 0 0;1 1 0 1 1 1 1 0 0 0;0 1 1 1 0 0 0 0 0 0;0 0 0 0 0 0 0 0 0 0;0 0 0 0 0 0 0 0 0 0;0 0 0 0 0 0 0 0 0 0]
225,DFS,0.19693613052368164,25,[1 1 1 1 0 0 0 0 0 0;1 0 3 1 1 1 1 0 0 0;1 5 2 2 3 0 1 0 0 0;1 0 2 3 2 3 1 0 0 0;1 0 0 0 0 0 1 0 0 0;1 1 0 1 1 1 1 0 0 0;0 1 1 1 0 0 0 0 0 0;0 0 0 0 0 0 0 0 0 0;0 0 0 0 0 0 0 0 0 0;0 0 0 0 0 0 0 0 0 0]
225,BFS,0.009186506271362305,14,[1 1 1 1 0 0 0 0 0 0;1 0 3 1 1 1 1 0 0 0;1 5 2 2 3 0 1 0 0 0;1 0 2 3 2 3 1 0 0 0;1 0 0 0 0 0 1 0 0 0;1 1 0 1 1 1 1 0 0 0;0 1 1 1 0 0 0 0 0 0;0 0 0 0 0 0 0 0 0 0;0 0 0 0 0 0 0 0 0 0;0 0 0 0 0 0 0 0 0 0]
226,A*,39.35566210746765,93,[1 1 1 1 1 1 1 1 1 1;1 0 0 0 0 3 0 3 0 1;1 0 2 0 3 0 0 0 1 1;1 1 1 0 3 1 1 0 0 1;1 0 2 0 1 1 1 0 1 1;1 0 2 0 1 0 1 1 1 0;1 0 1 0 1 1 0 0 0 0;1 5 0 2 0 1 0 0 0 0;1 0 0 0 0 1 0 0 0 0;1 1 1 1 1 1 0 0 0 0]
226,DFS,9.476000547409058,809,[1 1 1 1 1 1 1 1 1 1;1 0 0 0 0 3 0 3 0 1;1 0 2 0 3 0 0 0 1 1;1 1 1 0 3 1 1 0 0 1;1 0 2 0 1 1 1 0 1 1;1 0 2 0 1 0 1 1 1 0;1 0 1 0 1 1 0 0 0 0;1 5 0 2 0 1 0 0 0 0;1 0 0 0 0 1 0 0 0 0;1 1 1 1 1 1 0 0 0 0]
226,BFS,62.89826798439026,93,[1 1 1 1 1 1 1 1 1 1;1 0 0 0 0 3 0 3 0 1;1 0 2 0 3 0 0 0 1 1;1 1 1 0 3 1 1 0 0 1;1 0 2 0 1 1 1 0 1 1;1 0 2 0 1 0 1 1 1 0;1 0 1 0 1 1 0 0 0 0;1 5 0 2 0 1 0 0 0 0;1 0 0 0 0 1 0 0 0 0;1 1 1 1 1 1 0 0 0 0]
227,A*,2.782897472381592,53,[1 1 1 1 1 1 1 1 1 0;1 3 3 0 0 0 3 0 1 0;1 0 2 2 0 1 0 5 1 0;1 0 1 0 0 0 1 1 1 0;1 0 0 1 0 0 1 0 0 0;1 0 2 0 2 1 1 0 0 0;1 0 0 0 0 1 0 0 0 0;1 1 0 3 1 1 0 0 0 0;0 1 1 1 1 0 0 0 0 0;0 0 0 0 0 0 0 0 0 0]
227,DFS,0.8048298358917236,153,[1 1 1 1 1 1 1 1 1 0;1 3 3 0 0 0 3 0 1 0;1 0 2 2 0 1 0 5 1 0;1 0 1 0 0 0 1 1 1 0;1 0 0 1 0 0 1 0 0 0;1 0 2 0 2 1 1 0 0 0;1 0 0 0 0 1 0 0 0 0;1 1 0 3 1 1 0 0 0 0;0 1 1 1 1 0 0 0 0 0;0 0 0 0 0 0 0 0 0 0]
227,BFS,2.453030586242676,53,[1 1 1 1 1 1 1 1 1 0;1 3 3 0 0 0 3 0 1 0;1 0 2 2 0 1 0 5 1 0;1 0 1 0 0 0 1 1 1 0;1 0 0 1 0 0 1 0 0 0;1 0 2 0 2 1 1 0 0 0;1 0 0 0 0 1 0 0 0 0;1 1 0 3 1 1 0 0 0 0;0 1 1 1 1 0 0 0 0 0;0 0 0 0 0 0 0 0 0 0]
228,A*,7.32196307182312,50,[0 0 0 0 0 0 0 1 1 1;0 0 0 0 0 1 1 1 0 1;0 0 0 0 0 1 0 0 3 1;0 0 0 1 1 1 0 2 0 1;0 1 1 1 0 1 1 0 0 1;0 1 5 2 0 0 0 0 3 1;0 1 1 0 0 0 0 2 3 1;0 0 1 1 0 1 1 2 0 1;0 0 0 1 3 1 1 0 0 1;0 0 0 1 1 1 1 1 1 1]
228,DFS,2.1753475666046143,284,[0 0 0 0 0 0 0 1 1 1;0 0 0 0 0 1 1 1 0 1;0 0 0 0 0 1 0 0 3 1;0 0 0 1 1 1 0 2 0 1;0 1 1 1 0 1 1 0 0 1;0 1 5 2 0 0 0 0 3 1;0 1 1 0 0 0 0 2 3 1;0 0 1 1 0 1 1 2 0 1;0 0 0 1 3 1 1 0 0 1;0 0 0 1 1 1 1 1 1 1]
228,BFS,11.719481945037842,50,[0 0 0 0 0 0 0 1 1 1;0 0 0 0 0 1 1 1 0 1;0 0 0 0 0 1 0 0 3 1;0 0 0 1 1 1 0 2 0 1;0 1 1 1 0 1 1 0 0 1;0 1 5 2 0 0 0 0 3 1;0 1 1 0 0 0 0 2 3 1;0 0 1 1 0 1 1 2 0 1;0 0 0 1 3 1 1 0 0 1;0 0 0 1 1 1 1 1 1 1]
229,A*,22.182299852371216,66,[1 1 1 1 1 0 0 0 0 0;1 0 0 0 1 0 0 0 0 0;1 1 3 2 1 0 0 0 0 0;1 3 0 0 1 0 0 0 0 0;1 1 0 0 1 1 1 1 1 1;1 3 0 0 0 0 0 0 5 1;1 0 0 3 1 0 0 2 0 1;1 1 1 1 1 0 2 2 0 1;0 0 0 0 1 0 0 0 0 1;0 0 0 0 1 1 1 1 1 1]
229,DFS,4.019670486450195,264,[1 1 1 1 1 0 0 0 0 0;1 0 0 0 1 0 0 0 0 0;1 1 3 2 1 0 0 0 0 0;1 3 0 0 1 0 0 0 0 0;1 1 0 0 1 1 1 1 1 1;1 3 0 0 0 0 0 0 5 1;1 0 0 3 1 0 0 2 0 1;1 1 1 1 1 0 2 2 0 1;0 0 0 0 1 0 0 0 0 1;0 0 0 0 1 1 1 1 1 1]
229,BFS,40.97399973869324,66,[1 1 1 1 1 0 0 0 0 0;1 0 0 0 1 0 0 0 0 0;1 1 3 2 1 0 0 0 0 0;1 3 0 0 1 0 0 0 0 0;1 1 0 0 1 1 1 1 1 1;1 3 0 0 0 0 0 0 5 1;1 0 0 3 1 0 0 2 0 1;1 1 1 1 1 0 2 2 0 1;0 0 0 0 1 0 0 0 0 1;0 0 0 0 1 1 1 1 1 1]
230,A*,5.917919635772705,72,[1 1 1 1 1 1 1 1 1 0;1 0 0 0 3 0 0 0 1 0;1 3 0 0 2 0 2 0 1 0;1 0 1 1 1 1 3 1 1 0;1 0 1 0 1 0 5 1 0 0;1 3 1 1 1 0 2 1 0 0;1 0 0 1 1 0 0 1 0 0;1 0 1 1 1 0 2 1 1 0;1 0 0 0 0 0 0 0 1 0;1 1 1 1 1 1 1 1 1 0]
230,DFS,3.2209532260894775,1366,[1 1 1 1 1 1 1 1 1 0;1 0 0 0 3 0 0 0 1 0;1 3 0 0 2 0 2 0 1 0;1 0 1 1 1 1 3 1 1 0;1 0 1 0 1 0 5 1 0 0;1 3 1 1 1 0 2 1 0 0;1 0 0 1 1 0 0 1 0 0;1 0 1 1 1 0 2 1 1 0;1 0 0 0 0 0 0 0 1 0;1 1 1 1 1 1 1 1 1 0]
230,BFS,4.961688995361328,72,[1 1 1 1 1 1 1 1 1 0;1 0 0 0 3 0 0 0 1 0;1 3 0 0 2 0 2 0 1 0;1 0 1 1 1 1 3 1 1 0;1 0 1 0 1 0 5 1 0 0;1 3 1 1 1 0 2 1 0 0;1 0 0 1 1 0 0 1 0 0;1 0 1 1 1 0 2 1 1 0;1 0 0 0 0 0 0 0 1 0;1 1 1 1 1 1 1 1 1 0]
231,A*,16.077481508255005,59,[0 0 1 1 1 1 1 1 1 1;0 0 1 0 0 0 0 0 0 1;0 1 1 0 0 0 0 3 0 1;0 1 0 2 0 1 1 1 1 1;0 1 5 2 0 1 1 0 0 0;1 1 1 0 0 0 1 0 0 0;1 0 2 0 2 0 1 0 0 0;1 0 3 3 3 1 1 0 0 0;1 1 1 1 1 1 0 0 0 0;0 0 0 0 0 0 0 0 0 0]
231,DFS,6.395579099655151,314,[0 0 1 1 1 1 1 1 1 1;0 0 1 0 0 0 0 0 0 1;0 1 1 0 0 0 0 3 0 1;0 1 0 2 0 1 1 1 1 1;0 1 5 2 0 1 1 0 0 0;1 1 1 0 0 0 1 0 0 0;1 0 2 0 2 0 1 0 0 0;1 0 3 3 3 1 1 0 0 0;1 1 1 1 1 1 0 0 0 0;0 0 0 0 0 0 0 0 0 0]
231,BFS,20.72530722618103,59,[0 0 1 1 1 1 1 1 1 1;0 0 1 0 0 0 0 0 0 1;0 1 1 0 0 0 0 3 0 1;0 1 0 2 0 1 1 1 1 1;0 1 5 2 0 1 1 0 0 0;1 1 1 0 0 0 1 0 0 0;1 0 2 0 2 0 1 0 0 0;1 0 3 3 3 1 1 0 0 0;1 1 1 1 1 1 0 0 0 0;0 0 0 0 0 0 0 0 0 0]
232,A*,8.350218772888184,52,[1 1 1 1 0 0 0 0 0 0;1 3 0 1 0 0 0 0 0 0;1 0 2 1 1 1 1 0 0 0;1 0 0 0 1 0 1 0 0 0;1 0 0 3 2 0 1 0 0 0;1 0 0 0 0 0 1 1 1 1;1 2 1 1 1 2 0 0 0 1;1 5 1 1 0 0 3 0 0 1;1 1 1 1 0 0 0 3 0 1;0 0 0 1 1 1 1 1 1 1]
232,DFS,2.570477247238159,472,[1 1 1 1 0 0 0 0 0 0;1 3 0 1 0 0 0 0 0 0;1 0 2 1 1 1 1 0 0 0;1 0 0 0 1 0 1 0 0 0;1 0 0 3 2 0 1 0 0 0;1 0 0 0 0 0 1 1 1 1;1 2 1 1 1 2 0 0 0 1;1 5 1 1 0 0 3 0 0 1;1 1 1 1 0 0 0 3 0 1;0 0 0 1 1 1 1 1 1 1]
232,BFS,13.20743727684021,52,[1 1 1 1 0 0 0 0 0 0;1 3 0 1 0 0 0 0 0 0;1 0 2 1 1 1 1 0 0 0;1 0 0 0 1 0 1 0 0 0;1 0 0 3 2 0 1 0 0 0;1 0 0 0 0 0 1 1 1 1;1 2 1 1 1 2 0 0 0 1;1 5 1 1 0 0 3 0 0 1;1 1 1 1 0 0 0 3 0 1;0 0 0 1 1 1 1 1 1 1]
233,A*,0.36562609672546387,37,[0 0 0 0 0 0 1 1 1 1;0 0 0 0 0 1 1 0 3 1;0 0 0 0 0 1 3 0 0 1;0 0 0 0 1 1 0 1 0 1;0 0 0 0 1 0 0 2 0 1;0 1 1 1 1 1 0 2 3 1;0 1 5 0 0 0 1 0 0 1;0 1 1 0 3 2 0 1 2 1;0 0 1 0 0 0 0 0 0 1;0 0 1 1 1 1 1 1 1 1]
233,DFS,0.3369293212890625,152,[0 0 0 0 0 0 1 1 1 1;0 0 0 0 0 1 1 0 3 1;0 0 0 0 0 1 3 0 0 1;0 0 0 0 1 1 0 1 0 1;0 0 0 0 1 0 0 2 0 1;0 1 1 1 1 1 0 2 3 1;0 1 5 0 0 0 1 0 0 1;0 1 1 0 3 2 0 1 2 1;0 0 1 0 0 0 0 0 0 1;0 0 1 1 1 1 1 1 1 1]
233,BFS,0.2608668804168701,37,[0 0 0 0 0 0 1 1 1 1;0 0 0 0 0 1 1 0 3 1;0 0 0 0 0 1 3 0 0 1;0 0 0 0 1 1 0 1 0 1;0 0 0 0 1 0 0 2 0 1;0 1 1 1 1 1 0 2 3 1;0 1 5 0 0 0 1 0 0 1;0 1 1 0 3 2 0 1 2 1;0 0 1 0 0 0 0 0 0 1;0 0 1 1 1 1 1 1 1 1]
234,A*,5.706149578094482,61,[1 1 1 1 1 1 1 1 1 0;1 0 0 0 3 0 0 0 1 0;1 2 0 0 2 5 2 0 1 0;1 0 0 1 1 1 1 1 1 0;1 0 1 1 0 0 0 0 0 0;1 0 1 1 1 1 1 0 0 0;1 3 0 0 0 0 1 0 0 0;1 3 2 0 3 0 1 0 0 0;1 0 0 0 0 1 1 0 0 0;1 1 1 1 1 1 0 0 0 0]
234,DFS,2.3891263008117676,1563,[1 1 1 1 1 1 1 1 1 0;1 0 0 0 3 0 0 0 1 0;1 2 0 0 2 5 2 0 1 0;1 0 0 1 1 1 1 1 1 0;1 0 1 1 0 0 0 0 0 0;1 0 1 1 1 1 1 0 0 0;1 3 0 0 0 0 1 0 0 0;1 3 2 0 3 0 1 0 0 0;1 0 0 0 0 1 1 0 0 0;1 1 1 1 1 1 0 0 0 0]
234,BFS,5.120757102966309,61,[1 1 1 1 1 1 1 1 1 0;1 0 0 0 3 0 0 0 1 0;1 2 0 0 2 5 2 0 1 0;1 0 0 1 1 1 1 1 1 0;1 0 1 1 0 0 0 0 0 0;1 0 1 1 1 1 1 0 0 0;1 3 0 0 0 0 1 0 0 0;1 3 2 0 3 0 1 0 0 0;1 0 0 0 0 1 1 0 0 0;1 1 1 1 1 1 0 0 0 0]
235,A*,2.3780856132507324,47,[0 0 0 0 0 1 1 1 0 0;0 0 1 1 1 1 0 1 1 1;0 0 1 0 3 0 0 0 0 1;0 0 1 0 2 1 0 2 0 1;0 0 1 0 0 1 1 0 0 1;0 0 1 1 0 0 1 0 3 1;0 1 1 1 3 1 1 0 3 1;1 1 0 1 0 0 1 2 2 1;1 0 0 0 0 0 1 5 0 1;1 1 1 1 1 1 1 1 1 1]
235,DFS,0.44885754585266113,158,[0 0 0 0 0 1 1 1 0 0;0 0 1 1 1 1 0 1 1 1;0 0 1 0 3 0 0 0 0 1;0 0 1 0 2 1 0 2 0 1;0 0 1 0 0 1 1 0 0 1;0 0 1 1 0 0 1 0 3 1;0 1 1 1 3 1 1 0 3 1;1 1 0 1 0 0 1 2 2 1;1 0 0 0 0 0 1 5 0 1;1 1 1 1 1 1 1 1 1 1]
235,BFS,2.1824779510498047,47,[0 0 0 0 0 1 1 1 0 0;0 0 1 1 1 1 0 1 1 1;0 0 1 0 3 0 0 0 0 1;0 0 1 0 2 1 0 2 0 1;0 0 1 0 0 1 1 0 0 1;0 0 1 1 0 0 1 0 3 1;0 1 1 1 3 1 1 0 3 1;1 1 0 1 0 0 1 2 2 1;1 0 0 0 0 0 1 5 0 1;1 1 1 1 1 1 1 1 1 1]
236,A*,1.6821529865264893,42,[1 1 1 1 1 1 1 1 0 0;1 0 3 3 0 2 5 1 0 0;1 0 0 0 0 2 0 1 0 0;1 0 3 2 0 1 1 1 0 0;1 3 2 1 1 1 0 0 0 0;1 0 0 1 0 0 0 0 0 0;1 0 1 1 0 0 0 0 0 0;1 0 1 0 0 0 0 0 0 0;1 1 1 0 0 0 0 0 0 0;0 0 0 0 0 0 0 0 0 0]
236,DFS,0.6400976181030273,270,[1 1 1 1 1 1 1 1 0 0;1 0 3 3 0 2 5 1 0 0;1 0 0 0 0 2 0 1 0 0;1 0 3 2 0 1 1 1 0 0;1 3 2 1 1 1 0 0 0 0;1 0 0 1 0 0 0 0 0 0;1 0 1 1 0 0 0 0 0 0;1 0 1 0 0 0 0 0 0 0;1 1 1 0 0 0 0 0 0 0;0 0 0 0 0 0 0 0 0 0]
236,BFS,0.9088263511657715,42,[1 1 1 1 1 1 1 1 0 0;1 0 3 3 0 2 5 1 0 0;1 0 0 0 0 2 0 1 0 0;1 0 3 2 0 1 1 1 0 0;1 3 2 1 1 1 0 0 0 0;1 0 0 1 0 0 0 0 0 0;1 0 1 1 0 0 0 0 0 0;1 0 1 0 0 0 0 0 0 0;1 1 1 0 0 0 0 0 0 0;0 0 0 0 0 0 0 0 0 0]
237,A*,15.949376821517944,69,[0 0 1 1 1 1 1 1 1 1;0 0 1 0 0 0 0 0 0 1;0 1 1 0 0 2 2 2 0 1;0 1 0 0 3 1 0 0 0 1;0 1 1 1 1 1 2 0 1 1;0 0 0 0 0 1 5 0 3 1;0 0 0 0 0 1 0 3 3 1;0 0 0 0 0 1 1 0 0 1;0 0 0 0 0 0 1 0 0 1;0 0 0 0 0 0 1 1 1 1]
237,DFS,5.674440622329712,311,[0 0 1 1 1 1 1 1 1 1;0 0 1 0 0 0 0 0 0 1;0 1 1 0 0 2 2 2 0 1;0 1 0 0 3 1 0 0 0 1;0 1 1 1 1 1 2 0 1 1;0 0 0 0 0 1 5 0 3 1;0 0 0 0 0 1 0 3 3 1;0 0 0 0 0 1 1 0 0 1;0 0 0 0 0 0 1 0 0 1;0 0 0 0 0 0 1 1 1 1]
237,BFS,17.81872320175171,69,[0 0 1 1 1 1 1 1 1 1;0 0 1 0 0 0 0 0 0 1;0 1 1 0 0 2 2 2 0 1;0 1 0 0 3 1 0 0 0 1;0 1 1 1 1 1 2 0 1 1;0 0 0 0 0 1 5 0 3 1;0 0 0 0 0 1 0 3 3 1;0 0 0 0 0 1 1 0 0 1;0 0 0 0 0 0 1 0 0 1;0 0 0 0 0 0 1 1 1 1]
238,A*,0.5091912746429443,41,[0 0 0 0 0 0 0 0 0 0;0 0 0 0 0 0 0 0 0 0;0 0 0 0 0 0 0 0 0 0;0 0 0 0 1 1 1 1 1 1;0 0 0 1 1 0 3 2 0 1;0 0 0 1 0 2 0 2 5 1;0 0 0 1 3 0 0 3 3 1;0 0 0 1 1 1 1 2 0 1;0 0 0 0 0 0 1 0 0 1;0 0 0 0 0 0 1 1 1 1]
238,DFS,0.10043692588806152,68,[0 0 0 0 0 0 0 0 0 0;0 0 0 0 0 0 0 0 0 0;0 0 0 0 0 0 0 0 0 0;0 0 0 0 1 1 1 1 1 1;0 0 0 1 1 0 3 2 0 1;0 0 0 1 0 2 0 2 5 1;0 0 0 1 3 0 0 3 3 1;0 0 0 1 1 1 1 2 0 1;0 0 0 0 0 0 1 0 0 1;0 0 0 0 0 0 1 1 1 1]
238,BFS,0.2120218276977539,41,[0 0 0 0 0 0 0 0 0 0;0 0 0 0 0 0 0 0 0 0;0 0 0 0 0 0 0 0 0 0;0 0 0 0 1 1 1 1 1 1;0 0 0 1 1 0 3 2 0 1;0 0 0 1 0 2 0 2 5 1;0 0 0 1 3 0 0 3 3 1;0 0 0 1 1 1 1 2 0 1;0 0 0 0 0 0 1 0 0 1;0 0 0 0 0 0 1 1 1 1]
239,A*,2.569244384765625,61,[1 1 1 1 1 1 1 1 1 1;1 0 0 0 3 0 3 3 0 1;1 0 2 1 1 1 0 0 0 1;1 0 0 1 0 1 1 2 5 1;1 0 1 1 0 0 1 0 0 1;1 0 1 0 0 0 1 2 0 1;1 0 1 1 0 0 1 0 0 1;1 0 0 1 1 1 1 1 0 1;1 0 0 3 0 0 0 2 0 1;1 1 1 1 1 1 1 1 1 1]
239,DFS,2.295004367828369,266,[1 1 1 1 1 1 1 1 1 1;1 0 0 0 3 0 3 3 0 1;1 0 2 1 1 1 0 0 0 1;1 0 0 1 0 1 1 2 5 1;1 0 1 1 0 0 1 0 0 1;1 0 1 0 0 0 1 2 0 1;1 0 1 1 0 0 1 0 0 1;1 0 0 1 1 1 1 1 0 1;1 0 0 3 0 0 0 2 0 1;1 1 1 1 1 1 1 1 1 1]
239,BFS,2.5863773822784424,61,[1 1 1 1 1 1 1 1 1 1;1 0 0 0 3 0 3 3 0 1;1 0 2 1 1 1 0 0 0 1;1 0 0 1 0 1 1 2 5 1;1 0 1 1 0 0 1 0 0 1;1 0 1 0 0 0 1 2 0 1;1 0 1 1 0 0 1 0 0 1;1 0 0 1 1 1 1 1 0 1;1 0 0 3 0 0 0 2 0 1;1 1 1 1 1 1 1 1 1 1]
240,A*,1.7568554878234863,62,[1 1 1 1 0 0 1 1 1 1;1 0 0 1 1 1 1 0 5 1;1 0 0 0 2 0 3 1 0 1;1 3 0 1 0 0 1 0 0 1;1 1 1 1 0 0 1 2 0 1;0 0 0 1 1 0 1 0 0 1;0 0 0 0 1 0 2 2 0 1;0 0 0 0 1 3 0 3 0 1;0 0 0 0 1 1 1 0 0 1;0 0 0 0 0 0 1 1 1 1]
240,DFS,0.7946887016296387,134,[1 1 1 1 0 0 1 1 1 1;1 0 0 1 1 1 1 0 5 1;1 0 0 0 2 0 3 1 0 1;1 3 0 1 0 0 1 0 0 1;1 1 1 1 0 0 1 2 0 1;0 0 0 1 1 0 1 0 0 1;0 0 0 0 1 0 2 2 0 1;0 0 0 0 1 3 0 3 0 1;0 0 0 0 1 1 1 0 0 1;0 0 0 0 0 0 1 1 1 1]
240,BFS,1.3613429069519043,62,[1 1 1 1 0 0 1 1 1 1;1 0 0 1 1 1 1 0 5 1;1 0 0 0 2 0 3 1 0 1;1 3 0 1 0 0 1 0 0 1;1 1 1 1 0 0 1 2 0 1;0 0 0 1 1 0 1 0 0 1;0 0 0 0 1 0 2 2 0 1;0 0 0 0 1 3 0 3 0 1;0 0 0 0 1 1 1 0 0 1;0 0 0 0 0 0 1 1 1 1]
241,A*,8.296229362487793,63,[1 1 1 1 1 1 1 1 0 0;1 0 0 0 3 0 0 1 0 0;1 0 0 0 0 2 0 1 0 0;1 1 0 1 1 1 0 1 0 0;1 0 0 0 1 1 0 1 0 0;1 3 3 1 1 1 1 1 0 0;1 3 0 1 1 1 1 1 1 1;1 2 2 0 2 0 1 1 0 1;1 5 0 0 0 0 0 0 0 1;1 1 1 1 1 1 1 1 1 1]
241,DFS,3.9249863624572754,123,[1 1 1 1 1 1 1 1 0 0;1 0 0 0 3 0 0 1 0 0;1 0 0 0 0 2 0 1 0 0;1 1 0 1 1 1 0 1 0 0;1 0 0 0 1 1 0 1 0 0;1 3 3 1 1 1 1 1 0 0;1 3 0 1 1 1 1 1 1 1;1 2 2 0 2 0 1 1 0 1;1 5 0 0 0 0 0 0 0 1;1 1 1 1 1 1 1 1 1 1]
241,BFS,10.735445499420166,63,[1 1 1 1 1 1 1 1 0 0;1 0 0 0 3 0 0 1 0 0;1 0 0 0 0 2 0 1 0 0;1 1 0 1 1 1 0 1 0 0;1 0 0 0 1 1 0 1 0 0;1 3 3 1 1 1 1 1 0 0;1 3 0 1 1 1 1 1 1 1;1 2 2 0 2 0 1 1 0 1;1 5 0 0 0 0 0 0 0 1;1 1 1 1 1 1 1 1 1 1]
242,A*,11.93468689918518,46,[0 0 0 0 0 0 0 0 0 0;0 0 1 1 1 1 1 0 0 0;1 1 1 0 0 0 1 0 0 0;1 0 0 2 0 1 1 0 0 0;1 5 2 0 0 1 1 0 0 0;1 1 0 1 1 3 1 1 1 1;1 0 0 0 0 0 0 0 0 1;1 3 0 0 1 0 0 2 0 1;1 0 0 2 0 0 3 0 3 1;1 1 1 1 1 1 1 1 1 1]
242,DFS,4.678286790847778,720,[0 0 0 0 0 0 0 0 0 0;0 0 1 1 1 1 1 0 0 0;1 1 1 0 0 0 1 0 0 0;1 0 0 2 0 1 1 0 0 0;1 5 2 0 0 1 1 0 0 0;1 1 0 1 1 3 1 1 1 1;1 0 0 0 0 0 0 0 0 1;1 3 0 0 1 0 0 2 0 1;1 0 0 2 0 0 3 0 3 1;1 1 1 1 1 1 1 1 1 1]
242,BFS,37.24971032142639,46,[0 0 0 0 0 0 0 0 0 0;0 0 1 1 1 1 1 0 0 0;1 1 1 0 0 0 1 0 0 0;1 0 0 2 0 1 1 0 0 0;1 5 2 0 0 1 1 0 0 0;1 1 0 1 1 3 1 1 1 1;1 0 0 0 0 0 0 0 0 1;1 3 0 0 1 0 0 2 0 1;1 0 0 2 0 0 3 0 3 1;1 1 1 1 1 1 1 1 1 1]
243,A*,6.191985845565796,82,[1 1 1 1 0 0 0 0 0 0;1 0 0 1 1 1 1 1 0 0;1 0 2 0 3 2 5 1 0 0;1 0 0 1 2 0 1 1 0 0;1 1 0 3 2 0 1 1 0 0;1 0 0 1 1 0 0 1 1 0;1 1 3 1 1 0 1 0 1 0;1 0 0 1 0 0 0 0 1 0;1 0 0 3 0 0 0 0 1 0;1 1 1 1 1 1 1 1 1 0]
243,DFS,4.829352140426636,277,[1 1 1 1 0 0 0 0 0 0;1 0 0 1 1 1 1 1 0 0;1 0 2 0 3 2 5 1 0 0;1 0 0 1 2 0 1 1 0 0;1 1 0 3 2 0 1 1 0 0;1 0 0 1 1 0 0 1 1 0;1 1 3 1 1 0 1 0 1 0;1 0 0 1 0 0 0 0 1 0;1 0 0 3 0 0 0 0 1 0;1 1 1 1 1 1 1 1 1 0]
243,BFS,6.673809289932251,82,[1 1 1 1 0 0 0 0 0 0;1 0 0 1 1 1 1 1 0 0;1 0 2 0 3 2 5 1 0 0;1 0 0 1 2 0 1 1 0 0;1 1 0 3 2 0 1 1 0 0;1 0 0 1 1 0 0 1 1 0;1 1 3 1 1 0 1 0 1 0;1 0 0 1 0 0 0 0 1 0;1 0 0 3 0 0 0 0 1 0;1 1 1 1 1 1 1 1 1 0]
244,A*,2.4875776767730713,44,[0 0 0 0 1 1 1 1 1 0;0 0 0 0 1 0 0 0 1 0;0 0 0 0 1 3 2 0 1 0;0 0 1 1 1 2 0 3 1 1;0 0 1 0 0 0 3 2 0 1;0 0 1 1 0 0 3 0 1 1;0 0 0 1 1 1 2 0 1 0;0 0 0 0 0 1 5 1 1 0;0 0 0 0 0 1 1 1 0 0;0 0 0 0 0 0 0 0 0 0]
244,DFS,0.7263839244842529,58,[0 0 0 0 1 1 1 1 1 0;0 0 0 0 1 0 0 0 1 0;0 0 0 0 1 3 2 0 1 0;0 0 1 1 1 2 0 3 1 1;0 0 1 0 0 0 3 2 0 1;0 0 1 1 0 0 3 0 1 1;0 0 0 1 1 1 2 0 1 0;0 0 0 0 0 1 5 1 1 0;0 0 0 0 0 1 1 1 0 0;0 0 0 0 0 0 0 0 0 0]
244,BFS,1.2788913249969482,44,[0 0 0 0 1 1 1 1 1 0;0 0 0 0 1 0 0 0 1 0;0 0 0 0 1 3 2 0 1 0;0 0 1 1 1 2 0 3 1 1;0 0 1 0 0 0 3 2 0 1;0 0 1 1 0 0 3 0 1 1;0 0 0 1 1 1 2 0 1 0;0 0 0 0 0 1 5 1 1 0;0 0 0 0 0 1 1 1 0 0;0 0 0 0 0 0 0 0 0 0]
245,A*,6.324351787567139,65,[0 0 0 0 0 0 1 1 1 1;0 0 0 0 0 0 1 0 0 1;0 0 0 0 0 1 1 2 0 1;0 1 1 1 1 1 3 0 0 1;0 1 0 0 0 1 0 0 0 1;0 1 0 0 0 1 0 0 3 1;0 1 0 2 1 1 1 1 0 1;1 1 0 0 0 1 0 2 0 1;1 5 2 0 0 3 0 0 3 1;1 1 1 1 1 1 1 1 1 1]
245,DFS,2.0506277084350586,223,[0 0 0 0 0 0 1 1 1 1;0 0 0 0 0 0 1 0 0 1;0 0 0 0 0 1 1 2 0 1;0 1 1 1 1 1 3 0 0 1;0 1 0 0 0 1 0 0 0 1;0 1 0 0 0 1 0 0 3 1;0 1 0 2 1 1 1 1 0 1;1 1 0 0 0 1 0 2 0 1;1 5 2 0 0 3 0 0 3 1;1 1 1 1 1 1 1 1 1 1]
245,BFS,6.643115043640137,65,[0 0 0 0 0 0 1 1 1 1;0 0 0 0 0 0 1 0 0 1;0 0 0 0 0 1 1 2 0 1;0 1 1 1 1 1 3 0 0 1;0 1 0 0 0 1 0 0 0 1;0 1 0 0 0 1 0 0 3 1;0 1 0 2 1 1 1 1 0 1;1 1 0 0 0 1 0 2 0 1;1 5 2 0 0 3 0 0 3 1;1 1 1 1 1 1 1 1 1 1]
246,A*,4.906032085418701,61,[0 0 0 0 0 0 0 0 0 0;0 0 0 0 0 0 0 0 0 0;0 0 0 0 0 0 0 0 0 0;0 1 1 1 1 0 0 0 0 0;0 1 0 0 1 0 0 0 0 0;0 1 2 0 1 1 1 1 1 1;1 1 0 0 1 0 1 5 0 1;1 0 2 0 3 0 3 2 0 1;1 0 3 3 0 0 0 2 0 1;1 1 1 1 1 1 1 1 1 1]
246,DFS,1.4511501789093018,185,[0 0 0 0 0 0 0 0 0 0;0 0 0 0 0 0 0 0 0 0;0 0 0 0 0 0 0 0 0 0;0 1 1 1 1 0 0 0 0 0;0 1 0 0 1 0 0 0 0 0;0 1 2 0 1 1 1 1 1 1;1 1 0 0 1 0 1 5 0 1;1 0 2 0 3 0 3 2 0 1;1 0 3 3 0 0 0 2 0 1;1 1 1 1 1 1 1 1 1 1]
246,BFS,2.831606388092041,61,[0 0 0 0 0 0 0 0 0 0;0 0 0 0 0 0 0 0 0 0;0 0 0 0 0 0 0 0 0 0;0 1 1 1 1 0 0 0 0 0;0 1 0 0 1 0 0 0 0 0;0 1 2 0 1 1 1 1 1 1;1 1 0 0 1 0 1 5 0 1;1 0 2 0 3 0 3 2 0 1;1 0 3 3 0 0 0 2 0 1;1 1 1 1 1 1 1 1 1 1]
247,A*,0.11227297782897949,58,[0 0 0 0 0 0 0 0 0 0;0 0 0 1 1 1 1 1 0 0;0 0 0 1 0 3 3 1 0 0;0 0 0 1 0 2 1 1 0 0;0 0 0 1 5 2 3 1 0 0;0 0 0 1 1 0 0 1 0 0;1 1 1 1 1 0 1 1 0 0;1 0 2 0 2 0 0 1 1 0;1 0 0 0 0 3 0 0 1 0;1 1 1 1 1 1 1 1 1 0]
247,DFS,0.042732954025268555,222,[0 0 0 0 0 0 0 0 0 0;0 0 0 1 1 1 1 1 0 0;0 0 0 1 0 3 3 1 0 0;0 0 0 1 0 2 1 1 0 0;0 0 0 1 5 2 3 1 0 0;0 0 0 1 1 0 0 1 0 0;1 1 1 1 1 0 1 1 0 0;1 0 2 0 2 0 0 1 1 0;1 0 0 0 0 3 0 0 1 0;1 1 1 1 1 1 1 1 1 0]
247,BFS,0.04500293731689453,58,[0 0 0 0 0 0 0 0 0 0;0 0 0 1 1 1 1 1 0 0;0 0 0 1 0 3 3 1 0 0;0 0 0 1 0 2 1 1 0 0;0 0 0 1 5 2 3 1 0 0;0 0 0 1 1 0 0 1 0 0;1 1 1 1 1 0 1 1 0 0;1 0 2 0 2 0 0 1 1 0;1 0 0 0 0 3 0 0 1 0;1 1 1 1 1 1 1 1 1 0]
248,A*,0.641521692276001,34,[1 1 1 1 1 1 1 1 1 1;1 0 5 2 0 3 0 3 0 1;1 2 0 1 0 2 0 0 0 1;1 0 1 1 1 1 0 2 0 1;1 0 0 1 0 1 0 3 1 1;1 3 0 1 0 1 1 1 1 0;1 0 0 1 0 0 0 0 0 0;1 1 1 1 0 0 0 0 0 0;0 0 0 0 0 0 0 0 0 0;0 0 0 0 0 0 0 0 0 0]
248,DFS,0.33495640754699707,34,[1 1 1 1 1 1 1 1 1 1;1 0 5 2 0 3 0 3 0 1;1 2 0 1 0 2 0 0 0 1;1 0 1 1 1 1 0 2 0 1;1 0 0 1 0 1 0 3 1 1;1 3 0 1 0 1 1 1 1 0;1 0 0 1 0 0 0 0 0 0;1 1 1 1 0 0 0 0 0 0;0 0 0 0 0 0 0 0 0 0;0 0 0 0 0 0 0 0 0 0]
248,BFS,0.5448815822601318,34,[1 1 1 1 1 1 1 1 1 1;1 0 5 2 0 3 0 3 0 1;1 2 0 1 0 2 0 0 0 1;1 0 1 1 1 1 0 2 0 1;1 0 0 1 0 1 0 3 1 1;1 3 0 1 0 1 1 1 1 0;1 0 0 1 0 0 0 0 0 0;1 1 1 1 0 0 0 0 0 0;0 0 0 0 0 0 0 0 0 0;0 0 0 0 0 0 0 0 0 0]
249,A*,1.6238980293273926,42,[0 0 0 0 0 0 0 0 0 0;0 0 0 0 0 0 0 0 0 0;0 0 0 0 0 0 0 0 0 0;1 1 1 0 1 1 1 1 1 1;1 3 1 1 1 0 0 0 0 1;1 0 0 0 0 1 0 2 3 1;1 0 0 2 1 1 1 2 0 1;1 0 2 0 1 1 0 3 5 1;1 0 3 0 0 0 0 0 0 1;1 1 1 1 1 1 1 1 1 1]
249,DFS,1.5804359912872314,145,[0 0 0 0 0 0 0 0 0 0;0 0 0 0 0 0 0 0 0 0;0 0 0 0 0 0 0 0 0 0;1 1 1 0 1 1 1 1 1 1;1 3 1 1 1 0 0 0 0 1;1 0 0 0 0 1 0 2 3 1;1 0 0 2 1 1 1 2 0 1;1 0 2 0 1 1 0 3 5 1;1 0 3 0 0 0 0 0 0 1;1 1 1 1 1 1 1 1 1 1]
249,BFS,2.187976598739624,42,[0 0 0 0 0 0 0 0 0 0;0 0 0 0 0 0 0 0 0 0;0 0 0 0 0 0 0 0 0 0;1 1 1 0 1 1 1 1 1 1;1 3 1 1 1 0 0 0 0 1;1 0 0 0 0 1 0 2 3 1;1 0 0 2 1 1 1 2 0 1;1 0 2 0 1 1 0 3 5 1;1 0 3 0 0 0 0 0 0 1;1 1 1 1 1 1 1 1 1 1]
250,A*,0.24916958808898926,30,[0 0 0 0 1 1 1 1 0 0;0 0 0 0 1 0 0 1 1 0;0 0 0 0 1 0 0 0 1 0;0 0 0 0 1 0 2 1 1 1;0 0 0 0 1 0 3 0 3 1;0 0 0 0 1 0 2 3 0 1;0 0 0 0 1 1 1 2 0 1;1 1 1 1 1 1 0 2 3 1;1 0 0 0 0 5 0 0 0 1;1 1 1 1 1 1 1 1 1 1]
250,DFS,0.6951968669891357,68,[0 0 0 0 1 1 1 1 0 0;0 0 0 0 1 0 0 1 1 0;0 0 0 0 1 0 0 0 1 0;0 0 0 0 1 0 2 1 1 1;0 0 0 0 1 0 3 0 3 1;0 0 0 0 1 0 2 3 0 1;0 0 0 0 1 1 1 2 0 1;1 1 1 1 1 1 0 2 3 1;1 0 0 0 0 5 0 0 0 1;1 1 1 1 1 1 1 1 1 1]
250,BFS,0.20038795471191406,30,[0 0 0 0 1 1 1 1 0 0;0 0 0 0 1 0 0 1 1 0;0 0 0 0 1 0 0 0 1 0;0 0 0 0 1 0 2 1 1 1;0 0 0 0 1 0 3 0 3 1;0 0 0 0 1 0 2 3 0 1;0 0 0 0 1 1 1 2 0 1;1 1 1 1 1 1 0 2 3 1;1 0 0 0 0 5 0 0 0 1;1 1 1 1 1 1 1 1 1 1]
251,A*,5.761109352111816,40,[1 1 1 1 1 1 0 0 0 0;1 0 0 0 0 1 0 0 0 0;1 0 2 2 1 1 0 0 0 0;1 3 2 0 1 1 1 1 1 1;1 3 0 0 1 0 1 0 0 1;1 3 0 0 0 0 0 2 0 1;1 0 0 0 1 5 0 3 0 1;1 0 0 1 1 1 1 1 1 1;1 1 1 1 0 0 0 0 0 0;0 0 0 0 0 0 0 0 0 0]
251,DFS,1.9192769527435303,79,[1 1 1 1 1 1 0 0 0 0;1 0 0 0 0 1 0 0 0 0;1 0 2 2 1 1 0 0 0 0;1 3 2 0 1 1 1 1 1 1;1 3 0 0 1 0 1 0 0 1;1 3 0 0 0 0 0 2 0 1;1 0 0 0 1 5 0 3 0 1;1 0 0 1 1 1 1 1 1 1;1 1 1 1 0 0 0 0 0 0;0 0 0 0 0 0 0 0 0 0]
251,BFS,25.053295373916626,40,[1 1 1 1 1 1 0 0 0 0;1 0 0 0 0 1 0 0 0 0;1 0 2 2 1 1 0 0 0 0;1 3 2 0 1 1 1 1 1 1;1 3 0 0 1 0 1 0 0 1;1 3 0 0 0 0 0 2 0 1;1 0 0 0 1 5 0 3 0 1;1 0 0 1 1 1 1 1 1 1;1 1 1 1 0 0 0 0 0 0;0 0 0 0 0 0 0 0 0 0]
252,A*,5.428242206573486,64,[1 1 1 1 1 1 1 1 1 1;1 0 0 0 0 3 3 3 0 1;1 0 1 0 0 0 2 0 0 1;1 1 1 1 1 0 2 0 0 1;0 0 0 0 1 1 1 2 3 1;0 0 0 0 0 0 1 0 0 1;0 1 1 1 0 0 1 1 0 1;1 1 0 1 1 1 1 0 2 1;1 5 0 0 0 0 0 0 0 1;1 1 1 1 1 1 1 1 1 1]
252,DFS,1.3602807521820068,252,[1 1 1 1 1 1 1 1 1 1;1 0 0 0 0 3 3 3 0 1;1 0 1 0 0 0 2 0 0 1;1 1 1 1 1 0 2 0 0 1;0 0 0 0 1 1 1 2 3 1;0 0 0 0 0 0 1 0 0 1;0 1 1 1 0 0 1 1 0 1;1 1 0 1 1 1 1 0 2 1;1 5 0 0 0 0 0 0 0 1;1 1 1 1 1 1 1 1 1 1]
252,BFS,3.6098480224609375,64,[1 1 1 1 1 1 1 1 1 1;1 0 0 0 0 3 3 3 0 1;1 0 1 0 0 0 2 0 0 1;1 1 1 1 1 0 2 0 0 1;0 0 0 0 1 1 1 2 3 1;0 0 0 0 0 0 1 0 0 1;0 1 1 1 0 0 1 1 0 1;1 1 0 1 1 1 1 0 2 1;1 5 0 0 0 0 0 0 0 1;1 1 1 1 1 1 1 1 1 1]
253,A*,8.37858271598816,63,[1 1 1 1 1 0 0 0 0 0;1 0 3 0 1 0 0 0 0 0;1 0 0 0 1 0 0 0 0 0;1 0 2 1 1 1 1 0 0 0;1 0 3 0 2 0 1 0 0 0;1 0 0 1 2 3 1 0 0 0;1 0 1 1 5 0 1 1 1 0;1 0 0 1 3 2 1 0 1 1;1 0 0 0 0 0 0 0 0 1;1 1 1 1 1 1 1 1 1 1]
253,DFS,3.208606004714966,183,[1 1 1 1 1 0 0 0 0 0;1 0 3 0 1 0 0 0 0 0;1 0 0 0 1 0 0 0 0 0;1 0 2 1 1 1 1 0 0 0;1 0 3 0 2 0 1 0 0 0;1 0 0 1 2 3 1 0 0 0;1 0 1 1 5 0 1 1 1 0;1 0 0 1 3 2 1 0 1 1;1 0 0 0 0 0 0 0 0 1;1 1 1 1 1 1 1 1 1 1]
253,BFS,6.644089937210083,63,[1 1 1 1 1 0 0 0 0 0;1 0 3 0 1 0 0 0 0 0;1 0 0 0 1 0 0 0 0 0;1 0 2 1 1 1 1 0 0 0;1 0 3 0 2 0 1 0 0 0;1 0 0 1 2 3 1 0 0 0;1 0 1 1 5 0 1 1 1 0;1 0 0 1 3 2 1 0 1 1;1 0 0 0 0 0 0 0 0 1;1 1 1 1 1 1 1 1 1 1]
254,A*,55.433533906936646,82,[1 1 1 1 0 1 1 1 1 1;1 0 0 1 1 1 0 0 0 1;1 3 2 0 0 3 3 0 1 1;1 0 2 0 1 1 0 0 0 1;1 0 0 1 1 1 0 2 0 1;1 0 0 1 0 1 0 0 3 1;1 0 2 1 0 1 0 0 0 1;1 1 5 1 0 1 1 0 0 1;0 1 1 1 0 0 1 0 0 1;0 0 0 0 0 0 1 1 1 1]
254,DFS,21.573060035705566,3284,[1 1 1 1 0 1 1 1 1 1;1 0 0 1 1 1 0 0 0 1;1 3 2 0 0 3 3 0 1 1;1 0 2 0 1 1 0 0 0 1;1 0 0 1 1 1 0 2 0 1;1 0 0 1 0 1 0 0 3 1;1 0 2 1 0 1 0 0 0 1;1 1 5 1 0 1 1 0 0 1;0 1 1 1 0 0 1 0 0 1;0 0 0 0 0 0 1 1 1 1]
254,BFS,128.25358057022095,82,[1 1 1 1 0 1 1 1 1 1;1 0 0 1 1 1 0 0 0 1;1 3 2 0 0 3 3 0 1 1;1 0 2 0 1 1 0 0 0 1;1 0 0 1 1 1 0 2 0 1;1 0 0 1 0 1 0 0 3 1;1 0 2 1 0 1 0 0 0 1;1 1 5 1 0 1 1 0 0 1;0 1 1 1 0 0 1 0 0 1;0 0 0 0 0 0 1 1 1 1]
255,A*,39.67571473121643,93,[1 1 1 1 1 1 1 1 1 1;1 0 0 0 0 3 0 3 0 1;1 0 2 0 3 0 0 0 1 1;1 1 1 0 3 1 1 0 0 1;1 0 2 0 1 1 1 0 1 1;1 0 2 0 1 0 1 1 1 0;1 0 1 0 1 1 0 0 0 0;1 5 0 2 0 1 0 0 0 0;1 0 0 0 0 1 0 0 0 0;1 1 1 1 1 1 0 0 0 0]
255,DFS,9.823824167251587,809,[1 1 1 1 1 1 1 1 1 1;1 0 0 0 0 3 0 3 0 1;1 0 2 0 3 0 0 0 1 1;1 1 1 0 3 1 1 0 0 1;1 0 2 0 1 1 1 0 1 1;1 0 2 0 1 0 1 1 1 0;1 0 1 0 1 1 0 0 0 0;1 5 0 2 0 1 0 0 0 0;1 0 0 0 0 1 0 0 0 0;1 1 1 1 1 1 0 0 0 0]
255,BFS,62.679789304733276,93,[1 1 1 1 1 1 1 1 1 1;1 0 0 0 0 3 0 3 0 1;1 0 2 0 3 0 0 0 1 1;1 1 1 0 3 1 1 0 0 1;1 0 2 0 1 1 1 0 1 1;1 0 2 0 1 0 1 1 1 0;1 0 1 0 1 1 0 0 0 0;1 5 0 2 0 1 0 0 0 0;1 0 0 0 0 1 0 0 0 0;1 1 1 1 1 1 0 0 0 0]
256,A*,8.129955053329468,72,[1 1 1 0 0 0 0 0 0 0;1 0 1 1 1 1 1 1 1 1;1 0 1 0 0 1 0 0 0 1;1 0 2 0 3 2 0 3 1 1;1 0 0 0 0 1 0 0 1 0;1 3 1 1 1 1 0 1 1 0;1 0 2 0 3 0 2 1 0 0;1 0 0 0 0 1 5 1 0 0;1 1 1 1 1 1 1 1 0 0;0 0 0 0 0 0 0 0 0 0]
256,DFS,4.110898971557617,320,[1 1 1 0 0 0 0 0 0 0;1 0 1 1 1 1 1 1 1 1;1 0 1 0 0 1 0 0 0 1;1 0 2 0 3 2 0 3 1 1;1 0 0 0 0 1 0 0 1 0;1 3 1 1 1 1 0 1 1 0;1 0 2 0 3 0 2 1 0 0;1 0 0 0 0 1 5 1 0 0;1 1 1 1 1 1 1 1 0 0;0 0 0 0 0 0 0 0 0 0]
256,BFS,7.446537733078003,72,[1 1 1 0 0 0 0 0 0 0;1 0 1 1 1 1 1 1 1 1;1 0 1 0 0 1 0 0 0 1;1 0 2 0 3 2 0 3 1 1;1 0 0 0 0 1 0 0 1 0;1 3 1 1 1 1 0 1 1 0;1 0 2 0 3 0 2 1 0 0;1 0 0 0 0 1 5 1 0 0;1 1 1 1 1 1 1 1 0 0;0 0 0 0 0 0 0 0 0 0]
257,A*,0.24509644508361816,48,[1 1 1 1 1 1 1 1 1 1;1 0 3 0 0 0 0 2 5 1;1 0 0 1 1 0 2 0 2 1;1 1 1 1 1 1 1 0 0 1;1 1 1 0 0 1 0 1 3 1;1 0 1 0 1 1 0 0 3 1;1 0 1 1 1 0 0 1 1 1;1 0 0 0 1 2 0 1 1 0;1 0 0 3 0 0 0 0 1 0;1 1 1 1 1 1 1 1 1 0]
257,DFS,0.06250238418579102,88,[1 1 1 1 1 1 1 1 1 1;1 0 3 0 0 0 0 2 5 1;1 0 0 1 1 0 2 0 2 1;1 1 1 1 1 1 1 0 0 1;1 1 1 0 0 1 0 1 3 1;1 0 1 0 1 1 0 0 3 1;1 0 1 1 1 0 0 1 1 1;1 0 0 0 1 2 0 1 1 0;1 0 0 3 0 0 0 0 1 0;1 1 1 1 1 1 1 1 1 0]
257,BFS,0.15069961547851562,48,[1 1 1 1 1 1 1 1 1 1;1 0 3 0 0 0 0 2 5 1;1 0 0 1 1 0 2 0 2 1;1 1 1 1 1 1 1 0 0 1;1 1 1 0 0 1 0 1 3 1;1 0 1 0 1 1 0 0 3 1;1 0 1 1 1 0 0 1 1 1;1 0 0 0 1 2 0 1 1 0;1 0 0 3 0 0 0 0 1 0;1 1 1 1 1 1 1 1 1 0]
258,A*,1.8709969520568848,50,[0 0 0 0 0 0 1 1 1 1;0 0 0 0 0 0 1 0 0 1;0 0 0 0 0 0 1 2 0 1;0 0 0 0 0 0 1 0 3 1;0 0 1 1 1 1 1 0 0 1;0 0 1 5 2 3 0 3 0 1;0 0 1 0 2 0 2 0 0 1;0 0 1 1 1 1 1 0 3 1;0 0 0 0 0 0 1 1 1 1;0 0 0 0 0 0 0 0 0 0]
258,DFS,0.6587908267974854,331,[0 0 0 0 0 0 1 1 1 1;0 0 0 0 0 0 1 0 0 1;0 0 0 0 0 0 1 2 0 1;0 0 0 0 0 0 1 0 3 1;0 0 1 1 1 1 1 0 0 1;0 0 1 5 2 3 0 3 0 1;0 0 1 0 2 0 2 0 0 1;0 0 1 1 1 1 1 0 3 1;0 0 0 0 0 0 1 1 1 1;0 0 0 0 0 0 0 0 0 0]
258,BFS,0.8123965263366699,50,[0 0 0 0 0 0 1 1 1 1;0 0 0 0 0 0 1 0 0 1;0 0 0 0 0 0 1 2 0 1;0 0 0 0 0 0 1 0 3 1;0 0 1 1 1 1 1 0 0 1;0 0 1 5 2 3 0 3 0 1;0 0 1 0 2 0 2 0 0 1;0 0 1 1 1 1 1 0 3 1;0 0 0 0 0 0 1 1 1 1;0 0 0 0 0 0 0 0 0 0]
259,A*,0.5984818935394287,49,[0 0 0 0 0 0 0 1 1 1;0 0 1 1 1 1 1 1 0 1;0 0 1 0 2 0 0 3 0 1;1 1 1 5 2 0 0 0 0 1;1 0 1 1 1 1 1 0 1 1;1 3 0 1 0 1 0 0 0 1;1 0 1 1 0 1 3 0 1 1;1 2 0 1 1 1 2 0 1 1;1 0 0 0 0 0 0 3 0 1;1 1 1 1 1 1 1 1 1 1]
259,DFS,0.6011552810668945,186,[0 0 0 0 0 0 0 1 1 1;0 0 1 1 1 1 1 1 0 1;0 0 1 0 2 0 0 3 0 1;1 1 1 5 2 0 0 0 0 1;1 0 1 1 1 1 1 0 1 1;1 3 0 1 0 1 0 0 0 1;1 0 1 1 0 1 3 0 1 1;1 2 0 1 1 1 2 0 1 1;1 0 0 0 0 0 0 3 0 1;1 1 1 1 1 1 1 1 1 1]
259,BFS,0.3776669502258301,49,[0 0 0 0 0 0 0 1 1 1;0 0 1 1 1 1 1 1 0 1;0 0 1 0 2 0 0 3 0 1;1 1 1 5 2 0 0 0 0 1;1 0 1 1 1 1 1 0 1 1;1 3 0 1 0 1 0 0 0 1;1 0 1 1 0 1 3 0 1 1;1 2 0 1 1 1 2 0 1 1;1 0 0 0 0 0 0 3 0 1;1 1 1 1 1 1 1 1 1 1]
260,A*,52.776301860809326,80,[0 1 1 1 1 1 1 0 0 0;0 1 0 0 0 0 1 1 1 1;1 1 0 2 2 2 1 3 0 1;1 0 0 0 3 0 0 0 0 1;1 0 0 1 1 0 3 3 0 1;1 0 2 1 1 0 0 0 0 1;1 1 5 1 1 1 1 0 0 1;0 1 1 1 0 0 1 0 0 1;0 0 0 0 0 0 1 0 0 1;0 0 0 0 0 0 1 1 1 1]
260,DFS,15.883754014968872,3312,[0 1 1 1 1 1 1 0 0 0;0 1 0 0 0 0 1 1 1 1;1 1 0 2 2 2 1 3 0 1;1 0 0 0 3 0 0 0 0 1;1 0 0 1 1 0 3 3 0 1;1 0 2 1 1 0 0 0 0 1;1 1 5 1 1 1 1 0 0 1;0 1 1 1 0 0 1 0 0 1;0 0 0 0 0 0 1 0 0 1;0 0 0 0 0 0 1 1 1 1]
260,BFS,97.70401239395142,80,[0 1 1 1 1 1 1 0 0 0;0 1 0 0 0 0 1 1 1 1;1 1 0 2 2 2 1 3 0 1;1 0 0 0 3 0 0 0 0 1;1 0 0 1 1 0 3 3 0 1;1 0 2 1 1 0 0 0 0 1;1 1 5 1 1 1 1 0 0 1;0 1 1 1 0 0 1 0 0 1;0 0 0 0 0 0 1 0 0 1;0 0 0 0 0 0 1 1 1 1]
261,A*,0.7819342613220215,43,[1 1 1 1 1 1 1 1 1 1;1 0 2 0 3 3 3 0 0 1;1 5 3 2 2 0 0 2 0 1;1 0 0 0 0 1 1 1 1 1;1 1 1 1 1 1 0 0 0 0;0 0 0 0 0 0 0 0 0 0;0 0 0 0 0 0 0 0 0 0;0 0 0 0 0 0 0 0 0 0;0 0 0 0 0 0 0 0 0 0;0 0 0 0 0 0 0 0 0 0]
261,DFS,0.2793560028076172,178,[1 1 1 1 1 1 1 1 1 1;1 0 2 0 3 3 3 0 0 1;1 5 3 2 2 0 0 2 0 1;1 0 0 0 0 1 1 1 1 1;1 1 1 1 1 1 0 0 0 0;0 0 0 0 0 0 0 0 0 0;0 0 0 0 0 0 0 0 0 0;0 0 0 0 0 0 0 0 0 0;0 0 0 0 0 0 0 0 0 0;0 0 0 0 0 0 0 0 0 0]
261,BFS,0.4394207000732422,43,[1 1 1 1 1 1 1 1 1 1;1 0 2 0 3 3 3 0 0 1;1 5 3 2 2 0 0 2 0 1;1 0 0 0 0 1 1 1 1 1;1 1 1 1 1 1 0 0 0 0;0 0 0 0 0 0 0 0 0 0;0 0 0 0 0 0 0 0 0 0;0 0 0 0 0 0 0 0 0 0;0 0 0 0 0 0 0 0 0 0;0 0 0 0 0 0 0 0 0 0]
262,A*,19.043025970458984,104,[0 0 0 0 1 1 1 0 0 0;1 1 1 1 1 0 1 1 1 0;1 0 0 0 0 0 0 0 1 0;1 0 0 3 0 0 2 0 1 0;1 0 0 1 1 5 0 0 1 0;1 3 1 1 1 1 3 1 1 0;1 0 0 1 0 0 0 0 1 0;1 0 2 1 0 2 2 0 1 0;1 0 0 3 0 0 1 1 1 0;1 1 1 1 1 1 1 0 0 0]
262,DFS,10.88360047340393,666,[0 0 0 0 1 1 1 0 0 0;1 1 1 1 1 0 1 1 1 0;1 0 0 0 0 0 0 0 1 0;1 0 0 3 0 0 2 0 1 0;1 0 0 1 1 5 0 0 1 0;1 3 1 1 1 1 3 1 1 0;1 0 0 1 0 0 0 0 1 0;1 0 2 1 0 2 2 0 1 0;1 0 0 3 0 0 1 1 1 0;1 1 1 1 1 1 1 0 0 0]
262,BFS,33.22012686729431,104,[0 0 0 0 1 1 1 0 0 0;1 1 1 1 1 0 1 1 1 0;1 0 0 0 0 0 0 0 1 0;1 0 0 3 0 0 2 0 1 0;1 0 0 1 1 5 0 0 1 0;1 3 1 1 1 1 3 1 1 0;1 0 0 1 0 0 0 0 1 0;1 0 2 1 0 2 2 0 1 0;1 0 0 3 0 0 1 1 1 0;1 1 1 1 1 1 1 0 0 0]
263,A*,6.2660980224609375,44,[0 0 0 0 0 0 0 0 0 0;0 0 0 0 0 0 0 0 0 0;1 1 1 1 0 1 1 1 1 0;1 0 0 1 1 1 0 0 1 1;1 5 0 1 0 1 0 2 3 1;1 0 0 0 0 3 3 0 0 1;1 0 2 2 3 0 0 2 1 1;1 0 0 1 1 1 0 0 1 0;1 0 1 1 0 1 1 1 1 0;1 1 1 0 0 0 0 0 0 0]
263,DFS,6.275566816329956,1060,[0 0 0 0 0 0 0 0 0 0;0 0 0 0 0 0 0 0 0 0;1 1 1 1 0 1 1 1 1 0;1 0 0 1 1 1 0 0 1 1;1 5 0 1 0 1 0 2 3 1;1 0 0 0 0 3 3 0 0 1;1 0 2 2 3 0 0 2 1 1;1 0 0 1 1 1 0 0 1 0;1 0 1 1 0 1 1 1 1 0;1 1 1 0 0 0 0 0 0 0]
263,BFS,16.837013244628906,44,[0 0 0 0 0 0 0 0 0 0;0 0 0 0 0 0 0 0 0 0;1 1 1 1 0 1 1 1 1 0;1 0 0 1 1 1 0 0 1 1;1 5 0 1 0 1 0 2 3 1;1 0 0 0 0 3 3 0 0 1;1 0 2 2 3 0 0 2 1 1;1 0 0 1 1 1 0 0 1 0;1 0 1 1 0 1 1 1 1 0;1 1 1 0 0 0 0 0 0 0]
264,A*,1.501267671585083,46,[0 1 1 1 0 0 0 0 0 0;1 1 3 1 1 1 1 1 0 0;1 0 0 0 0 2 5 1 0 0;1 0 0 2 3 0 1 1 0 0;1 3 0 1 1 1 1 0 0 0;1 0 2 1 0 0 0 0 0 0;1 0 0 1 1 1 0 0 0 0;1 0 2 1 0 1 0 0 0 0;1 0 3 0 0 1 0 0 0 0;1 1 1 1 1 1 0 0 0 0]
264,DFS,0.5644140243530273,82,[0 1 1 1 0 0 0 0 0 0;1 1 3 1 1 1 1 1 0 0;1 0 0 0 0 2 5 1 0 0;1 0 0 2 3 0 1 1 0 0;1 3 0 1 1 1 1 0 0 0;1 0 2 1 0 0 0 0 0 0;1 0 0 1 1 1 0 0 0 0;1 0 2 1 0 1 0 0 0 0;1 0 3 0 0 1 0 0 0 0;1 1 1 1 1 1 0 0 0 0]
264,BFS,1.113623857498169,46,[0 1 1 1 0 0 0 0 0 0;1 1 3 1 1 1 1 1 0 0;1 0 0 0 0 2 5 1 0 0;1 0 0 2 3 0 1 1 0 0;1 3 0 1 1 1 1 0 0 0;1 0 2 1 0 0 0 0 0 0;1 0 0 1 1 1 0 0 0 0;1 0 2 1 0 1 0 0 0 0;1 0 3 0 0 1 0 0 0 0;1 1 1 1 1 1 0 0 0 0]
265,A*,13.245753765106201,83,[1 1 1 1 1 1 0 0 0 0;1 5 0 0 0 1 0 0 0 0;1 0 2 2 1 1 1 1 1 1;1 1 1 0 0 1 1 0 0 1;0 1 3 0 0 0 0 0 3 1;0 1 0 3 0 0 1 2 0 1;0 1 1 0 0 1 1 0 3 1;0 0 1 2 1 1 0 1 0 1;0 0 1 0 0 0 0 0 0 1;0 0 1 1 1 1 1 1 1 1]
265,DFS,4.748519659042358,437,[1 1 1 1 1 1 0 0 0 0;1 5 0 0 0 1 0 0 0 0;1 0 2 2 1 1 1 1 1 1;1 1 1 0 0 1 1 0 0 1;0 1 3 0 0 0 0 0 3 1;0 1 0 3 0 0 1 2 0 1;0 1 1 0 0 1 1 0 3 1;0 0 1 2 1 1 0 1 0 1;0 0 1 0 0 0 0 0 0 1;0 0 1 1 1 1 1 1 1 1]
265,BFS,12.551958560943604,83,[1 1 1 1 1 1 0 0 0 0;1 5 0 0 0 1 0 0 0 0;1 0 2 2 1 1 1 1 1 1;1 1 1 0 0 1 1 0 0 1;0 1 3 0 0 0 0 0 3 1;0 1 0 3 0 0 1 2 0 1;0 1 1 0 0 1 1 0 3 1;0 0 1 2 1 1 0 1 0 1;0 0 1 0 0 0 0 0 0 1;0 0 1 1 1 1 1 1 1 1]
266,A*,5.177371501922607,36,[1 1 1 1 1 1 0 0 0 0;1 0 0 0 0 1 1 0 0 0;1 0 1 0 2 0 1 0 0 0;1 3 1 0 5 0 1 0 0 0;1 0 0 0 0 0 1 0 0 0;1 3 2 1 0 0 1 0 0 0;1 0 0 2 2 1 1 1 0 0;1 3 0 0 0 0 0 1 0 0;1 0 1 0 3 1 1 1 0 0;1 1 1 1 1 1 0 0 0 0]
266,DFS,6.1593592166900635,578,[1 1 1 1 1 1 0 0 0 0;1 0 0 0 0 1 1 0 0 0;1 0 1 0 2 0 1 0 0 0;1 3 1 0 5 0 1 0 0 0;1 0 0 0 0 0 1 0 0 0;1 3 2 1 0 0 1 0 0 0;1 0 0 2 2 1 1 1 0 0;1 3 0 0 0 0 0 1 0 0;1 0 1 0 3 1 1 1 0 0;1 1 1 1 1 1 0 0 0 0]
266,BFS,51.79103112220764,36,[1 1 1 1 1 1 0 0 0 0;1 0 0 0 0 1 1 0 0 0;1 0 1 0 2 0 1 0 0 0;1 3 1 0 5 0 1 0 0 0;1 0 0 0 0 0 1 0 0 0;1 3 2 1 0 0 1 0 0 0;1 0 0 2 2 1 1 1 0 0;1 3 0 0 0 0 0 1 0 0;1 0 1 0 3 1 1 1 0 0;1 1 1 1 1 1 0 0 0 0]
267,A*,5.528185606002808,50,[0 0 0 0 0 0 1 1 1 1;0 0 0 0 0 0 1 0 0 1;1 1 1 0 0 0 1 0 0 1;1 0 1 1 1 1 1 0 0 1;1 3 0 0 1 1 0 3 0 1;1 0 2 0 2 3 0 0 0 1;1 0 1 0 2 1 1 0 0 1;1 5 0 2 3 0 1 0 0 1;1 0 0 0 1 1 1 1 1 1;1 1 1 1 1 0 0 0 0 0]
267,DFS,4.6050705909729,269,[0 0 0 0 0 0 1 1 1 1;0 0 0 0 0 0 1 0 0 1;1 1 1 0 0 0 1 0 0 1;1 0 1 1 1 1 1 0 0 1;1 3 0 0 1 1 0 3 0 1;1 0 2 0 2 3 0 0 0 1;1 0 1 0 2 1 1 0 0 1;1 5 0 2 3 0 1 0 0 1;1 0 0 0 1 1 1 1 1 1;1 1 1 1 1 0 0 0 0 0]
267,BFS,8.944799423217773,50,[0 0 0 0 0 0 1 1 1 1;0 0 0 0 0 0 1 0 0 1;1 1 1 0 0 0 1 0 0 1;1 0 1 1 1 1 1 0 0 1;1 3 0 0 1 1 0 3 0 1;1 0 2 0 2 3 0 0 0 1;1 0 1 0 2 1 1 0 0 1;1 5 0 2 3 0 1 0 0 1;1 0 0 0 1 1 1 1 1 1;1 1 1 1 1 0 0 0 0 0]
268,A*,4.245892286300659,59,[1 1 1 1 1 1 0 0 0 0;1 3 0 0 0 1 0 0 0 0;1 0 2 0 0 1 0 0 0 0;1 3 0 0 1 1 0 0 0 0;1 1 0 2 5 1 0 0 0 0;0 1 0 2 0 1 0 0 0 0;0 1 0 0 1 1 1 0 0 0;0 1 2 3 1 0 1 1 1 1;0 1 0 0 3 0 0 0 0 1;0 1 1 1 1 1 1 1 1 1]
268,DFS,0.5939052104949951,309,[1 1 1 1 1 1 0 0 0 0;1 3 0 0 0 1 0 0 0 0;1 0 2 0 0 1 0 0 0 0;1 3 0 0 1 1 0 0 0 0;1 1 0 2 5 1 0 0 0 0;0 1 0 2 0 1 0 0 0 0;0 1 0 0 1 1 1 0 0 0;0 1 2 3 1 0 1 1 1 1;0 1 0 0 3 0 0 0 0 1;0 1 1 1 1 1 1 1 1 1]
268,BFS,4.117954730987549,59,[1 1 1 1 1 1 0 0 0 0;1 3 0 0 0 1 0 0 0 0;1 0 2 0 0 1 0 0 0 0;1 3 0 0 1 1 0 0 0 0;1 1 0 2 5 1 0 0 0 0;0 1 0 2 0 1 0 0 0 0;0 1 0 0 1 1 1 0 0 0;0 1 2 3 1 0 1 1 1 1;0 1 0 0 3 0 0 0 0 1;0 1 1 1 1 1 1 1 1 1]
269,A*,3.659724473953247,74,[0 0 0 0 0 0 1 1 1 1;0 0 0 0 0 0 1 0 0 1;0 0 0 0 0 0 1 0 0 1;0 0 0 0 0 1 1 2 0 1;0 0 0 0 0 1 5 2 0 1;0 0 0 0 0 1 2 2 3 1;0 0 0 1 1 1 0 0 1 1;1 1 1 1 0 0 3 0 1 1;1 0 0 0 3 0 3 0 0 1;1 1 1 1 1 1 1 1 1 1]
269,DFS,0.7623696327209473,168,[0 0 0 0 0 0 1 1 1 1;0 0 0 0 0 0 1 0 0 1;0 0 0 0 0 0 1 0 0 1;0 0 0 0 0 1 1 2 0 1;0 0 0 0 0 1 5 2 0 1;0 0 0 0 0 1 2 2 3 1;0 0 0 1 1 1 0 0 1 1;1 1 1 1 0 0 3 0 1 1;1 0 0 0 3 0 3 0 0 1;1 1 1 1 1 1 1 1 1 1]
269,BFS,1.9010984897613525,74,[0 0 0 0 0 0 1 1 1 1;0 0 0 0 0 0 1 0 0 1;0 0 0 0 0 0 1 0 0 1;0 0 0 0 0 1 1 2 0 1;0 0 0 0 0 1 5 2 0 1;0 0 0 0 0 1 2 2 3 1;0 0 0 1 1 1 0 0 1 1;1 1 1 1 0 0 3 0 1 1;1 0 0 0 3 0 3 0 0 1;1 1 1 1 1 1 1 1 1 1]
270,A*,9.772033214569092,62,[0 0 1 1 1 0 0 0 0 0;0 0 1 0 1 0 0 0 0 0;0 1 1 0 1 1 1 1 0 0;1 1 0 0 1 3 3 1 0 0;1 0 2 3 0 0 5 1 0 0;1 0 0 2 0 2 0 1 1 1;1 1 1 0 1 1 0 0 0 1;1 1 0 2 3 0 1 0 0 1;1 0 0 0 0 0 0 0 1 1;1 1 1 1 1 1 1 1 1 0]
270,DFS,5.4300079345703125,786,[0 0 1 1 1 0 0 0 0 0;0 0 1 0 1 0 0 0 0 0;0 1 1 0 1 1 1 1 0 0;1 1 0 0 1 3 3 1 0 0;1 0 2 3 0 0 5 1 0 0;1 0 0 2 0 2 0 1 1 1;1 1 1 0 1 1 0 0 0 1;1 1 0 2 3 0 1 0 0 1;1 0 0 0 0 0 0 0 1 1;1 1 1 1 1 1 1 1 1 0]
270,BFS,16.68965244293213,62,[0 0 1 1 1 0 0 0 0 0;0 0 1 0 1 0 0 0 0 0;0 1 1 0 1 1 1 1 0 0;1 1 0 0 1 3 3 1 0 0;1 0 2 3 0 0 5 1 0 0;1 0 0 2 0 2 0 1 1 1;1 1 1 0 1 1 0 0 0 1;1 1 0 2 3 0 1 0 0 1;1 0 0 0 0 0 0 0 1 1;1 1 1 1 1 1 1 1 1 0]
271,A*,4.10810661315918,56,[0 0 0 0 0 0 0 0 0 0;0 0 0 0 0 0 0 0 0 0;0 0 0 0 0 0 0 1 1 1;0 0 0 0 0 0 0 1 0 1;0 0 1 1 1 0 1 1 0 1;1 1 1 0 1 1 1 0 0 1;1 0 0 3 0 3 2 2 0 1;1 5 2 0 2 0 3 3 0 1;1 1 1 1 1 1 0 0 0 1;0 0 0 0 0 1 1 1 1 1]
271,DFS,1.5216891765594482,202,[0 0 0 0 0 0 0 0 0 0;0 0 0 0 0 0 0 0 0 0;0 0 0 0 0 0 0 1 1 1;0 0 0 0 0 0 0 1 0 1;0 0 1 1 1 0 1 1 0 1;1 1 1 0 1 1 1 0 0 1;1 0 0 3 0 3 2 2 0 1;1 5 2 0 2 0 3 3 0 1;1 1 1 1 1 1 0 0 0 1;0 0 0 0 0 1 1 1 1 1]
271,BFS,2.6826813220977783,56,[0 0 0 0 0 0 0 0 0 0;0 0 0 0 0 0 0 0 0 0;0 0 0 0 0 0 0 1 1 1;0 0 0 0 0 0 0 1 0 1;0 0 1 1 1 0 1 1 0 1;1 1 1 0 1 1 1 0 0 1;1 0 0 3 0 3 2 2 0 1;1 5 2 0 2 0 3 3 0 1;1 1 1 1 1 1 0 0 0 1;0 0 0 0 0 1 1 1 1 1]
272,A*,12.073378562927246,86,[1 1 1 1 1 1 1 1 1 1;1 0 0 0 0 3 0 0 0 1;1 0 0 1 0 1 3 2 0 1;1 0 0 0 1 1 1 0 3 1;1 0 0 1 1 0 1 5 0 1;1 0 2 0 1 0 1 2 0 1;1 0 0 1 1 0 1 0 0 1;1 1 1 1 0 1 1 2 0 1;0 0 0 0 0 1 0 0 3 1;0 0 0 0 0 1 1 1 1 1]
272,DFS,2.3731608390808105,840,[1 1 1 1 1 1 1 1 1 1;1 0 0 0 0 3 0 0 0 1;1 0 0 1 0 1 3 2 0 1;1 0 0 0 1 1 1 0 3 1;1 0 0 1 1 0 1 5 0 1;1 0 2 0 1 0 1 2 0 1;1 0 0 1 1 0 1 0 0 1;1 1 1 1 0 1 1 2 0 1;0 0 0 0 0 1 0 0 3 1;0 0 0 0 0 1 1 1 1 1]
272,BFS,10.74464750289917,86,[1 1 1 1 1 1 1 1 1 1;1 0 0 0 0 3 0 0 0 1;1 0 0 1 0 1 3 2 0 1;1 0 0 0 1 1 1 0 3 1;1 0 0 1 1 0 1 5 0 1;1 0 2 0 1 0 1 2 0 1;1 0 0 1 1 0 1 0 0 1;1 1 1 1 0 1 1 2 0 1;0 0 0 0 0 1 0 0 3 1;0 0 0 0 0 1 1 1 1 1]
273,A*,36.08925676345825,85,[1 1 1 1 1 1 1 1 1 1;1 3 0 0 0 0 3 0 3 1;1 0 1 0 2 0 0 0 0 1;1 0 1 1 1 1 1 0 1 1;1 0 0 1 0 1 1 0 1 0;1 0 1 1 0 1 0 0 1 0;1 0 0 1 1 1 2 2 1 1;1 0 0 0 0 0 3 2 5 1;1 0 0 0 0 0 1 0 1 1;1 1 1 1 1 1 1 1 1 0]
273,DFS,3.48036789894104,1360,[1 1 1 1 1 1 1 1 1 1;1 3 0 0 0 0 3 0 3 1;1 0 1 0 2 0 0 0 0 1;1 0 1 1 1 1 1 0 1 1;1 0 0 1 0 1 1 0 1 0;1 0 1 1 0 1 0 0 1 0;1 0 0 1 1 1 2 2 1 1;1 0 0 0 0 0 3 2 5 1;1 0 0 0 0 0 1 0 1 1;1 1 1 1 1 1 1 1 1 0]
273,BFS,74.29900288581848,85,[1 1 1 1 1 1 1 1 1 1;1 3 0 0 0 0 3 0 3 1;1 0 1 0 2 0 0 0 0 1;1 0 1 1 1 1 1 0 1 1;1 0 0 1 0 1 1 0 1 0;1 0 1 1 0 1 0 0 1 0;1 0 0 1 1 1 2 2 1 1;1 0 0 0 0 0 3 2 5 1;1 0 0 0 0 0 1 0 1 1;1 1 1 1 1 1 1 1 1 0]
274,A*,2.7791740894317627,57,[0 0 0 0 0 0 0 0 0 0;1 1 1 1 0 0 0 0 0 0;1 0 0 1 0 0 0 0 0 0;1 0 3 1 1 0 0 0 0 0;1 1 0 0 1 1 1 1 1 0;1 1 2 1 1 1 0 3 1 1;1 0 2 0 0 0 2 0 0 1;1 0 2 3 0 0 3 0 0 1;1 5 0 1 1 1 1 1 1 1;1 1 1 1 0 0 0 0 0 0]
274,DFS,0.7457821369171143,155,[0 0 0 0 0 0 0 0 0 0;1 1 1 1 0 0 0 0 0 0;1 0 0 1 0 0 0 0 0 0;1 0 3 1 1 0 0 0 0 0;1 1 0 0 1 1 1 1 1 0;1 1 2 1 1 1 0 3 1 1;1 0 2 0 0 0 2 0 0 1;1 0 2 3 0 0 3 0 0 1;1 5 0 1 1 1 1 1 1 1;1 1 1 1 0 0 0 0 0 0]
274,BFS,1.3366589546203613,57,[0 0 0 0 0 0 0 0 0 0;1 1 1 1 0 0 0 0 0 0;1 0 0 1 0 0 0 0 0 0;1 0 3 1 1 0 0 0 0 0;1 1 0 0 1 1 1 1 1 0;1 1 2 1 1 1 0 3 1 1;1 0 2 0 0 0 2 0 0 1;1 0 2 3 0 0 3 0 0 1;1 5 0 1 1 1 1 1 1 1;1 1 1 1 0 0 0 0 0 0]
275,A*,2.4506406784057617,64,[0 0 0 0 0 0 0 0 0 0;1 1 1 0 0 0 0 0 0 0;1 0 1 0 0 0 0 0 0 0;1 3 1 0 0 0 0 0 0 0;1 0 1 1 0 0 0 0 0 0;1 0 0 1 1 1 0 0 0 0;1 0 0 1 0 1 1 1 1 1;1 2 0 0 2 0 0 2 5 1;1 0 3 3 3 0 0 2 0 1;1 1 1 1 1 1 1 1 1 1]
275,DFS,0.6054685115814209,322,[0 0 0 0 0 0 0 0 0 0;1 1 1 0 0 0 0 0 0 0;1 0 1 0 0 0 0 0 0 0;1 3 1 0 0 0 0 0 0 0;1 0 1 1 0 0 0 0 0 0;1 0 0 1 1 1 0 0 0 0;1 0 0 1 0 1 1 1 1 1;1 2 0 0 2 0 0 2 5 1;1 0 3 3 3 0 0 2 0 1;1 1 1 1 1 1 1 1 1 1]
275,BFS,1.0142436027526855,64,[0 0 0 0 0 0 0 0 0 0;1 1 1 0 0 0 0 0 0 0;1 0 1 0 0 0 0 0 0 0;1 3 1 0 0 0 0 0 0 0;1 0 1 1 0 0 0 0 0 0;1 0 0 1 1 1 0 0 0 0;1 0 0 1 0 1 1 1 1 1;1 2 0 0 2 0 0 2 5 1;1 0 3 3 3 0 0 2 0 1;1 1 1 1 1 1 1 1 1 1]
276,A*,1.7375388145446777,42,[1 1 1 1 1 1 1 1 0 0;1 0 3 3 0 2 5 1 0 0;1 0 0 0 0 2 0 1 0 0;1 0 3 2 0 1 1 1 0 0;1 3 2 1 1 1 0 0 0 0;1 0 0 1 0 0 0 0 0 0;1 0 1 1 0 0 0 0 0 0;1 0 1 0 0 0 0 0 0 0;1 1 1 0 0 0 0 0 0 0;0 0 0 0 0 0 0 0 0 0]
276,DFS,0.6483321189880371,270,[1 1 1 1 1 1 1 1 0 0;1 0 3 3 0 2 5 1 0 0;1 0 0 0 0 2 0 1 0 0;1 0 3 2 0 1 1 1 0 0;1 3 2 1 1 1 0 0 0 0;1 0 0 1 0 0 0 0 0 0;1 0 1 1 0 0 0 0 0 0;1 0 1 0 0 0 0 0 0 0;1 1 1 0 0 0 0 0 0 0;0 0 0 0 0 0 0 0 0 0]
276,BFS,0.9433720111846924,42,[1 1 1 1 1 1 1 1 0 0;1 0 3 3 0 2 5 1 0 0;1 0 0 0 0 2 0 1 0 0;1 0 3 2 0 1 1 1 0 0;1 3 2 1 1 1 0 0 0 0;1 0 0 1 0 0 0 0 0 0;1 0 1 1 0 0 0 0 0 0;1 0 1 0 0 0 0 0 0 0;1 1 1 0 0 0 0 0 0 0;0 0 0 0 0 0 0 0 0 0]
277,A*,6.727523326873779,71,[1 1 1 1 1 0 0 0 0 0;1 0 0 0 1 1 1 1 1 0;1 3 2 0 3 0 0 0 1 0;1 0 1 3 0 0 2 0 1 0;1 0 0 1 1 1 1 1 1 0;1 0 1 1 1 1 0 1 0 0;1 3 1 1 1 0 0 1 1 0;1 0 0 0 2 0 2 0 1 0;1 0 0 5 0 0 0 0 1 0;1 1 1 1 1 1 1 1 1 0]
277,DFS,2.353506565093994,483,[1 1 1 1 1 0 0 0 0 0;1 0 0 0 1 1 1 1 1 0;1 3 2 0 3 0 0 0 1 0;1 0 1 3 0 0 2 0 1 0;1 0 0 1 1 1 1 1 1 0;1 0 1 1 1 1 0 1 0 0;1 3 1 1 1 0 0 1 1 0;1 0 0 0 2 0 2 0 1 0;1 0 0 5 0 0 0 0 1 0;1 1 1 1 1 1 1 1 1 0]
277,BFS,5.343251943588257,71,[1 1 1 1 1 0 0 0 0 0;1 0 0 0 1 1 1 1 1 0;1 3 2 0 3 0 0 0 1 0;1 0 1 3 0 0 2 0 1 0;1 0 0 1 1 1 1 1 1 0;1 0 1 1 1 1 0 1 0 0;1 3 1 1 1 0 0 1 1 0;1 0 0 0 2 0 2 0 1 0;1 0 0 5 0 0 0 0 1 0;1 1 1 1 1 1 1 1 1 0]
278,A*,8.919516563415527,45,[1 1 1 1 1 1 1 1 0 0;1 0 2 0 0 3 3 1 0 0;1 5 2 0 0 0 0 1 0 0;1 0 1 1 1 1 0 1 0 0;1 3 0 1 1 0 0 1 0 0;1 0 1 1 0 0 1 1 0 0;1 0 0 3 0 0 0 1 0 0;1 0 2 0 2 0 1 1 0 0;1 0 0 0 0 1 1 0 0 0;1 1 1 1 1 1 0 0 0 0]
278,DFS,1.2643654346466064,461,[1 1 1 1 1 1 1 1 0 0;1 0 2 0 0 3 3 1 0 0;1 5 2 0 0 0 0 1 0 0;1 0 1 1 1 1 0 1 0 0;1 3 0 1 1 0 0 1 0 0;1 0 1 1 0 0 1 1 0 0;1 0 0 3 0 0 0 1 0 0;1 0 2 0 2 0 1 1 0 0;1 0 0 0 0 1 1 0 0 0;1 1 1 1 1 1 0 0 0 0]
278,BFS,18.048978090286255,45,[1 1 1 1 1 1 1 1 0 0;1 0 2 0 0 3 3 1 0 0;1 5 2 0 0 0 0 1 0 0;1 0 1 1 1 1 0 1 0 0;1 3 0 1 1 0 0 1 0 0;1 0 1 1 0 0 1 1 0 0;1 0 0 3 0 0 0 1 0 0;1 0 2 0 2 0 1 1 0 0;1 0 0 0 0 1 1 0 0 0;1 1 1 1 1 1 0 0 0 0]
279,A*,5.233989477157593,77,[0 0 0 0 0 1 1 1 1 1;1 1 1 1 1 1 0 0 3 1;1 0 0 0 0 0 0 3 0 1;1 3 1 0 2 0 0 0 1 1;1 0 0 1 1 1 1 0 0 1;1 0 0 1 0 0 1 0 0 1;1 0 1 1 1 1 1 3 1 1;1 2 0 1 1 0 2 2 1 1;1 0 0 0 0 5 0 0 0 1;1 1 1 1 1 1 1 1 1 1]
279,DFS,2.2277612686157227,713,[0 0 0 0 0 1 1 1 1 1;1 1 1 1 1 1 0 0 3 1;1 0 0 0 0 0 0 3 0 1;1 3 1 0 2 0 0 0 1 1;1 0 0 1 1 1 1 0 0 1;1 0 0 1 0 0 1 0 0 1;1 0 1 1 1 1 1 3 1 1;1 2 0 1 1 0 2 2 1 1;1 0 0 0 0 5 0 0 0 1;1 1 1 1 1 1 1 1 1 1]
279,BFS,3.7271945476531982,77,[0 0 0 0 0 1 1 1 1 1;1 1 1 1 1 1 0 0 3 1;1 0 0 0 0 0 0 3 0 1;1 3 1 0 2 0 0 0 1 1;1 0 0 1 1 1 1 0 0 1;1 0 0 1 0 0 1 0 0 1;1 0 1 1 1 1 1 3 1 1;1 2 0 1 1 0 2 2 1 1;1 0 0 0 0 5 0 0 0 1;1 1 1 1 1 1 1 1 1 1]
280,A*,9.579768896102905,75,[0 0 0 0 0 0 0 0 0 0;0 0 0 0 0 0 0 0 0 0;0 1 1 1 1 1 1 1 1 1;1 1 5 1 0 1 1 0 0 1;1 0 2 2 0 2 0 2 0 1;1 0 3 0 0 0 3 0 0 1;1 0 1 1 1 3 0 1 1 1;1 1 1 0 1 0 0 3 1 0;0 0 0 0 1 1 0 0 1 0;0 0 0 0 0 1 1 1 1 0]
280,DFS,2.903813362121582,907,[0 0 0 0 0 0 0 0 0 0;0 0 0 0 0 0 0 0 0 0;0 1 1 1 1 1 1 1 1 1;1 1 5 1 0 1 1 0 0 1;1 0 2 2 0 2 0 2 0 1;1 0 3 0 0 0 3 0 0 1;1 0 1 1 1 3 0 1 1 1;1 1 1 0 1 0 0 3 1 0;0 0 0 0 1 1 0 0 1 0;0 0 0 0 0 1 1 1 1 0]
280,BFS,6.504366874694824,75,[0 0 0 0 0 0 0 0 0 0;0 0 0 0 0 0 0 0 0 0;0 1 1 1 1 1 1 1 1 1;1 1 5 1 0 1 1 0 0 1;1 0 2 2 0 2 0 2 0 1;1 0 3 0 0 0 3 0 0 1;1 0 1 1 1 3 0 1 1 1;1 1 1 0 1 0 0 3 1 0;0 0 0 0 1 1 0 0 1 0;0 0 0 0 0 1 1 1 1 0]
281,A*,2.618328094482422,35,[0 0 0 0 0 1 1 1 1 1;0 0 0 0 0 1 0 0 3 1;0 0 0 0 0 1 0 2 0 1;0 0 0 0 1 1 0 2 0 1;0 0 0 0 1 5 2 3 0 1;0 0 0 0 1 1 0 3 2 1;0 0 0 0 1 0 3 0 0 1;0 0 0 0 1 1 0 0 1 1;0 0 0 0 0 1 0 0 0 1;0 0 0 0 0 1 1 1 1 1]
281,DFS,1.0488877296447754,362,[0 0 0 0 0 1 1 1 1 1;0 0 0 0 0 1 0 0 3 1;0 0 0 0 0 1 0 2 0 1;0 0 0 0 1 1 0 2 0 1;0 0 0 0 1 5 2 3 0 1;0 0 0 0 1 1 0 3 2 1;0 0 0 0 1 0 3 0 0 1;0 0 0 0 1 1 0 0 1 1;0 0 0 0 0 1 0 0 0 1;0 0 0 0 0 1 1 1 1 1]
281,BFS,2.3604159355163574,35,[0 0 0 0 0 1 1 1 1 1;0 0 0 0 0 1 0 0 3 1;0 0 0 0 0 1 0 2 0 1;0 0 0 0 1 1 0 2 0 1;0 0 0 0 1 5 2 3 0 1;0 0 0 0 1 1 0 3 2 1;0 0 0 0 1 0 3 0 0 1;0 0 0 0 1 1 0 0 1 1;0 0 0 0 0 1 0 0 0 1;0 0 0 0 0 1 1 1 1 1]
282,A*,22.587953805923462,91,[1 1 1 1 1 1 1 1 1 1;1 0 0 0 0 0 0 0 0 1;1 0 0 3 0 2 2 3 0 1;1 3 0 1 0 0 2 2 0 1;1 0 0 1 1 1 1 0 0 1;1 3 1 1 0 0 1 1 1 1;1 5 1 1 0 0 0 0 0 0;1 0 0 1 0 0 0 0 0 0;1 0 1 1 0 0 0 0 0 0;1 1 1 0 0 0 0 0 0 0]
282,DFS,6.683975696563721,425,[1 1 1 1 1 1 1 1 1 1;1 0 0 0 0 0 0 0 0 1;1 0 0 3 0 2 2 3 0 1;1 3 0 1 0 0 2 2 0 1;1 0 0 1 1 1 1 0 0 1;1 3 1 1 0 0 1 1 1 1;1 5 1 1 0 0 0 0 0 0;1 0 0 1 0 0 0 0 0 0;1 0 1 1 0 0 0 0 0 0;1 1 1 0 0 0 0 0 0 0]
282,BFS,21.124943733215332,91,[1 1 1 1 1 1 1 1 1 1;1 0 0 0 0 0 0 0 0 1;1 0 0 3 0 2 2 3 0 1;1 3 0 1 0 0 2 2 0 1;1 0 0 1 1 1 1 0 0 1;1 3 1 1 0 0 1 1 1 1;1 5 1 1 0 0 0 0 0 0;1 0 0 1 0 0 0 0 0 0;1 0 1 1 0 0 0 0 0 0;1 1 1 0 0 0 0 0 0 0]
283,A*,26.58180260658264,93,[0 1 1 1 1 1 1 0 0 0;1 1 0 1 0 0 1 0 0 0;1 0 2 0 2 5 1 0 0 0;1 0 0 1 0 0 1 0 0 0;1 0 1 0 2 1 1 0 0 0;1 3 0 1 0 0 1 0 0 0;1 3 1 0 0 0 1 1 1 1;1 0 0 0 3 0 0 2 0 1;1 0 0 1 0 0 0 3 0 1;1 1 1 1 1 1 1 1 1 1]
283,DFS,4.075955390930176,243,[0 1 1 1 1 1 1 0 0 0;1 1 0 1 0 0 1 0 0 0;1 0 2 0 2 5 1 0 0 0;1 0 0 1 0 0 1 0 0 0;1 0 1 0 2 1 1 0 0 0;1 3 0 1 0 0 1 0 0 0;1 3 1 0 0 0 1 1 1 1;1 0 0 0 3 0 0 2 0 1;1 0 0 1 0 0 0 3 0 1;1 1 1 1 1 1 1 1 1 1]
283,BFS,34.682366371154785,93,[0 1 1 1 1 1 1 0 0 0;1 1 0 1 0 0 1 0 0 0;1 0 2 0 2 5 1 0 0 0;1 0 0 1 0 0 1 0 0 0;1 0 1 0 2 1 1 0 0 0;1 3 0 1 0 0 1 0 0 0;1 3 1 0 0 0 1 1 1 1;1 0 0 0 3 0 0 2 0 1;1 0 0 1 0 0 0 3 0 1;1 1 1 1 1 1 1 1 1 1]
284,A*,1.3730077743530273,61,[1 1 1 1 1 0 0 0 0 0;1 0 0 0 1 0 0 0 0 0;1 0 2 1 1 0 0 0 0 0;1 0 3 1 1 0 1 1 1 1;1 3 1 0 1 1 1 0 0 1;1 3 0 0 0 0 0 2 0 1;1 3 0 2 0 1 0 0 0 1;1 1 1 1 1 1 0 2 0 1;0 0 0 0 0 1 1 5 1 1;0 0 0 0 0 0 1 1 1 0]
284,DFS,0.43634653091430664,112,[1 1 1 1 1 0 0 0 0 0;1 0 0 0 1 0 0 0 0 0;1 0 2 1 1 0 0 0 0 0;1 0 3 1 1 0 1 1 1 1;1 3 1 0 1 1 1 0 0 1;1 3 0 0 0 0 0 2 0 1;1 3 0 2 0 1 0 0 0 1;1 1 1 1 1 1 0 2 0 1;0 0 0 0 0 1 1 5 1 1;0 0 0 0 0 0 1 1 1 0]
284,BFS,0.6835532188415527,61,[1 1 1 1 1 0 0 0 0 0;1 0 0 0 1 0 0 0 0 0;1 0 2 1 1 0 0 0 0 0;1 0 3 1 1 0 1 1 1 1;1 3 1 0 1 1 1 0 0 1;1 3 0 0 0 0 0 2 0 1;1 3 0 2 0 1 0 0 0 1;1 1 1 1 1 1 0 2 0 1;0 0 0 0 0 1 1 5 1 1;0 0 0 0 0 0 1 1 1 0]
285,A*,0.009836435317993164,17,[1 1 1 1 1 1 1 1 1 1;1 0 3 0 0 2 3 0 5 1;1 2 2 3 0 0 2 0 1 1;1 0 0 1 1 0 0 1 1 0;1 0 1 1 1 1 1 1 0 0;1 3 0 1 0 0 0 0 0 0;1 0 1 1 0 0 0 0 0 0;1 1 1 0 0 0 0 0 0 0;0 0 0 0 0 0 0 0 0 0;0 0 0 0 0 0 0 0 0 0]
285,DFS,0.35736942291259766,21,[1 1 1 1 1 1 1 1 1 1;1 0 3 0 0 2 3 0 5 1;1 2 2 3 0 0 2 0 1 1;1 0 0 1 1 0 0 1 1 0;1 0 1 1 1 1 1 1 0 0;1 3 0 1 0 0 0 0 0 0;1 0 1 1 0 0 0 0 0 0;1 1 1 0 0 0 0 0 0 0;0 0 0 0 0 0 0 0 0 0;0 0 0 0 0 0 0 0 0 0]
285,BFS,0.016477108001708984,17,[1 1 1 1 1 1 1 1 1 1;1 0 3 0 0 2 3 0 5 1;1 2 2 3 0 0 2 0 1 1;1 0 0 1 1 0 0 1 1 0;1 0 1 1 1 1 1 1 0 0;1 3 0 1 0 0 0 0 0 0;1 0 1 1 0 0 0 0 0 0;1 1 1 0 0 0 0 0 0 0;0 0 0 0 0 0 0 0 0 0;0 0 0 0 0 0 0 0 0 0]
286,A*,1.543306827545166,59,[0 0 0 0 0 0 0 0 0 0;0 0 0 0 0 0 0 0 0 0;1 1 1 1 0 0 0 0 0 0;1 0 3 1 1 0 0 0 0 0;1 0 0 0 1 1 1 1 0 0;1 0 0 0 2 3 3 1 0 0;1 0 2 3 0 2 5 1 0 0;1 0 2 1 1 1 1 1 0 0;1 0 0 1 0 0 0 0 0 0;1 1 1 1 0 0 0 0 0 0]
286,DFS,0.5285868644714355,173,[0 0 0 0 0 0 0 0 0 0;0 0 0 0 0 0 0 0 0 0;1 1 1 1 0 0 0 0 0 0;1 0 3 1 1 0 0 0 0 0;1 0 0 0 1 1 1 1 0 0;1 0 0 0 2 3 3 1 0 0;1 0 2 3 0 2 5 1 0 0;1 0 2 1 1 1 1 1 0 0;1 0 0 1 0 0 0 0 0 0;1 1 1 1 0 0 0 0 0 0]
286,BFS,0.6800563335418701,59,[0 0 0 0 0 0 0 0 0 0;0 0 0 0 0 0 0 0 0 0;1 1 1 1 0 0 0 0 0 0;1 0 3 1 1 0 0 0 0 0;1 0 0 0 1 1 1 1 0 0;1 0 0 0 2 3 3 1 0 0;1 0 2 3 0 2 5 1 0 0;1 0 2 1 1 1 1 1 0 0;1 0 0 1 0 0 0 0 0 0;1 1 1 1 0 0 0 0 0 0]
287,A*,1.6013376712799072,48,[0 0 0 0 0 0 0 0 0 0;1 1 1 1 1 0 0 0 0 0;1 0 0 0 1 0 0 0 0 0;1 0 2 1 1 0 0 0 0 0;1 0 0 1 1 0 0 0 0 0;1 1 3 0 1 0 0 0 0 0;1 0 0 1 1 1 1 1 1 1;1 0 0 0 3 2 0 2 0 1;1 0 3 0 3 0 0 2 5 1;1 1 1 1 1 1 1 1 1 1]
287,DFS,0.8754098415374756,190,[0 0 0 0 0 0 0 0 0 0;1 1 1 1 1 0 0 0 0 0;1 0 0 0 1 0 0 0 0 0;1 0 2 1 1 0 0 0 0 0;1 0 0 1 1 0 0 0 0 0;1 1 3 0 1 0 0 0 0 0;1 0 0 1 1 1 1 1 1 1;1 0 0 0 3 2 0 2 0 1;1 0 3 0 3 0 0 2 5 1;1 1 1 1 1 1 1 1 1 1]
287,BFS,1.046999454498291,48,[0 0 0 0 0 0 0 0 0 0;1 1 1 1 1 0 0 0 0 0;1 0 0 0 1 0 0 0 0 0;1 0 2 1 1 0 0 0 0 0;1 0 0 1 1 0 0 0 0 0;1 1 3 0 1 0 0 0 0 0;1 0 0 1 1 1 1 1 1 1;1 0 0 0 3 2 0 2 0 1;1 0 3 0 3 0 0 2 5 1;1 1 1 1 1 1 1 1 1 1]
288,A*,2.080125570297241,63,[1 1 1 1 0 0 0 0 0 0;1 0 5 1 0 0 0 0 0 0;1 2 2 1 1 0 0 0 0 0;1 0 0 0 1 1 0 0 0 0;1 0 0 3 0 1 0 0 0 0;1 0 3 2 0 1 0 0 0 0;1 3 0 2 1 1 0 0 0 0;1 1 3 0 0 1 1 0 0 0;0 1 1 0 0 0 1 0 0 0;0 0 1 1 1 1 1 0 0 0]
288,DFS,0.8412032127380371,109,[1 1 1 1 0 0 0 0 0 0;1 0 5 1 0 0 0 0 0 0;1 2 2 1 1 0 0 0 0 0;1 0 0 0 1 1 0 0 0 0;1 0 0 3 0 1 0 0 0 0;1 0 3 2 0 1 0 0 0 0;1 3 0 2 1 1 0 0 0 0;1 1 3 0 0 1 1 0 0 0;0 1 1 0 0 0 1 0 0 0;0 0 1 1 1 1 1 0 0 0]
288,BFS,1.131631851196289,63,[1 1 1 1 0 0 0 0 0 0;1 0 5 1 0 0 0 0 0 0;1 2 2 1 1 0 0 0 0 0;1 0 0 0 1 1 0 0 0 0;1 0 0 3 0 1 0 0 0 0;1 0 3 2 0 1 0 0 0 0;1 3 0 2 1 1 0 0 0 0;1 1 3 0 0 1 1 0 0 0;0 1 1 0 0 0 1 0 0 0;0 0 1 1 1 1 1 0 0 0]
289,A*,6.511420965194702,56,[1 1 1 1 1 0 0 0 0 0;1 0 1 0 1 1 1 1 0 0;1 0 0 3 0 2 5 1 0 0;1 0 0 0 1 2 1 1 1 0;1 0 1 1 1 0 2 0 1 0;1 0 1 1 0 0 2 0 1 0;1 0 1 1 0 0 0 3 1 1;1 0 1 1 1 0 3 0 0 1;1 0 0 0 0 3 0 0 0 1;1 1 1 1 1 1 1 1 1 1]
289,DFS,6.023968458175659,4992,[1 1 1 1 1 0 0 0 0 0;1 0 1 0 1 1 1 1 0 0;1 0 0 3 0 2 5 1 0 0;1 0 0 0 1 2 1 1 1 0;1 0 1 1 1 0 2 0 1 0;1 0 1 1 0 0 2 0 1 0;1 0 1 1 0 0 0 3 1 1;1 0 1 1 1 0 3 0 0 1;1 0 0 0 0 3 0 0 0 1;1 1 1 1 1 1 1 1 1 1]
289,BFS,6.913408517837524,56,[1 1 1 1 1 0 0 0 0 0;1 0 1 0 1 1 1 1 0 0;1 0 0 3 0 2 5 1 0 0;1 0 0 0 1 2 1 1 1 0;1 0 1 1 1 0 2 0 1 0;1 0 1 1 0 0 2 0 1 0;1 0 1 1 0 0 0 3 1 1;1 0 1 1 1 0 3 0 0 1;1 0 0 0 0 3 0 0 0 1;1 1 1 1 1 1 1 1 1 1]
290,A*,1.9292237758636475,46,[1 1 1 1 1 0 0 0 0 0;1 0 0 0 1 1 0 0 0 0;1 5 2 0 3 1 0 0 0 0;1 0 0 1 1 1 1 1 1 0;1 0 1 0 1 1 0 3 1 1;1 3 2 0 0 0 0 0 0 1;1 0 1 0 2 0 2 0 3 1;1 1 1 1 1 1 1 0 0 1;0 0 0 0 0 0 1 1 0 1;0 0 0 0 0 0 0 1 1 1]
290,DFS,0.487713098526001,161,[1 1 1 1 1 0 0 0 0 0;1 0 0 0 1 1 0 0 0 0;1 5 2 0 3 1 0 0 0 0;1 0 0 1 1 1 1 1 1 0;1 0 1 0 1 1 0 3 1 1;1 3 2 0 0 0 0 0 0 1;1 0 1 0 2 0 2 0 3 1;1 1 1 1 1 1 1 0 0 1;0 0 0 0 0 0 1 1 0 1;0 0 0 0 0 0 0 1 1 1]
290,BFS,1.5573406219482422,46,[1 1 1 1 1 0 0 0 0 0;1 0 0 0 1 1 0 0 0 0;1 5 2 0 3 1 0 0 0 0;1 0 0 1 1 1 1 1 1 0;1 0 1 0 1 1 0 3 1 1;1 3 2 0 0 0 0 0 0 1;1 0 1 0 2 0 2 0 3 1;1 1 1 1 1 1 1 0 0 1;0 0 0 0 0 0 1 1 0 1;0 0 0 0 0 0 0 1 1 1]
291,A*,1.892709732055664,63,[0 0 0 0 0 0 0 0 0 0;0 0 0 0 0 0 0 0 0 0;0 0 0 0 0 0 0 0 0 0;0 0 0 0 0 0 1 1 1 1;0 0 0 0 0 1 1 0 3 1;0 0 0 0 0 1 0 2 0 1;0 1 1 1 1 1 2 3 0 1;1 1 0 1 0 2 0 3 0 1;1 5 2 0 0 3 0 0 0 1;1 1 1 1 1 1 1 1 1 1]
291,DFS,0.5897927284240723,137,[0 0 0 0 0 0 0 0 0 0;0 0 0 0 0 0 0 0 0 0;0 0 0 0 0 0 0 0 0 0;0 0 0 0 0 0 1 1 1 1;0 0 0 0 0 1 1 0 3 1;0 0 0 0 0 1 0 2 0 1;0 1 1 1 1 1 2 3 0 1;1 1 0 1 0 2 0 3 0 1;1 5 2 0 0 3 0 0 0 1;1 1 1 1 1 1 1 1 1 1]
291,BFS,0.7499890327453613,63,[0 0 0 0 0 0 0 0 0 0;0 0 0 0 0 0 0 0 0 0;0 0 0 0 0 0 0 0 0 0;0 0 0 0 0 0 1 1 1 1;0 0 0 0 0 1 1 0 3 1;0 0 0 0 0 1 0 2 0 1;0 1 1 1 1 1 2 3 0 1;1 1 0 1 0 2 0 3 0 1;1 5 2 0 0 3 0 0 0 1;1 1 1 1 1 1 1 1 1 1]
292,A*,19.21494221687317,104,[0 0 0 0 1 1 1 0 0 0;1 1 1 1 1 0 1 1 1 0;1 0 0 0 0 0 0 0 1 0;1 0 0 3 0 0 2 0 1 0;1 0 0 1 1 5 0 0 1 0;1 3 1 1 1 1 3 1 1 0;1 0 0 1 0 0 0 0 1 0;1 0 2 1 0 2 2 0 1 0;1 0 0 3 0 0 1 1 1 0;1 1 1 1 1 1 1 0 0 0]
292,DFS,10.663166284561157,666,[0 0 0 0 1 1 1 0 0 0;1 1 1 1 1 0 1 1 1 0;1 0 0 0 0 0 0 0 1 0;1 0 0 3 0 0 2 0 1 0;1 0 0 1 1 5 0 0 1 0;1 3 1 1 1 1 3 1 1 0;1 0 0 1 0 0 0 0 1 0;1 0 2 1 0 2 2 0 1 0;1 0 0 3 0 0 1 1 1 0;1 1 1 1 1 1 1 0 0 0]
292,BFS,32.36553978919983,104,[0 0 0 0 1 1 1 0 0 0;1 1 1 1 1 0 1 1 1 0;1 0 0 0 0 0 0 0 1 0;1 0 0 3 0 0 2 0 1 0;1 0 0 1 1 5 0 0 1 0;1 3 1 1 1 1 3 1 1 0;1 0 0 1 0 0 0 0 1 0;1 0 2 1 0 2 2 0 1 0;1 0 0 3 0 0 1 1 1 0;1 1 1 1 1 1 1 0 0 0]
293,A*,0.3075981140136719,30,[1 1 1 0 0 0 0 0 0 0;1 0 1 1 1 1 1 0 0 0;1 0 0 3 0 0 1 0 0 0;1 3 2 2 0 2 1 1 0 0;1 0 2 5 1 0 0 1 0 0;1 0 1 1 0 3 1 1 0 0;1 3 1 1 0 0 1 0 0 0;1 0 1 1 0 0 1 0 0 0;1 1 1 1 0 0 1 0 0 0;0 0 0 1 1 1 1 0 0 0]
293,DFS,0.18482112884521484,34,[1 1 1 0 0 0 0 0 0 0;1 0 1 1 1 1 1 0 0 0;1 0 0 3 0 0 1 0 0 0;1 3 2 2 0 2 1 1 0 0;1 0 2 5 1 0 0 1 0 0;1 0 1 1 0 3 1 1 0 0;1 3 1 1 0 0 1 0 0 0;1 0 1 1 0 0 1 0 0 0;1 1 1 1 0 0 1 0 0 0;0 0 0 1 1 1 1 0 0 0]
293,BFS,0.21700048446655273,30,[1 1 1 0 0 0 0 0 0 0;1 0 1 1 1 1 1 0 0 0;1 0 0 3 0 0 1 0 0 0;1 3 2 2 0 2 1 1 0 0;1 0 2 5 1 0 0 1 0 0;1 0 1 1 0 3 1 1 0 0;1 3 1 1 0 0 1 0 0 0;1 0 1 1 0 0 1 0 0 0;1 1 1 1 0 0 1 0 0 0;0 0 0 1 1 1 1 0 0 0]
294,A*,2.3458001613616943,41,[1 1 1 1 1 1 0 0 0 0;1 0 0 0 0 1 0 0 0 0;1 3 2 0 1 1 0 0 0 0;1 0 0 1 1 1 0 0 0 0;1 3 2 0 0 1 0 0 0 0;1 0 3 0 0 1 0 0 0 0;1 0 3 1 1 1 0 0 0 0;1 2 2 1 0 0 0 0 0 0;1 5 0 1 0 0 0 0 0 0;1 1 1 1 0 0 0 0 0 0]
294,DFS,0.9621045589447021,85,[1 1 1 1 1 1 0 0 0 0;1 0 0 0 0 1 0 0 0 0;1 3 2 0 1 1 0 0 0 0;1 0 0 1 1 1 0 0 0 0;1 3 2 0 0 1 0 0 0 0;1 0 3 0 0 1 0 0 0 0;1 0 3 1 1 1 0 0 0 0;1 2 2 1 0 0 0 0 0 0;1 5 0 1 0 0 0 0 0 0;1 1 1 1 0 0 0 0 0 0]
294,BFS,1.5791115760803223,41,[1 1 1 1 1 1 0 0 0 0;1 0 0 0 0 1 0 0 0 0;1 3 2 0 1 1 0 0 0 0;1 0 0 1 1 1 0 0 0 0;1 3 2 0 0 1 0 0 0 0;1 0 3 0 0 1 0 0 0 0;1 0 3 1 1 1 0 0 0 0;1 2 2 1 0 0 0 0 0 0;1 5 0 1 0 0 0 0 0 0;1 1 1 1 0 0 0 0 0 0]
295,A*,15.308510541915894,69,[0 0 0 0 0 1 1 1 1 1;0 0 0 0 0 1 3 0 0 1;0 0 0 0 0 1 0 0 0 1;0 1 1 1 1 1 1 0 0 1;0 1 0 0 1 1 0 0 1 1;0 1 0 2 5 1 1 2 0 1;1 1 0 2 1 1 0 0 1 1;1 3 0 0 0 1 0 2 0 1;1 0 0 0 3 3 0 0 0 1;1 1 1 1 1 1 1 1 1 1]
295,DFS,3.7289364337921143,355,[0 0 0 0 0 1 1 1 1 1;0 0 0 0 0 1 3 0 0 1;0 0 0 0 0 1 0 0 0 1;0 1 1 1 1 1 1 0 0 1;0 1 0 0 1 1 0 0 1 1;0 1 0 2 5 1 1 2 0 1;1 1 0 2 1 1 0 0 1 1;1 3 0 0 0 1 0 2 0 1;1 0 0 0 3 3 0 0 0 1;1 1 1 1 1 1 1 1 1 1]
295,BFS,18.62941002845764,69,[0 0 0 0 0 1 1 1 1 1;0 0 0 0 0 1 3 0 0 1;0 0 0 0 0 1 0 0 0 1;0 1 1 1 1 1 1 0 0 1;0 1 0 0 1 1 0 0 1 1;0 1 0 2 5 1 1 2 0 1;1 1 0 2 1 1 0 0 1 1;1 3 0 0 0 1 0 2 0 1;1 0 0 0 3 3 0 0 0 1;1 1 1 1 1 1 1 1 1 1]
296,A*,1.1685760021209717,50,[0 0 0 0 0 0 0 0 0 0;0 0 0 0 0 0 0 0 0 0;1 1 1 0 0 0 0 0 0 0;1 5 1 1 1 1 0 0 0 0;1 2 1 1 0 1 0 0 0 0;1 0 3 0 0 1 0 0 0 0;1 0 3 0 2 1 1 0 0 0;1 0 2 2 0 0 1 0 0 0;1 3 0 3 0 0 1 0 0 0;1 1 1 1 1 1 1 0 0 0]
296,DFS,0.32415175437927246,238,[0 0 0 0 0 0 0 0 0 0;0 0 0 0 0 0 0 0 0 0;1 1 1 0 0 0 0 0 0 0;1 5 1 1 1 1 0 0 0 0;1 2 1 1 0 1 0 0 0 0;1 0 3 0 0 1 0 0 0 0;1 0 3 0 2 1 1 0 0 0;1 0 2 2 0 0 1 0 0 0;1 3 0 3 0 0 1 0 0 0;1 1 1 1 1 1 1 0 0 0]
296,BFS,0.4449605941772461,50,[0 0 0 0 0 0 0 0 0 0;0 0 0 0 0 0 0 0 0 0;1 1 1 0 0 0 0 0 0 0;1 5 1 1 1 1 0 0 0 0;1 2 1 1 0 1 0 0 0 0;1 0 3 0 0 1 0 0 0 0;1 0 3 0 2 1 1 0 0 0;1 0 2 2 0 0 1 0 0 0;1 3 0 3 0 0 1 0 0 0;1 1 1 1 1 1 1 0 0 0]
297,A*,12.202505826950073,80,[1 1 1 1 0 0 0 0 0 0;1 3 0 1 0 0 0 0 0 0;1 0 0 1 0 0 0 0 0 0;1 3 0 1 0 0 0 1 1 1;1 0 0 1 0 0 0 1 0 1;1 0 2 1 1 1 1 1 0 1;1 0 0 0 0 0 3 0 0 1;1 0 2 1 0 2 0 2 5 1;1 0 0 1 1 1 1 0 3 1;1 1 1 1 0 0 1 1 1 1]
297,DFS,3.5208497047424316,420,[1 1 1 1 0 0 0 0 0 0;1 3 0 1 0 0 0 0 0 0;1 0 0 1 0 0 0 0 0 0;1 3 0 1 0 0 0 1 1 1;1 0 0 1 0 0 0 1 0 1;1 0 2 1 1 1 1 1 0 1;1 0 0 0 0 0 3 0 0 1;1 0 2 1 0 2 0 2 5 1;1 0 0 1 1 1 1 0 3 1;1 1 1 1 0 0 1 1 1 1]
297,BFS,11.049947261810303,80,[1 1 1 1 0 0 0 0 0 0;1 3 0 1 0 0 0 0 0 0;1 0 0 1 0 0 0 0 0 0;1 3 0 1 0 0 0 1 1 1;1 0 0 1 0 0 0 1 0 1;1 0 2 1 1 1 1 1 0 1;1 0 0 0 0 0 3 0 0 1;1 0 2 1 0 2 0 2 5 1;1 0 0 1 1 1 1 0 3 1;1 1 1 1 0 0 1 1 1 1]
298,A*,1.7619287967681885,34,[1 1 1 1 1 1 1 1 1 1;1 0 0 0 0 0 3 0 0 1;1 3 0 0 2 3 2 0 0 1;1 0 0 2 1 1 1 3 0 1;1 1 0 0 1 0 1 0 0 1;0 1 2 0 1 0 1 0 0 1;0 1 5 1 1 0 1 1 0 1;0 1 1 1 1 1 1 0 0 1;0 0 0 0 1 0 0 0 0 1;0 0 0 0 1 1 1 1 1 1]
298,DFS,8.687559604644775,396,[1 1 1 1 1 1 1 1 1 1;1 0 0 0 0 0 3 0 0 1;1 3 0 0 2 3 2 0 0 1;1 0 0 2 1 1 1 3 0 1;1 1 0 0 1 0 1 0 0 1;0 1 2 0 1 0 1 0 0 1;0 1 5 1 1 0 1 1 0 1;0 1 1 1 1 1 1 0 0 1;0 0 0 0 1 0 0 0 0 1;0 0 0 0 1 1 1 1 1 1]
298,BFS,10.014983654022217,34,[1 1 1 1 1 1 1 1 1 1;1 0 0 0 0 0 3 0 0 1;1 3 0 0 2 3 2 0 0 1;1 0 0 2 1 1 1 3 0 1;1 1 0 0 1 0 1 0 0 1;0 1 2 0 1 0 1 0 0 1;0 1 5 1 1 0 1 1 0 1;0 1 1 1 1 1 1 0 0 1;0 0 0 0 1 0 0 0 0 1;0 0 0 0 1 1 1 1 1 1]
299,A*,3.2844369411468506,56,[0 0 1 1 1 1 1 0 0 0;0 0 1 0 0 0 1 0 0 0;1 1 1 0 0 1 1 0 0 0;1 0 0 2 3 0 1 0 0 0;1 3 3 1 0 1 1 0 0 0;1 0 0 1 2 5 1 0 0 0;1 0 2 0 2 0 1 0 0 0;1 0 3 0 0 1 1 0 0 0;1 0 1 1 1 1 0 0 0 0;1 1 1 0 0 0 0 0 0 0]
299,DFS,1.2998697757720947,231,[0 0 1 1 1 1 1 0 0 0;0 0 1 0 0 0 1 0 0 0;1 1 1 0 0 1 1 0 0 0;1 0 0 2 3 0 1 0 0 0;1 3 3 1 0 1 1 0 0 0;1 0 0 1 2 5 1 0 0 0;1 0 2 0 2 0 1 0 0 0;1 0 3 0 0 1 1 0 0 0;1 0 1 1 1 1 0 0 0 0;1 1 1 0 0 0 0 0 0 0]
299,BFS,2.163052558898926,56,[0 0 1 1 1 1 1 0 0 0;0 0 1 0 0 0 1 0 0 0;1 1 1 0 0 1 1 0 0 0;1 0 0 2 3 0 1 0 0 0;1 3 3 1 0 1 1 0 0 0;1 0 0 1 2 5 1 0 0 0;1 0 2 0 2 0 1 0 0 0;1 0 3 0 0 1 1 0 0 0;1 0 1 1 1 1 0 0 0 0;1 1 1 0 0 0 0 0 0 0]
300,A*,15.171918869018555,69,[1 1 1 1 1 0 0 0 0 0;1 0 1 0 1 1 0 0 0 0;1 0 3 0 0 1 0 0 0 0;1 0 0 0 3 1 1 1 0 0;1 0 0 3 1 0 5 1 0 0;1 0 0 0 2 2 0 1 0 0;1 0 1 0 0 2 0 1 0 0;1 3 2 0 1 1 1 1 0 0;1 0 0 0 1 0 0 0 0 0;1 1 1 1 1 0 0 0 0 0]
300,DFS,3.775904417037964,951,[1 1 1 1 1 0 0 0 0 0;1 0 1 0 1 1 0 0 0 0;1 0 3 0 0 1 0 0 0 0;1 0 0 0 3 1 1 1 0 0;1 0 0 3 1 0 5 1 0 0;1 0 0 0 2 2 0 1 0 0;1 0 1 0 0 2 0 1 0 0;1 3 2 0 1 1 1 1 0 0;1 0 0 0 1 0 0 0 0 0;1 1 1 1 1 0 0 0 0 0]
300,BFS,21.783855676651,69,[1 1 1 1 1 0 0 0 0 0;1 0 1 0 1 1 0 0 0 0;1 0 3 0 0 1 0 0 0 0;1 0 0 0 3 1 1 1 0 0;1 0 0 3 1 0 5 1 0 0;1 0 0 0 2 2 0 1 0 0;1 0 1 0 0 2 0 1 0 0;1 3 2 0 1 1 1 1 0 0;1 0 0 0 1 0 0 0 0 0;1 1 1 1 1 0 0 0 0 0]
301,A*,6.719431400299072,53,[1 1 1 1 1 1 1 1 1 1;1 0 0 0 0 0 0 0 0 1;1 0 0 2 0 2 0 3 3 1;1 0 1 1 1 1 0 0 1 1;1 3 1 0 0 1 2 3 1 0;1 0 1 0 0 1 0 2 1 0;1 0 1 0 0 1 1 5 1 0;1 0 1 0 0 0 1 1 1 0;1 1 1 0 0 0 0 0 0 0;0 0 0 0 0 0 0 0 0 0]
301,DFS,2.9292609691619873,251,[1 1 1 1 1 1 1 1 1 1;1 0 0 0 0 0 0 0 0 1;1 0 0 2 0 2 0 3 3 1;1 0 1 1 1 1 0 0 1 1;1 3 1 0 0 1 2 3 1 0;1 0 1 0 0 1 0 2 1 0;1 0 1 0 0 1 1 5 1 0;1 0 1 0 0 0 1 1 1 0;1 1 1 0 0 0 0 0 0 0;0 0 0 0 0 0 0 0 0 0]
301,BFS,7.311353445053101,53,[1 1 1 1 1 1 1 1 1 1;1 0 0 0 0 0 0 0 0 1;1 0 0 2 0 2 0 3 3 1;1 0 1 1 1 1 0 0 1 1;1 3 1 0 0 1 2 3 1 0;1 0 1 0 0 1 0 2 1 0;1 0 1 0 0 1 1 5 1 0;1 0 1 0 0 0 1 1 1 0;1 1 1 0 0 0 0 0 0 0;0 0 0 0 0 0 0 0 0 0]
302,A*,0.7302796840667725,33,[1 1 1 1 1 1 0 0 0 0;1 0 3 3 5 1 0 0 0 0;1 0 0 1 2 1 0 0 0 0;1 0 0 2 0 1 0 0 0 0;1 0 2 2 0 1 0 0 0 0;1 3 0 0 3 1 0 0 0 0;1 0 1 1 1 1 0 0 0 0;1 0 0 1 0 0 0 0 0 0;1 0 1 1 0 0 0 0 0 0;1 1 1 0 0 0 0 0 0 0]
302,DFS,0.40334320068359375,149,[1 1 1 1 1 1 0 0 0 0;1 0 3 3 5 1 0 0 0 0;1 0 0 1 2 1 0 0 0 0;1 0 0 2 0 1 0 0 0 0;1 0 2 2 0 1 0 0 0 0;1 3 0 0 3 1 0 0 0 0;1 0 1 1 1 1 0 0 0 0;1 0 0 1 0 0 0 0 0 0;1 0 1 1 0 0 0 0 0 0;1 1 1 0 0 0 0 0 0 0]
302,BFS,0.7022733688354492,33,[1 1 1 1 1 1 0 0 0 0;1 0 3 3 5 1 0 0 0 0;1 0 0 1 2 1 0 0 0 0;1 0 0 2 0 1 0 0 0 0;1 0 2 2 0 1 0 0 0 0;1 3 0 0 3 1 0 0 0 0;1 0 1 1 1 1 0 0 0 0;1 0 0 1 0 0 0 0 0 0;1 0 1 1 0 0 0 0 0 0;1 1 1 0 0 0 0 0 0 0]
303,A*,3.2438840866088867,70,[0 0 1 1 1 1 1 1 1 1;1 1 1 0 0 0 0 0 3 1;1 0 2 0 0 2 0 0 0 1;1 0 1 1 0 1 1 1 1 1;1 5 2 0 0 1 0 0 0 0;1 0 0 1 0 1 1 0 0 0;1 0 1 0 3 0 1 0 0 0;1 3 1 1 2 0 1 0 0 0;1 0 0 0 3 1 1 0 0 0;1 1 1 1 1 1 0 0 0 0]
303,DFS,0.8243319988250732,274,[0 0 1 1 1 1 1 1 1 1;1 1 1 0 0 0 0 0 3 1;1 0 2 0 0 2 0 0 0 1;1 0 1 1 0 1 1 1 1 1;1 5 2 0 0 1 0 0 0 0;1 0 0 1 0 1 1 0 0 0;1 0 1 0 3 0 1 0 0 0;1 3 1 1 2 0 1 0 0 0;1 0 0 0 3 1 1 0 0 0;1 1 1 1 1 1 0 0 0 0]
303,BFS,2.913278818130493,70,[0 0 1 1 1 1 1 1 1 1;1 1 1 0 0 0 0 0 3 1;1 0 2 0 0 2 0 0 0 1;1 0 1 1 0 1 1 1 1 1;1 5 2 0 0 1 0 0 0 0;1 0 0 1 0 1 1 0 0 0;1 0 1 0 3 0 1 0 0 0;1 3 1 1 2 0 1 0 0 0;1 0 0 0 3 1 1 0 0 0;1 1 1 1 1 1 0 0 0 0]
304,A*,1.2033946514129639,38,[1 1 1 1 1 1 1 1 1 1;1 0 0 0 3 0 0 3 0 1;1 3 0 0 0 2 0 2 0 1;1 1 2 1 1 1 2 0 0 1;0 1 5 1 0 1 0 3 1 1;0 1 1 1 0 1 1 1 1 0;0 0 0 0 0 0 0 0 0 0;0 0 0 0 0 0 0 0 0 0;0 0 0 0 0 0 0 0 0 0;0 0 0 0 0 0 0 0 0 0]
304,DFS,0.4898951053619385,228,[1 1 1 1 1 1 1 1 1 1;1 0 0 0 3 0 0 3 0 1;1 3 0 0 0 2 0 2 0 1;1 1 2 1 1 1 2 0 0 1;0 1 5 1 0 1 0 3 1 1;0 1 1 1 0 1 1 1 1 0;0 0 0 0 0 0 0 0 0 0;0 0 0 0 0 0 0 0 0 0;0 0 0 0 0 0 0 0 0 0;0 0 0 0 0 0 0 0 0 0]
304,BFS,0.7881975173950195,38,[1 1 1 1 1 1 1 1 1 1;1 0 0 0 3 0 0 3 0 1;1 3 0 0 0 2 0 2 0 1;1 1 2 1 1 1 2 0 0 1;0 1 5 1 0 1 0 3 1 1;0 1 1 1 0 1 1 1 1 0;0 0 0 0 0 0 0 0 0 0;0 0 0 0 0 0 0 0 0 0;0 0 0 0 0 0 0 0 0 0;0 0 0 0 0 0 0 0 0 0]
305,A*,12.136806726455688,103,[0 0 0 0 0 0 0 0 0 0;0 0 0 1 1 1 1 1 1 1;0 0 0 1 0 0 1 0 0 1;0 0 0 1 0 0 2 2 0 1;0 0 0 1 1 0 0 0 0 1;0 0 0 0 1 0 1 1 0 1;1 1 1 1 1 0 3 2 0 1;1 0 0 1 0 0 1 2 0 1;1 1 0 3 3 5 0 3 0 1;0 1 1 1 1 1 1 1 1 1]
305,DFS,4.003243446350098,277,[0 0 0 0 0 0 0 0 0 0;0 0 0 1 1 1 1 1 1 1;0 0 0 1 0 0 1 0 0 1;0 0 0 1 0 0 2 2 0 1;0 0 0 1 1 0 0 0 0 1;0 0 0 0 1 0 1 1 0 1;1 1 1 1 1 0 3 2 0 1;1 0 0 1 0 0 1 2 0 1;1 1 0 3 3 5 0 3 0 1;0 1 1 1 1 1 1 1 1 1]
305,BFS,9.486152410507202,103,[0 0 0 0 0 0 0 0 0 0;0 0 0 1 1 1 1 1 1 1;0 0 0 1 0 0 1 0 0 1;0 0 0 1 0 0 2 2 0 1;0 0 0 1 1 0 0 0 0 1;0 0 0 0 1 0 1 1 0 1;1 1 1 1 1 0 3 2 0 1;1 0 0 1 0 0 1 2 0 1;1 1 0 3 3 5 0 3 0 1;0 1 1 1 1 1 1 1 1 1]
306,A*,20.358760356903076,70,[0 0 0 0 0 0 0 1 1 1;0 0 0 0 0 0 0 1 0 1;0 1 1 1 1 1 1 1 0 1;1 1 0 1 0 1 1 0 5 1;1 0 0 0 0 3 3 0 0 1;1 0 0 0 0 0 1 0 0 1;1 0 2 2 1 1 0 1 0 1;1 1 0 3 0 2 0 2 0 1;0 1 0 3 1 1 0 0 0 1;0 1 1 1 1 1 1 1 1 1]
306,DFS,18.51563024520874,1250,[0 0 0 0 0 0 0 1 1 1;0 0 0 0 0 0 0 1 0 1;0 1 1 1 1 1 1 1 0 1;1 1 0 1 0 1 1 0 5 1;1 0 0 0 0 3 3 0 0 1;1 0 0 0 0 0 1 0 0 1;1 0 2 2 1 1 0 1 0 1;1 1 0 3 0 2 0 2 0 1;0 1 0 3 1 1 0 0 0 1;0 1 1 1 1 1 1 1 1 1]
306,BFS,66.64238548278809,70,[0 0 0 0 0 0 0 1 1 1;0 0 0 0 0 0 0 1 0 1;0 1 1 1 1 1 1 1 0 1;1 1 0 1 0 1 1 0 5 1;1 0 0 0 0 3 3 0 0 1;1 0 0 0 0 0 1 0 0 1;1 0 2 2 1 1 0 1 0 1;1 1 0 3 0 2 0 2 0 1;0 1 0 3 1 1 0 0 0 1;0 1 1 1 1 1 1 1 1 1]
307,A*,6.759122133255005,68,[0 0 0 1 1 1 1 1 1 1;0 0 0 1 0 2 0 3 0 1;0 0 0 1 0 0 3 2 0 1;0 0 0 1 0 3 1 0 0 1;0 0 0 1 0 0 1 0 0 1;0 0 0 1 1 3 1 2 0 1;0 0 0 0 1 1 1 0 0 1;0 0 0 1 1 0 1 2 5 1;0 0 0 1 0 0 0 0 0 1;0 0 0 1 1 1 1 1 1 1]
307,DFS,2.9034781455993652,556,[0 0 0 1 1 1 1 1 1 1;0 0 0 1 0 2 0 3 0 1;0 0 0 1 0 0 3 2 0 1;0 0 0 1 0 3 1 0 0 1;0 0 0 1 0 0 1 0 0 1;0 0 0 1 1 3 1 2 0 1;0 0 0 0 1 1 1 0 0 1;0 0 0 1 1 0 1 2 5 1;0 0 0 1 0 0 0 0 0 1;0 0 0 1 1 1 1 1 1 1]
307,BFS,5.511420488357544,68,[0 0 0 1 1 1 1 1 1 1;0 0 0 1 0 2 0 3 0 1;0 0 0 1 0 0 3 2 0 1;0 0 0 1 0 3 1 0 0 1;0 0 0 1 0 0 1 0 0 1;0 0 0 1 1 3 1 2 0 1;0 0 0 0 1 1 1 0 0 1;0 0 0 1 1 0 1 2 5 1;0 0 0 1 0 0 0 0 0 1;0 0 0 1 1 1 1 1 1 1]
308,A*,0.2539393901824951,31,[0 0 1 1 1 1 0 0 0 0;0 1 1 0 0 1 1 0 0 0;0 1 0 0 2 5 1 0 0 0;0 1 1 0 1 1 1 0 0 0;1 1 0 0 1 1 0 0 0 0;1 3 2 0 0 1 0 0 0 0;1 0 2 0 0 1 0 0 0 0;1 0 3 0 1 1 0 0 0 0;1 3 2 3 0 1 0 0 0 0;1 1 1 1 1 1 0 0 0 0]
308,DFS,0.10434746742248535,33,[0 0 1 1 1 1 0 0 0 0;0 1 1 0 0 1 1 0 0 0;0 1 0 0 2 5 1 0 0 0;0 1 1 0 1 1 1 0 0 0;1 1 0 0 1 1 0 0 0 0;1 3 2 0 0 1 0 0 0 0;1 0 2 0 0 1 0 0 0 0;1 0 3 0 1 1 0 0 0 0;1 3 2 3 0 1 0 0 0 0;1 1 1 1 1 1 0 0 0 0]
308,BFS,0.17378759384155273,31,[0 0 1 1 1 1 0 0 0 0;0 1 1 0 0 1 1 0 0 0;0 1 0 0 2 5 1 0 0 0;0 1 1 0 1 1 1 0 0 0;1 1 0 0 1 1 0 0 0 0;1 3 2 0 0 1 0 0 0 0;1 0 2 0 0 1 0 0 0 0;1 0 3 0 1 1 0 0 0 0;1 3 2 3 0 1 0 0 0 0;1 1 1 1 1 1 0 0 0 0]
309,A*,25.430461883544922,77,[0 0 0 0 0 0 0 1 1 1;0 0 0 0 0 1 1 1 0 1;0 1 1 1 1 1 0 1 0 1;0 1 0 0 0 0 0 0 5 1;0 1 0 0 1 3 0 2 0 1;0 1 1 1 1 2 2 1 0 1;0 1 0 0 3 0 0 1 1 1;0 1 3 0 0 3 2 1 1 1;0 1 1 0 0 0 0 0 0 1;0 0 1 1 1 1 1 1 1 1]
309,DFS,7.871662855148315,504,[0 0 0 0 0 0 0 1 1 1;0 0 0 0 0 1 1 1 0 1;0 1 1 1 1 1 0 1 0 1;0 1 0 0 0 0 0 0 5 1;0 1 0 0 1 3 0 2 0 1;0 1 1 1 1 2 2 1 0 1;0 1 0 0 3 0 0 1 1 1;0 1 3 0 0 3 2 1 1 1;0 1 1 0 0 0 0 0 0 1;0 0 1 1 1 1 1 1 1 1]
309,BFS,37.367818117141724,77,[0 0 0 0 0 0 0 1 1 1;0 0 0 0 0 1 1 1 0 1;0 1 1 1 1 1 0 1 0 1;0 1 0 0 0 0 0 0 5 1;0 1 0 0 1 3 0 2 0 1;0 1 1 1 1 2 2 1 0 1;0 1 0 0 3 0 0 1 1 1;0 1 3 0 0 3 2 1 1 1;0 1 1 0 0 0 0 0 0 1;0 0 1 1 1 1 1 1 1 1]
310,A*,0.4012892246246338,39,[0 0 1 1 1 1 1 1 0 0;1 1 1 0 3 2 0 1 1 0;1 0 1 1 0 0 0 0 1 0;1 0 3 2 3 1 0 1 1 0;1 0 2 0 0 1 0 1 0 0;1 0 0 1 1 1 1 1 0 0;1 0 3 0 1 0 0 0 0 0;1 0 2 1 1 1 0 0 0 0;1 0 5 0 0 1 0 0 0 0;1 1 1 1 1 1 0 0 0 0]
310,DFS,0.4536902904510498,78,[0 0 1 1 1 1 1 1 0 0;1 1 1 0 3 2 0 1 1 0;1 0 1 1 0 0 0 0 1 0;1 0 3 2 3 1 0 1 1 0;1 0 2 0 0 1 0 1 0 0;1 0 0 1 1 1 1 1 0 0;1 0 3 0 1 0 0 0 0 0;1 0 2 1 1 1 0 0 0 0;1 0 5 0 0 1 0 0 0 0;1 1 1 1 1 1 0 0 0 0]
310,BFS,0.31412506103515625,39,[0 0 1 1 1 1 1 1 0 0;1 1 1 0 3 2 0 1 1 0;1 0 1 1 0 0 0 0 1 0;1 0 3 2 3 1 0 1 1 0;1 0 2 0 0 1 0 1 0 0;1 0 0 1 1 1 1 1 0 0;1 0 3 0 1 0 0 0 0 0;1 0 2 1 1 1 0 0 0 0;1 0 5 0 0 1 0 0 0 0;1 1 1 1 1 1 0 0 0 0]
311,A*,1.212218999862671,48,[1 1 1 1 1 0 0 0 0 0;1 0 3 0 1 0 0 0 0 0;1 2 0 0 1 0 0 0 0 0;1 0 0 0 1 0 0 0 0 0;1 2 3 0 1 0 0 0 0 0;1 0 2 1 1 0 0 0 0 0;1 3 5 1 1 0 0 0 0 0;1 3 2 0 1 0 0 0 0 0;1 0 0 1 1 0 0 0 0 0;1 1 1 1 0 0 0 0 0 0]
311,DFS,0.3664891719818115,143,[1 1 1 1 1 0 0 0 0 0;1 0 3 0 1 0 0 0 0 0;1 2 0 0 1 0 0 0 0 0;1 0 0 0 1 0 0 0 0 0;1 2 3 0 1 0 0 0 0 0;1 0 2 1 1 0 0 0 0 0;1 3 5 1 1 0 0 0 0 0;1 3 2 0 1 0 0 0 0 0;1 0 0 1 1 0 0 0 0 0;1 1 1 1 0 0 0 0 0 0]
311,BFS,0.4106712341308594,48,[1 1 1 1 1 0 0 0 0 0;1 0 3 0 1 0 0 0 0 0;1 2 0 0 1 0 0 0 0 0;1 0 0 0 1 0 0 0 0 0;1 2 3 0 1 0 0 0 0 0;1 0 2 1 1 0 0 0 0 0;1 3 5 1 1 0 0 0 0 0;1 3 2 0 1 0 0 0 0 0;1 0 0 1 1 0 0 0 0 0;1 1 1 1 0 0 0 0 0 0]
312,A*,2.2185163497924805,58,[1 1 1 1 1 1 1 1 0 0;1 0 0 0 0 0 0 1 0 0;1 0 2 3 2 0 0 1 1 1;1 1 1 1 1 0 0 0 3 1;0 0 0 1 1 3 1 0 2 1;1 1 1 1 0 1 1 0 3 1;1 0 0 0 0 0 0 0 0 1;1 0 2 1 0 0 0 0 1 1;1 0 5 1 1 1 1 1 1 0;1 1 1 1 0 0 0 0 0 0]
312,DFS,1.6250648498535156,288,[1 1 1 1 1 1 1 1 0 0;1 0 0 0 0 0 0 1 0 0;1 0 2 3 2 0 0 1 1 1;1 1 1 1 1 0 0 0 3 1;0 0 0 1 1 3 1 0 2 1;1 1 1 1 0 1 1 0 3 1;1 0 0 0 0 0 0 0 0 1;1 0 2 1 0 0 0 0 1 1;1 0 5 1 1 1 1 1 1 0;1 1 1 1 0 0 0 0 0 0]
312,BFS,1.8609068393707275,58,[1 1 1 1 1 1 1 1 0 0;1 0 0 0 0 0 0 1 0 0;1 0 2 3 2 0 0 1 1 1;1 1 1 1 1 0 0 0 3 1;0 0 0 1 1 3 1 0 2 1;1 1 1 1 0 1 1 0 3 1;1 0 0 0 0 0 0 0 0 1;1 0 2 1 0 0 0 0 1 1;1 0 5 1 1 1 1 1 1 0;1 1 1 1 0 0 0 0 0 0]
313,A*,5.443808555603027,49,[1 1 1 1 1 1 1 1 1 1;1 0 0 0 0 0 5 0 0 1;1 1 1 0 3 0 2 2 2 1;0 0 1 1 1 0 0 0 3 1;0 0 0 0 1 1 1 0 0 1;0 0 0 0 0 0 1 2 3 1;0 0 0 0 0 0 1 0 3 1;0 0 0 0 0 0 1 1 0 1;0 0 0 0 0 0 0 1 0 1;0 0 0 0 0 0 0 1 1 1]
313,DFS,1.1195752620697021,192,[1 1 1 1 1 1 1 1 1 1;1 0 0 0 0 0 5 0 0 1;1 1 1 0 3 0 2 2 2 1;0 0 1 1 1 0 0 0 3 1;0 0 0 0 1 1 1 0 0 1;0 0 0 0 0 0 1 2 3 1;0 0 0 0 0 0 1 0 3 1;0 0 0 0 0 0 1 1 0 1;0 0 0 0 0 0 0 1 0 1;0 0 0 0 0 0 0 1 1 1]
313,BFS,4.011393070220947,49,[1 1 1 1 1 1 1 1 1 1;1 0 0 0 0 0 5 0 0 1;1 1 1 0 3 0 2 2 2 1;0 0 1 1 1 0 0 0 3 1;0 0 0 0 1 1 1 0 0 1;0 0 0 0 0 0 1 2 3 1;0 0 0 0 0 0 1 0 3 1;0 0 0 0 0 0 1 1 0 1;0 0 0 0 0 0 0 1 0 1;0 0 0 0 0 0 0 1 1 1]
314,A*,6.2001752853393555,72,[0 0 0 0 1 1 1 1 1 1;0 0 0 0 1 0 0 0 0 1;0 0 0 0 1 0 2 2 5 1;1 1 1 1 1 1 0 2 1 1;1 0 0 1 0 1 3 2 0 1;1 0 0 1 0 1 0 0 3 1;1 0 1 1 1 1 0 0 1 1;1 0 1 1 0 1 0 0 1 1;1 0 0 3 0 0 0 0 3 1;1 1 1 1 1 1 1 1 1 1]
314,DFS,1.376481294631958,309,[0 0 0 0 1 1 1 1 1 1;0 0 0 0 1 0 0 0 0 1;0 0 0 0 1 0 2 2 5 1;1 1 1 1 1 1 0 2 1 1;1 0 0 1 0 1 3 2 0 1;1 0 0 1 0 1 0 0 3 1;1 0 1 1 1 1 0 0 1 1;1 0 1 1 0 1 0 0 1 1;1 0 0 3 0 0 0 0 3 1;1 1 1 1 1 1 1 1 1 1]
314,BFS,4.422609567642212,72,[0 0 0 0 1 1 1 1 1 1;0 0 0 0 1 0 0 0 0 1;0 0 0 0 1 0 2 2 5 1;1 1 1 1 1 1 0 2 1 1;1 0 0 1 0 1 3 2 0 1;1 0 0 1 0 1 0 0 3 1;1 0 1 1 1 1 0 0 1 1;1 0 1 1 0 1 0 0 1 1;1 0 0 3 0 0 0 0 3 1;1 1 1 1 1 1 1 1 1 1]
315,A*,0.29481935501098633,48,[1 1 1 1 1 1 1 1 1 0;1 0 0 0 0 0 0 0 1 0;1 0 2 0 2 0 3 1 1 0;1 0 1 1 1 1 0 0 1 0;1 0 1 0 1 0 0 1 1 0;1 0 1 0 1 0 0 0 1 0;1 0 1 0 1 1 1 0 1 1;1 0 1 1 1 1 0 0 0 1;1 3 2 3 5 2 0 0 3 1;1 1 1 1 1 1 1 1 1 1]
315,DFS,0.11460113525390625,61,[1 1 1 1 1 1 1 1 1 0;1 0 0 0 0 0 0 0 1 0;1 0 2 0 2 0 3 1 1 0;1 0 1 1 1 1 0 0 1 0;1 0 1 0 1 0 0 1 1 0;1 0 1 0 1 0 0 0 1 0;1 0 1 0 1 1 1 0 1 1;1 0 1 1 1 1 0 0 0 1;1 3 2 3 5 2 0 0 3 1;1 1 1 1 1 1 1 1 1 1]
315,BFS,0.2738621234893799,48,[1 1 1 1 1 1 1 1 1 0;1 0 0 0 0 0 0 0 1 0;1 0 2 0 2 0 3 1 1 0;1 0 1 1 1 1 0 0 1 0;1 0 1 0 1 0 0 1 1 0;1 0 1 0 1 0 0 0 1 0;1 0 1 0 1 1 1 0 1 1;1 0 1 1 1 1 0 0 0 1;1 3 2 3 5 2 0 0 3 1;1 1 1 1 1 1 1 1 1 1]
316,A*,0.2768857479095459,24,[0 0 0 0 0 0 0 0 0 0;0 0 0 0 0 0 0 0 0 0;0 0 0 0 0 0 0 0 0 0;0 0 0 0 0 0 0 0 0 0;0 0 0 0 0 0 0 1 1 1;0 1 1 1 1 1 1 1 0 1;1 1 0 3 3 0 0 2 0 1;1 0 2 0 0 2 3 1 0 1;1 5 2 0 0 0 3 0 0 1;1 1 1 1 1 1 1 1 1 1]
316,DFS,0.4996507167816162,224,[0 0 0 0 0 0 0 0 0 0;0 0 0 0 0 0 0 0 0 0;0 0 0 0 0 0 0 0 0 0;0 0 0 0 0 0 0 0 0 0;0 0 0 0 0 0 0 1 1 1;0 1 1 1 1 1 1 1 0 1;1 1 0 3 3 0 0 2 0 1;1 0 2 0 0 2 3 1 0 1;1 5 2 0 0 0 3 0 0 1;1 1 1 1 1 1 1 1 1 1]
316,BFS,0.45493125915527344,24,[0 0 0 0 0 0 0 0 0 0;0 0 0 0 0 0 0 0 0 0;0 0 0 0 0 0 0 0 0 0;0 0 0 0 0 0 0 0 0 0;0 0 0 0 0 0 0 1 1 1;0 1 1 1 1 1 1 1 0 1;1 1 0 3 3 0 0 2 0 1;1 0 2 0 0 2 3 1 0 1;1 5 2 0 0 0 3 0 0 1;1 1 1 1 1 1 1 1 1 1]
317,A*,1.9154610633850098,93,[0 0 0 0 0 0 1 1 1 1;0 0 0 0 0 0 1 0 3 1;0 0 0 0 0 1 1 2 0 1;0 0 0 0 0 1 5 0 0 1;0 0 0 0 0 1 1 2 0 1;0 0 1 1 1 0 1 0 0 1;1 1 1 0 1 1 1 0 0 1;1 0 3 0 0 0 3 2 0 1;1 0 2 0 3 1 1 0 0 1;1 1 1 1 1 1 1 1 1 1]
317,DFS,0.6560139656066895,121,[0 0 0 0 0 0 1 1 1 1;0 0 0 0 0 0 1 0 3 1;0 0 0 0 0 1 1 2 0 1;0 0 0 0 0 1 5 0 0 1;0 0 0 0 0 1 1 2 0 1;0 0 1 1 1 0 1 0 0 1;1 1 1 0 1 1 1 0 0 1;1 0 3 0 0 0 3 2 0 1;1 0 2 0 3 1 1 0 0 1;1 1 1 1 1 1 1 1 1 1]
317,BFS,0.9864051342010498,93,[0 0 0 0 0 0 1 1 1 1;0 0 0 0 0 0 1 0 3 1;0 0 0 0 0 1 1 2 0 1;0 0 0 0 0 1 5 0 0 1;0 0 0 0 0 1 1 2 0 1;0 0 1 1 1 0 1 0 0 1;1 1 1 0 1 1 1 0 0 1;1 0 3 0 0 0 3 2 0 1;1 0 2 0 3 1 1 0 0 1;1 1 1 1 1 1 1 1 1 1]
318,A*,3.520493507385254,51,[1 1 1 1 1 1 0 0 0 0;1 3 3 1 0 1 1 1 0 0;1 0 3 0 2 0 3 1 0 0;1 0 0 1 0 0 1 1 0 0;1 0 2 1 1 0 0 1 0 0;1 0 0 1 1 0 0 1 0 0;1 0 1 1 1 0 0 1 1 0;1 0 2 5 2 0 1 0 1 1;1 0 0 0 0 0 0 0 0 1;1 1 1 1 1 1 1 1 1 1]
318,DFS,1.099254846572876,499,[1 1 1 1 1 1 0 0 0 0;1 3 3 1 0 1 1 1 0 0;1 0 3 0 2 0 3 1 0 0;1 0 0 1 0 0 1 1 0 0;1 0 2 1 1 0 0 1 0 0;1 0 0 1 1 0 0 1 0 0;1 0 1 1 1 0 0 1 1 0;1 0 2 5 2 0 1 0 1 1;1 0 0 0 0 0 0 0 0 1;1 1 1 1 1 1 1 1 1 1]
318,BFS,9.257436990737915,51,[1 1 1 1 1 1 0 0 0 0;1 3 3 1 0 1 1 1 0 0;1 0 3 0 2 0 3 1 0 0;1 0 0 1 0 0 1 1 0 0;1 0 2 1 1 0 0 1 0 0;1 0 0 1 1 0 0 1 0 0;1 0 1 1 1 0 0 1 1 0;1 0 2 5 2 0 1 0 1 1;1 0 0 0 0 0 0 0 0 1;1 1 1 1 1 1 1 1 1 1]
319,A*,1.2011544704437256,61,[1 1 1 1 1 0 0 0 0 0;1 0 0 0 1 0 0 0 0 0;1 0 2 1 1 0 0 0 0 0;1 0 3 1 1 0 1 1 1 1;1 3 1 0 1 1 1 0 0 1;1 3 0 0 0 0 0 2 0 1;1 3 0 2 0 1 0 0 0 1;1 1 1 1 1 1 0 2 0 1;0 0 0 0 0 1 1 5 1 1;0 0 0 0 0 0 1 1 1 0]
319,DFS,0.48582005500793457,112,[1 1 1 1 1 0 0 0 0 0;1 0 0 0 1 0 0 0 0 0;1 0 2 1 1 0 0 0 0 0;1 0 3 1 1 0 1 1 1 1;1 3 1 0 1 1 1 0 0 1;1 3 0 0 0 0 0 2 0 1;1 3 0 2 0 1 0 0 0 1;1 1 1 1 1 1 0 2 0 1;0 0 0 0 0 1 1 5 1 1;0 0 0 0 0 0 1 1 1 0]
319,BFS,0.6589674949645996,61,[1 1 1 1 1 0 0 0 0 0;1 0 0 0 1 0 0 0 0 0;1 0 2 1 1 0 0 0 0 0;1 0 3 1 1 0 1 1 1 1;1 3 1 0 1 1 1 0 0 1;1 3 0 0 0 0 0 2 0 1;1 3 0 2 0 1 0 0 0 1;1 1 1 1 1 1 0 2 0 1;0 0 0 0 0 1 1 5 1 1;0 0 0 0 0 0 1 1 1 0]
320,A*,0.693958044052124,31,[0 0 0 0 0 0 1 1 1 1;0 0 1 1 1 0 1 3 0 1;0 0 1 0 1 1 1 0 0 1;1 1 1 0 1 0 1 0 0 1;1 0 2 0 3 2 0 2 3 1;1 5 2 0 0 3 0 0 0 1;1 1 1 0 1 1 1 1 0 1;0 0 1 1 1 0 0 1 1 1;0 0 0 0 0 0 0 0 0 0;0 0 0 0 0 0 0 0 0 0]
320,DFS,1.8988440036773682,411,[0 0 0 0 0 0 1 1 1 1;0 0 1 1 1 0 1 3 0 1;0 0 1 0 1 1 1 0 0 1;1 1 1 0 1 0 1 0 0 1;1 0 2 0 3 2 0 2 3 1;1 5 2 0 0 3 0 0 0 1;1 1 1 0 1 1 1 1 0 1;0 0 1 1 1 0 0 1 1 1;0 0 0 0 0 0 0 0 0 0;0 0 0 0 0 0 0 0 0 0]
320,BFS,1.1372132301330566,31,[0 0 0 0 0 0 1 1 1 1;0 0 1 1 1 0 1 3 0 1;0 0 1 0 1 1 1 0 0 1;1 1 1 0 1 0 1 0 0 1;1 0 2 0 3 2 0 2 3 1;1 5 2 0 0 3 0 0 0 1;1 1 1 0 1 1 1 1 0 1;0 0 1 1 1 0 0 1 1 1;0 0 0 0 0 0 0 0 0 0;0 0 0 0 0 0 0 0 0 0]
321,A*,51.02736854553223,58,[0 0 0 0 0 0 0 0 0 0;0 0 0 0 0 0 0 0 0 0;1 1 1 1 1 1 0 0 0 0;1 0 3 0 3 1 1 1 1 1;1 0 2 0 1 0 0 0 0 1;1 3 2 0 3 0 0 0 0 1;1 1 1 0 5 0 0 1 0 1;0 0 1 0 0 2 0 2 0 1;0 0 1 1 0 0 0 0 0 1;0 0 0 1 1 1 1 1 1 1]
321,DFS,23.283283472061157,550,[0 0 0 0 0 0 0 0 0 0;0 0 0 0 0 0 0 0 0 0;1 1 1 1 1 1 0 0 0 0;1 0 3 0 3 1 1 1 1 1;1 0 2 0 1 0 0 0 0 1;1 3 2 0 3 0 0 0 0 1;1 1 1 0 5 0 0 1 0 1;0 0 1 0 0 2 0 2 0 1;0 0 1 1 0 0 0 0 0 1;0 0 0 1 1 1 1 1 1 1]
321,BFS,533.7049381732941,58,[0 0 0 0 0 0 0 0 0 0;0 0 0 0 0 0 0 0 0 0;1 1 1 1 1 1 0 0 0 0;1 0 3 0 3 1 1 1 1 1;1 0 2 0 1 0 0 0 0 1;1 3 2 0 3 0 0 0 0 1;1 1 1 0 5 0 0 1 0 1;0 0 1 0 0 2 0 2 0 1;0 0 1 1 0 0 0 0 0 1;0 0 0 1 1 1 1 1 1 1]
322,A*,2.759399175643921,53,[1 1 1 1 1 1 1 1 1 0;1 3 3 0 0 0 3 0 1 0;1 0 2 2 0 1 0 5 1 0;1 0 1 0 0 0 1 1 1 0;1 0 0 1 0 0 1 0 0 0;1 0 2 0 2 1 1 0 0 0;1 0 0 0 0 1 0 0 0 0;1 1 0 3 1 1 0 0 0 0;0 1 1 1 1 0 0 0 0 0;0 0 0 0 0 0 0 0 0 0]
322,DFS,0.8070065975189209,153,[1 1 1 1 1 1 1 1 1 0;1 3 3 0 0 0 3 0 1 0;1 0 2 2 0 1 0 5 1 0;1 0 1 0 0 0 1 1 1 0;1 0 0 1 0 0 1 0 0 0;1 0 2 0 2 1 1 0 0 0;1 0 0 0 0 1 0 0 0 0;1 1 0 3 1 1 0 0 0 0;0 1 1 1 1 0 0 0 0 0;0 0 0 0 0 0 0 0 0 0]
322,BFS,2.4458203315734863,53,[1 1 1 1 1 1 1 1 1 0;1 3 3 0 0 0 3 0 1 0;1 0 2 2 0 1 0 5 1 0;1 0 1 0 0 0 1 1 1 0;1 0 0 1 0 0 1 0 0 0;1 0 2 0 2 1 1 0 0 0;1 0 0 0 0 1 0 0 0 0;1 1 0 3 1 1 0 0 0 0;0 1 1 1 1 0 0 0 0 0;0 0 0 0 0 0 0 0 0 0]
323,A*,1.4673290252685547,38,[0 0 0 0 0 0 0 0 0 0;0 0 0 0 0 0 0 0 0 0;0 0 0 0 0 0 0 0 0 0;0 1 1 1 1 1 1 1 1 0;1 1 5 1 0 1 1 3 1 1;1 0 2 2 0 0 0 0 0 1;1 0 0 0 0 0 2 3 0 1;1 1 1 1 1 3 2 3 0 1;0 0 0 0 1 1 1 1 1 1;0 0 0 0 0 0 0 0 0 0]
323,DFS,0.5679571628570557,210,[0 0 0 0 0 0 0 0 0 0;0 0 0 0 0 0 0 0 0 0;0 0 0 0 0 0 0 0 0 0;0 1 1 1 1 1 1 1 1 0;1 1 5 1 0 1 1 3 1 1;1 0 2 2 0 0 0 0 0 1;1 0 0 0 0 0 2 3 0 1;1 1 1 1 1 3 2 3 0 1;0 0 0 0 1 1 1 1 1 1;0 0 0 0 0 0 0 0 0 0]
323,BFS,0.8244845867156982,38,[0 0 0 0 0 0 0 0 0 0;0 0 0 0 0 0 0 0 0 0;0 0 0 0 0 0 0 0 0 0;0 1 1 1 1 1 1 1 1 0;1 1 5 1 0 1 1 3 1 1;1 0 2 2 0 0 0 0 0 1;1 0 0 0 0 0 2 3 0 1;1 1 1 1 1 3 2 3 0 1;0 0 0 0 1 1 1 1 1 1;0 0 0 0 0 0 0 0 0 0]
324,A*,3.070964813232422,51,[0 0 0 1 1 1 1 1 1 1;0 0 0 1 0 0 0 3 0 1;0 0 0 1 3 0 0 0 0 1;0 0 0 1 0 2 0 0 0 1;0 0 0 1 1 1 1 2 3 1;0 0 0 0 0 0 1 0 0 1;0 0 0 0 1 1 1 1 0 1;0 1 1 1 1 0 1 1 2 1;0 1 0 0 3 0 0 2 5 1;0 1 1 1 1 1 1 1 1 1]
324,DFS,0.5094361305236816,85,[0 0 0 1 1 1 1 1 1 1;0 0 0 1 0 0 0 3 0 1;0 0 0 1 3 0 0 0 0 1;0 0 0 1 0 2 0 0 0 1;0 0 0 1 1 1 1 2 3 1;0 0 0 0 0 0 1 0 0 1;0 0 0 0 1 1 1 1 0 1;0 1 1 1 1 0 1 1 2 1;0 1 0 0 3 0 0 2 5 1;0 1 1 1 1 1 1 1 1 1]
324,BFS,1.6575713157653809,51,[0 0 0 1 1 1 1 1 1 1;0 0 0 1 0 0 0 3 0 1;0 0 0 1 3 0 0 0 0 1;0 0 0 1 0 2 0 0 0 1;0 0 0 1 1 1 1 2 3 1;0 0 0 0 0 0 1 0 0 1;0 0 0 0 1 1 1 1 0 1;0 1 1 1 1 0 1 1 2 1;0 1 0 0 3 0 0 2 5 1;0 1 1 1 1 1 1 1 1 1]
325,A*,2.8492953777313232,75,[1 1 1 1 1 1 1 1 0 0;1 0 3 0 0 0 0 1 1 1;1 0 0 0 0 0 2 3 0 1;1 0 0 1 1 0 0 0 0 1;1 1 3 1 1 1 0 2 0 1;1 1 0 0 1 1 1 0 0 1;1 0 0 1 1 1 1 2 1 1;1 1 0 0 1 1 3 2 5 1;0 1 0 0 0 0 0 0 1 1;0 1 1 1 1 1 1 1 1 0]
325,DFS,1.7277748584747314,4821,[1 1 1 1 1 1 1 1 0 0;1 0 3 0 0 0 0 1 1 1;1 0 0 0 0 0 2 3 0 1;1 0 0 1 1 0 0 0 0 1;1 1 3 1 1 1 0 2 0 1;1 1 0 0 1 1 1 0 0 1;1 0 0 1 1 1 1 2 1 1;1 1 0 0 1 1 3 2 5 1;0 1 0 0 0 0 0 0 1 1;0 1 1 1 1 1 1 1 1 0]
325,BFS,2.004310131072998,75,[1 1 1 1 1 1 1 1 0 0;1 0 3 0 0 0 0 1 1 1;1 0 0 0 0 0 2 3 0 1;1 0 0 1 1 0 0 0 0 1;1 1 3 1 1 1 0 2 0 1;1 1 0 0 1 1 1 0 0 1;1 0 0 1 1 1 1 2 1 1;1 1 0 0 1 1 3 2 5 1;0 1 0 0 0 0 0 0 1 1;0 1 1 1 1 1 1 1 1 0]
326,A*,2.213840961456299,59,[0 0 0 1 1 1 1 1 1 1;0 0 0 1 0 0 0 1 0 1;0 0 0 1 1 2 5 1 3 1;0 0 0 1 0 3 1 0 0 1;0 0 0 1 0 0 1 2 0 1;0 0 0 1 0 0 0 0 0 1;0 0 0 1 1 2 1 1 3 1;0 0 0 1 0 2 3 0 0 1;0 0 0 1 0 0 0 0 0 1;0 0 0 1 1 1 1 1 1 1]
326,DFS,3.2518341541290283,275,[0 0 0 1 1 1 1 1 1 1;0 0 0 1 0 0 0 1 0 1;0 0 0 1 1 2 5 1 3 1;0 0 0 1 0 3 1 0 0 1;0 0 0 1 0 0 1 2 0 1;0 0 0 1 0 0 0 0 0 1;0 0 0 1 1 2 1 1 3 1;0 0 0 1 0 2 3 0 0 1;0 0 0 1 0 0 0 0 0 1;0 0 0 1 1 1 1 1 1 1]
326,BFS,2.4015541076660156,59,[0 0 0 1 1 1 1 1 1 1;0 0 0 1 0 0 0 1 0 1;0 0 0 1 1 2 5 1 3 1;0 0 0 1 0 3 1 0 0 1;0 0 0 1 0 0 1 2 0 1;0 0 0 1 0 0 0 0 0 1;0 0 0 1 1 2 1 1 3 1;0 0 0 1 0 2 3 0 0 1;0 0 0 1 0 0 0 0 0 1;0 0 0 1 1 1 1 1 1 1]
327,A*,36.28569769859314,58,[0 1 1 1 1 0 0 0 0 0;0 1 0 0 1 1 0 0 0 0;0 1 0 2 5 1 0 0 0 0;0 1 0 0 0 1 1 1 1 1;0 1 1 2 0 1 0 0 0 1;0 1 1 3 1 1 0 2 0 1;1 1 0 0 1 0 0 0 1 1;1 0 0 0 3 2 0 0 0 1;1 0 3 3 0 0 0 1 1 1;1 1 1 1 1 1 1 1 0 0]
327,DFS,10.763723611831665,162,[0 1 1 1 1 0 0 0 0 0;0 1 0 0 1 1 0 0 0 0;0 1 0 2 5 1 0 0 0 0;0 1 0 0 0 1 1 1 1 1;0 1 1 2 0 1 0 0 0 1;0 1 1 3 1 1 0 2 0 1;1 1 0 0 1 0 0 0 1 1;1 0 0 0 3 2 0 0 0 1;1 0 3 3 0 0 0 1 1 1;1 1 1 1 1 1 1 1 0 0]
327,BFS,107.07274603843689,58,[0 1 1 1 1 0 0 0 0 0;0 1 0 0 1 1 0 0 0 0;0 1 0 2 5 1 0 0 0 0;0 1 0 0 0 1 1 1 1 1;0 1 1 2 0 1 0 0 0 1;0 1 1 3 1 1 0 2 0 1;1 1 0 0 1 0 0 0 1 1;1 0 0 0 3 2 0 0 0 1;1 0 3 3 0 0 0 1 1 1;1 1 1 1 1 1 1 1 0 0]
328,A*,1.4107537269592285,36,[0 0 0 0 0 0 0 0 0 0;1 1 1 1 0 0 0 0 0 0;1 0 0 1 0 0 1 1 1 1;1 0 3 1 0 0 1 0 3 1;1 0 2 1 1 1 1 0 0 1;1 0 0 1 0 1 1 2 0 1;1 5 2 0 0 0 0 2 3 1;1 0 0 1 3 0 0 0 0 1;1 0 1 1 1 1 1 1 0 1;1 1 1 0 0 0 0 1 1 1]
328,DFS,4.399937868118286,364,[0 0 0 0 0 0 0 0 0 0;1 1 1 1 0 0 0 0 0 0;1 0 0 1 0 0 1 1 1 1;1 0 3 1 0 0 1 0 3 1;1 0 2 1 1 1 1 0 0 1;1 0 0 1 0 1 1 2 0 1;1 5 2 0 0 0 0 2 3 1;1 0 0 1 3 0 0 0 0 1;1 0 1 1 1 1 1 1 0 1;1 1 1 0 0 0 0 1 1 1]
328,BFS,1.838353157043457,36,[0 0 0 0 0 0 0 0 0 0;1 1 1 1 0 0 0 0 0 0;1 0 0 1 0 0 1 1 1 1;1 0 3 1 0 0 1 0 3 1;1 0 2 1 1 1 1 0 0 1;1 0 0 1 0 1 1 2 0 1;1 5 2 0 0 0 0 2 3 1;1 0 0 1 3 0 0 0 0 1;1 0 1 1 1 1 1 1 0 1;1 1 1 0 0 0 0 1 1 1]
329,A*,6.048244476318359,46,[1 1 1 1 1 1 1 1 1 1;1 0 0 3 0 0 0 0 0 1;1 0 2 0 0 2 1 0 0 1;1 0 1 1 0 3 1 1 1 1;1 3 2 0 0 3 0 2 5 1;1 0 0 1 0 0 0 1 1 1;1 1 1 1 1 1 1 1 0 0;0 0 0 0 0 0 0 0 0 0;0 0 0 0 0 0 0 0 0 0;0 0 0 0 0 0 0 0 0 0]
329,DFS,4.245557069778442,218,[1 1 1 1 1 1 1 1 1 1;1 0 0 3 0 0 0 0 0 1;1 0 2 0 0 2 1 0 0 1;1 0 1 1 0 3 1 1 1 1;1 3 2 0 0 3 0 2 5 1;1 0 0 1 0 0 0 1 1 1;1 1 1 1 1 1 1 1 0 0;0 0 0 0 0 0 0 0 0 0;0 0 0 0 0 0 0 0 0 0;0 0 0 0 0 0 0 0 0 0]
329,BFS,9.341923713684082,46,[1 1 1 1 1 1 1 1 1 1;1 0 0 3 0 0 0 0 0 1;1 0 2 0 0 2 1 0 0 1;1 0 1 1 0 3 1 1 1 1;1 3 2 0 0 3 0 2 5 1;1 0 0 1 0 0 0 1 1 1;1 1 1 1 1 1 1 1 0 0;0 0 0 0 0 0 0 0 0 0;0 0 0 0 0 0 0 0 0 0;0 0 0 0 0 0 0 0 0 0]
330,A*,74.53553557395935,77,[0 0 0 0 0 0 1 1 1 1;0 0 0 0 0 0 1 0 0 1;1 1 1 0 0 0 1 2 3 1;1 5 1 1 1 0 1 0 0 1;1 0 0 0 1 1 1 0 0 1;1 0 2 2 0 1 0 0 0 1;1 0 0 0 1 0 2 3 3 1;1 0 0 0 0 0 0 0 1 1;1 0 0 1 0 3 0 1 1 0;1 1 1 1 1 1 1 1 0 0]
330,DFS,26.084614753723145,1450,[0 0 0 0 0 0 1 1 1 1;0 0 0 0 0 0 1 0 0 1;1 1 1 0 0 0 1 2 3 1;1 5 1 1 1 0 1 0 0 1;1 0 0 0 1 1 1 0 0 1;1 0 2 2 0 1 0 0 0 1;1 0 0 0 1 0 2 3 3 1;1 0 0 0 0 0 0 0 1 1;1 0 0 1 0 3 0 1 1 0;1 1 1 1 1 1 1 1 0 0]
330,BFS,196.88146543502808,77,[0 0 0 0 0 0 1 1 1 1;0 0 0 0 0 0 1 0 0 1;1 1 1 0 0 0 1 2 3 1;1 5 1 1 1 0 1 0 0 1;1 0 0 0 1 1 1 0 0 1;1 0 2 2 0 1 0 0 0 1;1 0 0 0 1 0 2 3 3 1;1 0 0 0 0 0 0 0 1 1;1 0 0 1 0 3 0 1 1 0;1 1 1 1 1 1 1 1 0 0]
331,A*,6.621895790100098,44,[1 1 1 1 1 1 1 1 1 1;1 3 0 0 0 0 0 0 0 1;1 0 2 3 0 2 0 3 0 1;1 0 0 2 0 1 0 1 1 1;1 0 1 0 1 1 0 0 1 0;1 3 1 1 1 0 2 1 1 0;1 0 1 1 1 1 5 1 0 0;1 0 0 1 0 1 1 1 0 0;1 0 0 1 0 0 0 0 0 0;1 1 1 1 0 0 0 0 0 0]
331,DFS,2.961676836013794,126,[1 1 1 1 1 1 1 1 1 1;1 3 0 0 0 0 0 0 0 1;1 0 2 3 0 2 0 3 0 1;1 0 0 2 0 1 0 1 1 1;1 0 1 0 1 1 0 0 1 0;1 3 1 1 1 0 2 1 1 0;1 0 1 1 1 1 5 1 0 0;1 0 0 1 0 1 1 1 0 0;1 0 0 1 0 0 0 0 0 0;1 1 1 1 0 0 0 0 0 0]
331,BFS,7.404325723648071,44,[1 1 1 1 1 1 1 1 1 1;1 3 0 0 0 0 0 0 0 1;1 0 2 3 0 2 0 3 0 1;1 0 0 2 0 1 0 1 1 1;1 0 1 0 1 1 0 0 1 0;1 3 1 1 1 0 2 1 1 0;1 0 1 1 1 1 5 1 0 0;1 0 0 1 0 1 1 1 0 0;1 0 0 1 0 0 0 0 0 0;1 1 1 1 0 0 0 0 0 0]
332,A*,53.76335668563843,102,[1 1 1 1 0 0 0 0 0 0;1 0 0 1 0 0 0 0 0 0;1 0 3 1 1 1 1 1 1 1;1 0 0 0 0 0 3 2 0 1;1 3 0 3 1 0 0 2 0 1;1 0 0 1 1 1 1 2 0 1;1 0 0 0 1 0 1 0 5 1;1 0 0 0 1 0 1 2 0 1;1 0 0 1 1 0 1 0 0 1;1 1 1 1 0 0 1 1 1 1]
332,DFS,17.780128002166748,2925,[1 1 1 1 0 0 0 0 0 0;1 0 0 1 0 0 0 0 0 0;1 0 3 1 1 1 1 1 1 1;1 0 0 0 0 0 3 2 0 1;1 3 0 3 1 0 0 2 0 1;1 0 0 1 1 1 1 2 0 1;1 0 0 0 1 0 1 0 5 1;1 0 0 0 1 0 1 2 0 1;1 0 0 1 1 0 1 0 0 1;1 1 1 1 0 0 1 1 1 1]
332,BFS,102.32397079467773,102,[1 1 1 1 0 0 0 0 0 0;1 0 0 1 0 0 0 0 0 0;1 0 3 1 1 1 1 1 1 1;1 0 0 0 0 0 3 2 0 1;1 3 0 3 1 0 0 2 0 1;1 0 0 1 1 1 1 2 0 1;1 0 0 0 1 0 1 0 5 1;1 0 0 0 1 0 1 2 0 1;1 0 0 1 1 0 1 0 0 1;1 1 1 1 0 0 1 1 1 1]
333,A*,5.897902727127075,52,[1 1 1 1 1 1 1 1 1 0;1 0 0 1 1 0 0 5 1 0;1 0 1 1 1 1 2 1 1 0;1 0 0 1 1 1 0 1 0 0;1 0 0 0 1 0 0 1 1 0;1 3 0 0 0 2 3 0 1 0;1 0 0 0 1 0 3 0 1 0;1 0 1 1 0 2 2 1 1 0;1 0 0 3 0 0 0 0 1 0;1 1 1 1 1 1 1 1 1 0]
333,DFS,8.938615560531616,750,[1 1 1 1 1 1 1 1 1 0;1 0 0 1 1 0 0 5 1 0;1 0 1 1 1 1 2 1 1 0;1 0 0 1 1 1 0 1 0 0;1 0 0 0 1 0 0 1 1 0;1 3 0 0 0 2 3 0 1 0;1 0 0 0 1 0 3 0 1 0;1 0 1 1 0 2 2 1 1 0;1 0 0 3 0 0 0 0 1 0;1 1 1 1 1 1 1 1 1 0]
333,BFS,18.680294275283813,52,[1 1 1 1 1 1 1 1 1 0;1 0 0 1 1 0 0 5 1 0;1 0 1 1 1 1 2 1 1 0;1 0 0 1 1 1 0 1 0 0;1 0 0 0 1 0 0 1 1 0;1 3 0 0 0 2 3 0 1 0;1 0 0 0 1 0 3 0 1 0;1 0 1 1 0 2 2 1 1 0;1 0 0 3 0 0 0 0 1 0;1 1 1 1 1 1 1 1 1 0]
334,A*,2.9006943702697754,44,[0 0 0 0 0 0 0 0 0 0;0 0 0 0 0 0 0 0 0 0;0 0 0 0 0 0 0 0 0 0;0 0 0 1 1 1 0 0 0 0;0 0 1 1 0 1 1 1 1 0;0 0 1 0 3 3 0 0 1 0;0 1 1 2 3 5 0 1 1 0;1 1 0 2 2 2 3 0 1 0;1 0 0 0 0 0 0 1 1 0;1 1 1 1 1 1 1 1 0 0]
334,DFS,0.9640953540802002,204,[0 0 0 0 0 0 0 0 0 0;0 0 0 0 0 0 0 0 0 0;0 0 0 0 0 0 0 0 0 0;0 0 0 1 1 1 0 0 0 0;0 0 1 1 0 1 1 1 1 0;0 0 1 0 3 3 0 0 1 0;0 1 1 2 3 5 0 1 1 0;1 1 0 2 2 2 3 0 1 0;1 0 0 0 0 0 0 1 1 0;1 1 1 1 1 1 1 1 0 0]
334,BFS,1.5966527462005615,44,[0 0 0 0 0 0 0 0 0 0;0 0 0 0 0 0 0 0 0 0;0 0 0 0 0 0 0 0 0 0;0 0 0 1 1 1 0 0 0 0;0 0 1 1 0 1 1 1 1 0;0 0 1 0 3 3 0 0 1 0;0 1 1 2 3 5 0 1 1 0;1 1 0 2 2 2 3 0 1 0;1 0 0 0 0 0 0 1 1 0;1 1 1 1 1 1 1 1 0 0]
335,A*,13.469794511795044,92,[0 0 1 1 1 1 1 1 1 1;1 1 1 0 0 1 1 0 0 1;1 0 0 3 3 0 0 2 3 1;1 0 0 0 0 0 1 0 3 1;1 1 1 1 1 1 0 0 0 1;0 0 0 0 0 1 1 2 0 1;0 0 0 0 0 1 0 0 0 1;0 0 0 0 0 1 1 2 2 1;0 0 0 0 0 0 1 0 5 1;0 0 0 0 0 0 1 1 1 1]
335,DFS,4.4263904094696045,528,[0 0 1 1 1 1 1 1 1 1;1 1 1 0 0 1 1 0 0 1;1 0 0 3 3 0 0 2 3 1;1 0 0 0 0 0 1 0 3 1;1 1 1 1 1 1 0 0 0 1;0 0 0 0 0 1 1 2 0 1;0 0 0 0 0 1 0 0 0 1;0 0 0 0 0 1 1 2 2 1;0 0 0 0 0 0 1 0 5 1;0 0 0 0 0 0 1 1 1 1]
335,BFS,9.843125820159912,92,[0 0 1 1 1 1 1 1 1 1;1 1 1 0 0 1 1 0 0 1;1 0 0 3 3 0 0 2 3 1;1 0 0 0 0 0 1 0 3 1;1 1 1 1 1 1 0 0 0 1;0 0 0 0 0 1 1 2 0 1;0 0 0 0 0 1 0 0 0 1;0 0 0 0 0 1 1 2 2 1;0 0 0 0 0 0 1 0 5 1;0 0 0 0 0 0 1 1 1 1]
336,A*,4.286855459213257,67,[1 1 1 1 0 0 1 1 1 0;1 3 0 1 1 1 1 0 1 1;1 0 0 1 0 0 0 0 0 1;1 0 2 1 0 2 2 0 1 1;1 0 0 0 0 2 5 1 1 0;1 3 0 1 3 1 1 1 0 0;1 0 1 1 1 1 0 0 0 0;1 0 0 1 0 0 0 0 0 0;1 3 1 1 0 0 0 0 0 0;1 1 1 0 0 0 0 0 0 0]
336,DFS,0.5136392116546631,139,[1 1 1 1 0 0 1 1 1 0;1 3 0 1 1 1 1 0 1 1;1 0 0 1 0 0 0 0 0 1;1 0 2 1 0 2 2 0 1 1;1 0 0 0 0 2 5 1 1 0;1 3 0 1 3 1 1 1 0 0;1 0 1 1 1 1 0 0 0 0;1 0 0 1 0 0 0 0 0 0;1 3 1 1 0 0 0 0 0 0;1 1 1 0 0 0 0 0 0 0]
336,BFS,2.4993324279785156,67,[1 1 1 1 0 0 1 1 1 0;1 3 0 1 1 1 1 0 1 1;1 0 0 1 0 0 0 0 0 1;1 0 2 1 0 2 2 0 1 1;1 0 0 0 0 2 5 1 1 0;1 3 0 1 3 1 1 1 0 0;1 0 1 1 1 1 0 0 0 0;1 0 0 1 0 0 0 0 0 0;1 3 1 1 0 0 0 0 0 0;1 1 1 0 0 0 0 0 0 0]
337,A*,1.5917949676513672,53,[0 0 0 0 0 0 0 0 0 0;0 0 0 0 0 0 0 0 0 0;0 0 0 0 0 0 0 0 0 0;0 1 1 1 1 1 0 0 0 0;1 1 0 3 0 1 1 1 0 0;1 0 5 0 3 0 3 1 0 0;1 0 2 3 0 2 0 1 0 0;1 0 2 1 1 2 1 1 0 0;1 0 0 0 0 0 1 0 0 0;1 1 1 1 1 1 1 0 0 0]
337,DFS,1.0280041694641113,215,[0 0 0 0 0 0 0 0 0 0;0 0 0 0 0 0 0 0 0 0;0 0 0 0 0 0 0 0 0 0;0 1 1 1 1 1 0 0 0 0;1 1 0 3 0 1 1 1 0 0;1 0 5 0 3 0 3 1 0 0;1 0 2 3 0 2 0 1 0 0;1 0 2 1 1 2 1 1 0 0;1 0 0 0 0 0 1 0 0 0;1 1 1 1 1 1 1 0 0 0]
337,BFS,1.3098254203796387,53,[0 0 0 0 0 0 0 0 0 0;0 0 0 0 0 0 0 0 0 0;0 0 0 0 0 0 0 0 0 0;0 1 1 1 1 1 0 0 0 0;1 1 0 3 0 1 1 1 0 0;1 0 5 0 3 0 3 1 0 0;1 0 2 3 0 2 0 1 0 0;1 0 2 1 1 2 1 1 0 0;1 0 0 0 0 0 1 0 0 0;1 1 1 1 1 1 1 0 0 0]
338,A*,0.9630815982818604,54,[0 0 1 1 1 1 1 1 1 1;0 0 1 5 2 0 3 0 0 1;0 0 1 1 0 2 3 3 0 1;0 0 0 1 1 0 2 0 0 1;0 0 0 0 1 1 1 2 0 1;0 0 0 0 0 0 1 0 3 1;0 0 0 0 0 0 1 1 1 1;0 0 0 0 0 0 0 0 0 0;0 0 0 0 0 0 0 0 0 0;0 0 0 0 0 0 0 0 0 0]
338,DFS,0.2666597366333008,90,[0 0 1 1 1 1 1 1 1 1;0 0 1 5 2 0 3 0 0 1;0 0 1 1 0 2 3 3 0 1;0 0 0 1 1 0 2 0 0 1;0 0 0 0 1 1 1 2 0 1;0 0 0 0 0 0 1 0 3 1;0 0 0 0 0 0 1 1 1 1;0 0 0 0 0 0 0 0 0 0;0 0 0 0 0 0 0 0 0 0;0 0 0 0 0 0 0 0 0 0]
338,BFS,0.31824588775634766,54,[0 0 1 1 1 1 1 1 1 1;0 0 1 5 2 0 3 0 0 1;0 0 1 1 0 2 3 3 0 1;0 0 0 1 1 0 2 0 0 1;0 0 0 0 1 1 1 2 0 1;0 0 0 0 0 0 1 0 3 1;0 0 0 0 0 0 1 1 1 1;0 0 0 0 0 0 0 0 0 0;0 0 0 0 0 0 0 0 0 0;0 0 0 0 0 0 0 0 0 0]
339,A*,19.82225203514099,51,[1 1 1 1 0 0 0 0 0 0;1 0 0 1 1 1 1 1 1 0;1 3 0 1 1 0 1 3 1 1;1 0 2 0 0 0 0 0 0 1;1 0 0 0 1 2 3 3 0 1;1 0 0 1 5 2 0 2 0 1;1 0 1 1 1 0 0 0 0 1;1 0 0 0 1 1 1 1 1 1;1 0 0 1 1 0 0 0 0 0;1 1 1 1 0 0 0 0 0 0]
339,DFS,9.808330059051514,1483,[1 1 1 1 0 0 0 0 0 0;1 0 0 1 1 1 1 1 1 0;1 3 0 1 1 0 1 3 1 1;1 0 2 0 0 0 0 0 0 1;1 0 0 0 1 2 3 3 0 1;1 0 0 1 5 2 0 2 0 1;1 0 1 1 1 0 0 0 0 1;1 0 0 0 1 1 1 1 1 1;1 0 0 1 1 0 0 0 0 0;1 1 1 1 0 0 0 0 0 0]
339,BFS,56.11462092399597,51,[1 1 1 1 0 0 0 0 0 0;1 0 0 1 1 1 1 1 1 0;1 3 0 1 1 0 1 3 1 1;1 0 2 0 0 0 0 0 0 1;1 0 0 0 1 2 3 3 0 1;1 0 0 1 5 2 0 2 0 1;1 0 1 1 1 0 0 0 0 1;1 0 0 0 1 1 1 1 1 1;1 0 0 1 1 0 0 0 0 0;1 1 1 1 0 0 0 0 0 0]
340,A*,36.07875633239746,67,[0 0 0 1 1 1 1 1 1 1;0 0 0 1 0 0 0 0 0 1;0 0 0 1 1 1 0 0 0 1;0 1 1 1 1 1 1 0 3 1;0 1 0 5 1 1 1 0 3 1;0 1 1 2 0 1 1 0 0 1;0 1 0 3 2 1 1 0 0 1;0 1 0 0 3 0 2 2 0 1;0 1 1 0 0 0 0 0 0 1;0 0 1 1 1 1 1 1 1 1]
340,DFS,13.350327730178833,781,[0 0 0 1 1 1 1 1 1 1;0 0 0 1 0 0 0 0 0 1;0 0 0 1 1 1 0 0 0 1;0 1 1 1 1 1 1 0 3 1;0 1 0 5 1 1 1 0 3 1;0 1 1 2 0 1 1 0 0 1;0 1 0 3 2 1 1 0 0 1;0 1 0 0 3 0 2 2 0 1;0 1 1 0 0 0 0 0 0 1;0 0 1 1 1 1 1 1 1 1]
340,BFS,74.42903351783752,67,[0 0 0 1 1 1 1 1 1 1;0 0 0 1 0 0 0 0 0 1;0 0 0 1 1 1 0 0 0 1;0 1 1 1 1 1 1 0 3 1;0 1 0 5 1 1 1 0 3 1;0 1 1 2 0 1 1 0 0 1;0 1 0 3 2 1 1 0 0 1;0 1 0 0 3 0 2 2 0 1;0 1 1 0 0 0 0 0 0 1;0 0 1 1 1 1 1 1 1 1]
341,A*,5.862890005111694,44,[1 1 1 1 1 1 1 1 1 1;1 3 0 0 0 0 0 0 0 1;1 0 2 3 0 2 0 3 0 1;1 0 0 2 0 1 0 1 1 1;1 0 1 0 1 1 0 0 1 0;1 3 1 1 1 0 2 1 1 0;1 0 1 1 1 1 5 1 0 0;1 0 0 1 0 1 1 1 0 0;1 0 0 1 0 0 0 0 0 0;1 1 1 1 0 0 0 0 0 0]
341,DFS,2.6987805366516113,126,[1 1 1 1 1 1 1 1 1 1;1 3 0 0 0 0 0 0 0 1;1 0 2 3 0 2 0 3 0 1;1 0 0 2 0 1 0 1 1 1;1 0 1 0 1 1 0 0 1 0;1 3 1 1 1 0 2 1 1 0;1 0 1 1 1 1 5 1 0 0;1 0 0 1 0 1 1 1 0 0;1 0 0 1 0 0 0 0 0 0;1 1 1 1 0 0 0 0 0 0]
341,BFS,7.199279546737671,44,[1 1 1 1 1 1 1 1 1 1;1 3 0 0 0 0 0 0 0 1;1 0 2 3 0 2 0 3 0 1;1 0 0 2 0 1 0 1 1 1;1 0 1 0 1 1 0 0 1 0;1 3 1 1 1 0 2 1 1 0;1 0 1 1 1 1 5 1 0 0;1 0 0 1 0 1 1 1 0 0;1 0 0 1 0 0 0 0 0 0;1 1 1 1 0 0 0 0 0 0]
342,A*,3.599764585494995,63,[0 0 1 1 1 1 1 1 1 1;0 0 1 0 0 0 0 0 0 1;0 0 1 1 0 3 0 2 3 1;0 0 0 1 1 1 2 0 0 1;0 0 0 0 0 1 0 0 3 1;0 0 0 0 0 1 2 0 1 1;0 0 0 0 0 1 0 3 1 1;0 0 0 0 0 1 1 2 0 1;0 0 0 0 0 0 1 5 0 1;0 0 0 0 0 0 1 1 1 1]
342,DFS,0.8588252067565918,253,[0 0 1 1 1 1 1 1 1 1;0 0 1 0 0 0 0 0 0 1;0 0 1 1 0 3 0 2 3 1;0 0 0 1 1 1 2 0 0 1;0 0 0 0 0 1 0 0 3 1;0 0 0 0 0 1 2 0 1 1;0 0 0 0 0 1 0 3 1 1;0 0 0 0 0 1 1 2 0 1;0 0 0 0 0 0 1 5 0 1;0 0 0 0 0 0 1 1 1 1]
342,BFS,2.1184465885162354,63,[0 0 1 1 1 1 1 1 1 1;0 0 1 0 0 0 0 0 0 1;0 0 1 1 0 3 0 2 3 1;0 0 0 1 1 1 2 0 0 1;0 0 0 0 0 1 0 0 3 1;0 0 0 0 0 1 2 0 1 1;0 0 0 0 0 1 0 3 1 1;0 0 0 0 0 1 1 2 0 1;0 0 0 0 0 0 1 5 0 1;0 0 0 0 0 0 1 1 1 1]
343,A*,2.4639816284179688,58,[0 0 0 0 0 0 0 0 0 0;0 0 0 0 0 0 0 0 0 0;1 1 1 0 0 0 0 0 0 0;1 5 1 1 0 0 0 0 0 0;1 2 0 1 0 0 0 0 0 0;1 0 2 1 0 0 1 1 1 0;1 3 0 1 1 1 1 0 1 1;1 0 0 0 2 0 0 2 0 1;1 3 3 0 0 0 0 0 3 1;1 1 1 1 1 1 1 1 1 1]
343,DFS,0.7556025981903076,482,[0 0 0 0 0 0 0 0 0 0;0 0 0 0 0 0 0 0 0 0;1 1 1 0 0 0 0 0 0 0;1 5 1 1 0 0 0 0 0 0;1 2 0 1 0 0 0 0 0 0;1 0 2 1 0 0 1 1 1 0;1 3 0 1 1 1 1 0 1 1;1 0 0 0 2 0 0 2 0 1;1 3 3 0 0 0 0 0 3 1;1 1 1 1 1 1 1 1 1 1]
343,BFS,1.285595417022705,58,[0 0 0 0 0 0 0 0 0 0;0 0 0 0 0 0 0 0 0 0;1 1 1 0 0 0 0 0 0 0;1 5 1 1 0 0 0 0 0 0;1 2 0 1 0 0 0 0 0 0;1 0 2 1 0 0 1 1 1 0;1 3 0 1 1 1 1 0 1 1;1 0 0 0 2 0 0 2 0 1;1 3 3 0 0 0 0 0 3 1;1 1 1 1 1 1 1 1 1 1]
344,A*,2.4846861362457275,33,[1 1 1 1 0 0 0 0 0 0;1 0 0 1 0 0 0 0 0 0;1 0 0 1 0 0 0 0 0 0;1 0 1 1 0 0 0 0 0 0;1 0 0 1 1 1 1 0 0 0;1 0 0 2 5 3 1 0 0 0;1 0 3 3 2 0 1 0 0 0;1 0 3 2 2 1 1 0 0 0;1 0 0 0 0 0 1 0 0 0;1 1 1 1 1 1 1 0 0 0]
344,DFS,1.64070725440979,100,[1 1 1 1 0 0 0 0 0 0;1 0 0 1 0 0 0 0 0 0;1 0 0 1 0 0 0 0 0 0;1 0 1 1 0 0 0 0 0 0;1 0 0 1 1 1 1 0 0 0;1 0 0 2 5 3 1 0 0 0;1 0 3 3 2 0 1 0 0 0;1 0 3 2 2 1 1 0 0 0;1 0 0 0 0 0 1 0 0 0;1 1 1 1 1 1 1 0 0 0]
344,BFS,2.8602709770202637,33,[1 1 1 1 0 0 0 0 0 0;1 0 0 1 0 0 0 0 0 0;1 0 0 1 0 0 0 0 0 0;1 0 1 1 0 0 0 0 0 0;1 0 0 1 1 1 1 0 0 0;1 0 0 2 5 3 1 0 0 0;1 0 3 3 2 0 1 0 0 0;1 0 3 2 2 1 1 0 0 0;1 0 0 0 0 0 1 0 0 0;1 1 1 1 1 1 1 0 0 0]
345,A*,11.756051063537598,59,[0 1 1 1 1 1 1 1 0 0;1 1 0 0 0 0 0 1 0 0;1 0 3 0 2 0 1 1 0 0;1 0 2 3 2 0 1 0 0 0;1 1 0 0 5 1 1 0 0 0;0 1 1 3 1 1 0 0 0 0;0 1 0 3 0 1 1 1 1 0;1 1 0 2 1 0 1 0 1 1;1 0 0 0 0 0 0 0 0 1;1 1 1 1 1 1 1 1 1 1]
345,DFS,4.243572473526001,185,[0 1 1 1 1 1 1 1 0 0;1 1 0 0 0 0 0 1 0 0;1 0 3 0 2 0 1 1 0 0;1 0 2 3 2 0 1 0 0 0;1 1 0 0 5 1 1 0 0 0;0 1 1 3 1 1 0 0 0 0;0 1 0 3 0 1 1 1 1 0;1 1 0 2 1 0 1 0 1 1;1 0 0 0 0 0 0 0 0 1;1 1 1 1 1 1 1 1 1 1]
345,BFS,13.535354852676392,59,[0 1 1 1 1 1 1 1 0 0;1 1 0 0 0 0 0 1 0 0;1 0 3 0 2 0 1 1 0 0;1 0 2 3 2 0 1 0 0 0;1 1 0 0 5 1 1 0 0 0;0 1 1 3 1 1 0 0 0 0;0 1 0 3 0 1 1 1 1 0;1 1 0 2 1 0 1 0 1 1;1 0 0 0 0 0 0 0 0 1;1 1 1 1 1 1 1 1 1 1]
346,A*,9.00154185295105,80,[1 1 1 0 0 0 0 0 0 0;1 0 1 1 0 0 0 0 0 0;1 0 5 1 0 0 0 0 0 0;1 0 2 1 0 0 0 0 0 0;1 3 0 1 1 1 1 1 1 1;1 0 2 0 0 1 1 0 0 1;1 2 0 3 3 3 0 2 0 1;1 0 0 0 0 1 0 0 0 1;1 1 1 1 1 1 1 1 0 1;0 0 0 0 0 0 0 1 1 1]
346,DFS,2.797595739364624,324,[1 1 1 0 0 0 0 0 0 0;1 0 1 1 0 0 0 0 0 0;1 0 5 1 0 0 0 0 0 0;1 0 2 1 0 0 0 0 0 0;1 3 0 1 1 1 1 1 1 1;1 0 2 0 0 1 1 0 0 1;1 2 0 3 3 3 0 2 0 1;1 0 0 0 0 1 0 0 0 1;1 1 1 1 1 1 1 1 0 1;0 0 0 0 0 0 0 1 1 1]
346,BFS,7.1796534061431885,80,[1 1 1 0 0 0 0 0 0 0;1 0 1 1 0 0 0 0 0 0;1 0 5 1 0 0 0 0 0 0;1 0 2 1 0 0 0 0 0 0;1 3 0 1 1 1 1 1 1 1;1 0 2 0 0 1 1 0 0 1;1 2 0 3 3 3 0 2 0 1;1 0 0 0 0 1 0 0 0 1;1 1 1 1 1 1 1 1 0 1;0 0 0 0 0 0 0 1 1 1]
347,A*,13.793652534484863,62,[0 0 0 0 0 0 1 1 1 1;0 0 0 0 0 0 1 0 0 1;0 0 0 1 1 1 1 2 0 1;0 0 0 1 0 0 2 0 0 1;1 1 1 1 0 3 2 3 0 1;1 0 1 1 3 1 1 1 0 1;1 0 3 0 0 1 1 0 0 1;1 0 2 1 0 0 1 5 0 1;1 0 0 0 0 0 0 0 0 1;1 1 1 1 1 1 1 1 1 1]
347,DFS,10.232633113861084,497,[0 0 0 0 0 0 1 1 1 1;0 0 0 0 0 0 1 0 0 1;0 0 0 1 1 1 1 2 0 1;0 0 0 1 0 0 2 0 0 1;1 1 1 1 0 3 2 3 0 1;1 0 1 1 3 1 1 1 0 1;1 0 3 0 0 1 1 0 0 1;1 0 2 1 0 0 1 5 0 1;1 0 0 0 0 0 0 0 0 1;1 1 1 1 1 1 1 1 1 1]
347,BFS,31.604251623153687,62,[0 0 0 0 0 0 1 1 1 1;0 0 0 0 0 0 1 0 0 1;0 0 0 1 1 1 1 2 0 1;0 0 0 1 0 0 2 0 0 1;1 1 1 1 0 3 2 3 0 1;1 0 1 1 3 1 1 1 0 1;1 0 3 0 0 1 1 0 0 1;1 0 2 1 0 0 1 5 0 1;1 0 0 0 0 0 0 0 0 1;1 1 1 1 1 1 1 1 1 1]
348,A*,4.243589639663696,78,[0 1 1 1 0 0 0 0 0 0;1 1 0 1 1 1 0 0 0 0;1 0 3 0 0 1 0 0 0 0;1 2 2 1 0 1 1 0 0 0;1 0 3 0 2 5 1 0 0 0;1 0 2 1 0 1 1 0 0 0;1 0 0 1 1 1 0 0 0 0;1 3 0 0 1 1 1 0 0 0;1 0 0 0 3 0 1 0 0 0;1 1 1 1 1 1 1 0 0 0]
348,DFS,1.1801047325134277,368,[0 1 1 1 0 0 0 0 0 0;1 1 0 1 1 1 0 0 0 0;1 0 3 0 0 1 0 0 0 0;1 2 2 1 0 1 1 0 0 0;1 0 3 0 2 5 1 0 0 0;1 0 2 1 0 1 1 0 0 0;1 0 0 1 1 1 0 0 0 0;1 3 0 0 1 1 1 0 0 0;1 0 0 0 3 0 1 0 0 0;1 1 1 1 1 1 1 0 0 0]
348,BFS,2.05134654045105,78,[0 1 1 1 0 0 0 0 0 0;1 1 0 1 1 1 0 0 0 0;1 0 3 0 0 1 0 0 0 0;1 2 2 1 0 1 1 0 0 0;1 0 3 0 2 5 1 0 0 0;1 0 2 1 0 1 1 0 0 0;1 0 0 1 1 1 0 0 0 0;1 3 0 0 1 1 1 0 0 0;1 0 0 0 3 0 1 0 0 0;1 1 1 1 1 1 1 0 0 0]
349,A*,17.073207139968872,73,[1 1 1 1 1 1 1 1 1 1;1 0 0 0 0 0 0 3 0 1;1 0 0 0 0 1 0 3 0 1;1 0 1 1 1 1 0 0 3 1;1 0 1 1 1 1 1 2 2 1;1 0 1 1 0 1 1 0 0 1;1 0 2 5 2 0 0 0 0 1;1 0 0 0 0 0 1 0 3 1;1 1 1 1 1 1 1 1 1 1;0 0 0 0 0 0 0 0 0 0]
349,DFS,8.676148891448975,3168,[1 1 1 1 1 1 1 1 1 1;1 0 0 0 0 0 0 3 0 1;1 0 0 0 0 1 0 3 0 1;1 0 1 1 1 1 0 0 3 1;1 0 1 1 1 1 1 2 2 1;1 0 1 1 0 1 1 0 0 1;1 0 2 5 2 0 0 0 0 1;1 0 0 0 0 0 1 0 3 1;1 1 1 1 1 1 1 1 1 1;0 0 0 0 0 0 0 0 0 0]
349,BFS,22.024943113327026,73,[1 1 1 1 1 1 1 1 1 1;1 0 0 0 0 0 0 3 0 1;1 0 0 0 0 1 0 3 0 1;1 0 1 1 1 1 0 0 3 1;1 0 1 1 1 1 1 2 2 1;1 0 1 1 0 1 1 0 0 1;1 0 2 5 2 0 0 0 0 1;1 0 0 0 0 0 1 0 3 1;1 1 1 1 1 1 1 1 1 1;0 0 0 0 0 0 0 0 0 0]
350,A*,15.341471433639526,74,[0 0 1 1 1 1 1 1 1 1;0 0 1 0 0 0 0 0 0 1;0 0 1 0 2 2 2 0 0 1;0 0 1 0 2 0 1 0 0 1;0 0 1 1 3 0 1 1 0 1;0 0 1 0 0 1 1 1 0 1;0 0 1 5 0 1 1 1 0 1;0 0 1 0 3 0 0 1 0 1;0 0 1 1 3 0 0 0 3 1;0 0 0 1 1 1 1 1 1 1]
350,DFS,4.912024259567261,372,[0 0 1 1 1 1 1 1 1 1;0 0 1 0 0 0 0 0 0 1;0 0 1 0 2 2 2 0 0 1;0 0 1 0 2 0 1 0 0 1;0 0 1 1 3 0 1 1 0 1;0 0 1 0 0 1 1 1 0 1;0 0 1 5 0 1 1 1 0 1;0 0 1 0 3 0 0 1 0 1;0 0 1 1 3 0 0 0 3 1;0 0 0 1 1 1 1 1 1 1]
350,BFS,28.587655544281006,74,[0 0 1 1 1 1 1 1 1 1;0 0 1 0 0 0 0 0 0 1;0 0 1 0 2 2 2 0 0 1;0 0 1 0 2 0 1 0 0 1;0 0 1 1 3 0 1 1 0 1;0 0 1 0 0 1 1 1 0 1;0 0 1 5 0 1 1 1 0 1;0 0 1 0 3 0 0 1 0 1;0 0 1 1 3 0 0 0 3 1;0 0 0 1 1 1 1 1 1 1]
351,A*,0.19866037368774414,30,[0 0 0 0 0 0 0 0 0 0;0 0 0 1 1 1 1 0 0 0;0 0 0 1 0 0 1 0 0 0;1 1 1 1 2 5 1 0 0 0;1 0 0 2 3 1 1 0 0 0;1 0 1 2 0 0 1 0 0 0;1 0 1 0 3 1 1 0 0 0;1 0 3 0 0 1 1 1 1 1;1 0 2 0 0 3 0 0 0 1;1 1 1 1 1 1 1 1 1 1]
351,DFS,0.6016879081726074,92,[0 0 0 0 0 0 0 0 0 0;0 0 0 1 1 1 1 0 0 0;0 0 0 1 0 0 1 0 0 0;1 1 1 1 2 5 1 0 0 0;1 0 0 2 3 1 1 0 0 0;1 0 1 2 0 0 1 0 0 0;1 0 1 0 3 1 1 0 0 0;1 0 3 0 0 1 1 1 1 1;1 0 2 0 0 3 0 0 0 1;1 1 1 1 1 1 1 1 1 1]
351,BFS,0.2034597396850586,30,[0 0 0 0 0 0 0 0 0 0;0 0 0 1 1 1 1 0 0 0;0 0 0 1 0 0 1 0 0 0;1 1 1 1 2 5 1 0 0 0;1 0 0 2 3 1 1 0 0 0;1 0 1 2 0 0 1 0 0 0;1 0 1 0 3 1 1 0 0 0;1 0 3 0 0 1 1 1 1 1;1 0 2 0 0 3 0 0 0 1;1 1 1 1 1 1 1 1 1 1]
352,A*,6.210325002670288,56,[1 1 1 1 1 0 0 0 0 0;1 0 1 0 1 1 1 1 0 0;1 0 0 3 0 2 5 1 0 0;1 0 0 0 1 2 1 1 1 0;1 0 1 1 1 0 2 0 1 0;1 0 1 1 0 0 2 0 1 0;1 0 1 1 0 0 0 3 1 1;1 0 1 1 1 0 3 0 0 1;1 0 0 0 0 3 0 0 0 1;1 1 1 1 1 1 1 1 1 1]
352,DFS,6.204050064086914,4992,[1 1 1 1 1 0 0 0 0 0;1 0 1 0 1 1 1 1 0 0;1 0 0 3 0 2 5 1 0 0;1 0 0 0 1 2 1 1 1 0;1 0 1 1 1 0 2 0 1 0;1 0 1 1 0 0 2 0 1 0;1 0 1 1 0 0 0 3 1 1;1 0 1 1 1 0 3 0 0 1;1 0 0 0 0 3 0 0 0 1;1 1 1 1 1 1 1 1 1 1]
352,BFS,7.2172532081604,56,[1 1 1 1 1 0 0 0 0 0;1 0 1 0 1 1 1 1 0 0;1 0 0 3 0 2 5 1 0 0;1 0 0 0 1 2 1 1 1 0;1 0 1 1 1 0 2 0 1 0;1 0 1 1 0 0 2 0 1 0;1 0 1 1 0 0 0 3 1 1;1 0 1 1 1 0 3 0 0 1;1 0 0 0 0 3 0 0 0 1;1 1 1 1 1 1 1 1 1 1]
353,A*,3.0609378814697266,53,[0 0 1 1 1 1 1 1 0 0;0 0 1 0 0 0 5 1 0 0;0 0 1 2 0 1 1 1 1 0;0 0 1 0 1 0 0 0 1 0;0 1 1 0 1 2 0 1 1 0;0 1 0 0 0 0 3 0 1 0;1 1 2 0 1 1 2 1 1 0;1 3 0 0 0 1 3 0 1 0;1 0 0 3 0 0 0 0 1 0;1 1 1 1 1 1 1 1 1 0]
353,DFS,1.937628984451294,87,[0 0 1 1 1 1 1 1 0 0;0 0 1 0 0 0 5 1 0 0;0 0 1 2 0 1 1 1 1 0;0 0 1 0 1 0 0 0 1 0;0 1 1 0 1 2 0 1 1 0;0 1 0 0 0 0 3 0 1 0;1 1 2 0 1 1 2 1 1 0;1 3 0 0 0 1 3 0 1 0;1 0 0 3 0 0 0 0 1 0;1 1 1 1 1 1 1 1 1 0]
353,BFS,2.722355365753174,53,[0 0 1 1 1 1 1 1 0 0;0 0 1 0 0 0 5 1 0 0;0 0 1 2 0 1 1 1 1 0;0 0 1 0 1 0 0 0 1 0;0 1 1 0 1 2 0 1 1 0;0 1 0 0 0 0 3 0 1 0;1 1 2 0 1 1 2 1 1 0;1 3 0 0 0 1 3 0 1 0;1 0 0 3 0 0 0 0 1 0;1 1 1 1 1 1 1 1 1 0]
354,A*,9.87894058227539,66,[1 1 1 1 0 0 0 0 0 0;1 0 0 1 1 0 0 0 0 0;1 0 0 3 1 0 0 0 0 0;1 0 0 0 1 0 1 1 1 1;1 0 0 1 1 1 1 0 0 1;1 0 2 1 1 0 0 0 0 1;1 0 0 1 1 1 2 2 3 1;1 0 1 1 1 3 2 3 0 1;1 5 0 0 0 0 0 0 0 1;1 1 1 1 1 1 1 1 1 1]
354,DFS,1.3012244701385498,218,[1 1 1 1 0 0 0 0 0 0;1 0 0 1 1 0 0 0 0 0;1 0 0 3 1 0 0 0 0 0;1 0 0 0 1 0 1 1 1 1;1 0 0 1 1 1 1 0 0 1;1 0 2 1 1 0 0 0 0 1;1 0 0 1 1 1 2 2 3 1;1 0 1 1 1 3 2 3 0 1;1 5 0 0 0 0 0 0 0 1;1 1 1 1 1 1 1 1 1 1]
354,BFS,9.204724073410034,66,[1 1 1 1 0 0 0 0 0 0;1 0 0 1 1 0 0 0 0 0;1 0 0 3 1 0 0 0 0 0;1 0 0 0 1 0 1 1 1 1;1 0 0 1 1 1 1 0 0 1;1 0 2 1 1 0 0 0 0 1;1 0 0 1 1 1 2 2 3 1;1 0 1 1 1 3 2 3 0 1;1 5 0 0 0 0 0 0 0 1;1 1 1 1 1 1 1 1 1 1]
355,A*,2.3683605194091797,63,[1 1 1 1 1 1 1 1 1 1;1 0 0 0 0 0 0 0 0 1;1 0 2 0 0 0 0 0 0 1;1 0 0 1 1 1 1 0 0 1;1 0 1 1 1 1 1 1 0 1;1 0 0 1 0 0 0 0 3 1;1 0 1 1 2 3 1 0 0 1;1 3 0 0 2 2 3 1 1 1;1 0 0 0 1 5 1 1 0 0;1 1 1 1 1 1 1 0 0 0]
355,DFS,2.440091371536255,903,[1 1 1 1 1 1 1 1 1 1;1 0 0 0 0 0 0 0 0 1;1 0 2 0 0 0 0 0 0 1;1 0 0 1 1 1 1 0 0 1;1 0 1 1 1 1 1 1 0 1;1 0 0 1 0 0 0 0 3 1;1 0 1 1 2 3 1 0 0 1;1 3 0 0 2 2 3 1 1 1;1 0 0 0 1 5 1 1 0 0;1 1 1 1 1 1 1 0 0 0]
355,BFS,2.216520071029663,63,[1 1 1 1 1 1 1 1 1 1;1 0 0 0 0 0 0 0 0 1;1 0 2 0 0 0 0 0 0 1;1 0 0 1 1 1 1 0 0 1;1 0 1 1 1 1 1 1 0 1;1 0 0 1 0 0 0 0 3 1;1 0 1 1 2 3 1 0 0 1;1 3 0 0 2 2 3 1 1 1;1 0 0 0 1 5 1 1 0 0;1 1 1 1 1 1 1 0 0 0]
356,A*,5.764941930770874,81,[0 0 0 0 0 0 0 0 0 0;0 0 0 0 0 0 0 0 0 0;0 0 0 0 0 0 0 0 0 0;0 0 0 0 1 1 1 1 1 1;0 0 0 0 1 5 1 1 0 1;0 1 1 1 1 2 0 0 0 1;1 1 0 1 1 0 2 3 3 1;1 0 2 0 0 0 1 2 0 1;1 0 0 3 0 0 0 3 0 1;1 1 1 1 1 1 1 1 1 1]
356,DFS,1.3588974475860596,279,[0 0 0 0 0 0 0 0 0 0;0 0 0 0 0 0 0 0 0 0;0 0 0 0 0 0 0 0 0 0;0 0 0 0 1 1 1 1 1 1;0 0 0 0 1 5 1 1 0 1;0 1 1 1 1 2 0 0 0 1;1 1 0 1 1 0 2 3 3 1;1 0 2 0 0 0 1 2 0 1;1 0 0 3 0 0 0 3 0 1;1 1 1 1 1 1 1 1 1 1]
356,BFS,2.9417529106140137,81,[0 0 0 0 0 0 0 0 0 0;0 0 0 0 0 0 0 0 0 0;0 0 0 0 0 0 0 0 0 0;0 0 0 0 1 1 1 1 1 1;0 0 0 0 1 5 1 1 0 1;0 1 1 1 1 2 0 0 0 1;1 1 0 1 1 0 2 3 3 1;1 0 2 0 0 0 1 2 0 1;1 0 0 3 0 0 0 3 0 1;1 1 1 1 1 1 1 1 1 1]
357,A*,11.775398254394531,50,[1 1 1 1 1 1 1 1 1 1;1 0 0 0 0 0 0 0 0 1;1 0 0 0 1 0 2 0 0 1;1 0 0 1 1 1 1 1 3 1;1 1 1 0 1 1 0 0 3 1;0 1 0 3 0 0 2 0 0 1;0 1 1 0 2 0 0 3 0 1;0 1 0 0 0 0 2 1 1 1;0 1 0 0 1 1 5 1 0 0;0 1 1 1 1 1 1 1 0 0]
357,DFS,5.02968430519104,252,[1 1 1 1 1 1 1 1 1 1;1 0 0 0 0 0 0 0 0 1;1 0 0 0 1 0 2 0 0 1;1 0 0 1 1 1 1 1 3 1;1 1 1 0 1 1 0 0 3 1;0 1 0 3 0 0 2 0 0 1;0 1 1 0 2 0 0 3 0 1;0 1 0 0 0 0 2 1 1 1;0 1 0 0 1 1 5 1 0 0;0 1 1 1 1 1 1 1 0 0]
357,BFS,20.820327043533325,50,[1 1 1 1 1 1 1 1 1 1;1 0 0 0 0 0 0 0 0 1;1 0 0 0 1 0 2 0 0 1;1 0 0 1 1 1 1 1 3 1;1 1 1 0 1 1 0 0 3 1;0 1 0 3 0 0 2 0 0 1;0 1 1 0 2 0 0 3 0 1;0 1 0 0 0 0 2 1 1 1;0 1 0 0 1 1 5 1 0 0;0 1 1 1 1 1 1 1 0 0]
358,A*,4.663694381713867,43,[0 1 1 1 1 1 1 1 1 1;0 1 0 0 0 5 0 0 0 1;0 1 0 3 0 2 2 3 3 1;0 1 0 2 0 0 2 3 0 1;0 1 1 1 1 1 1 0 0 1;0 0 0 0 0 0 1 1 0 1;0 0 0 0 0 0 0 1 1 1;0 0 0 0 0 0 0 0 0 0;0 0 0 0 0 0 0 0 0 0;0 0 0 0 0 0 0 0 0 0]
358,DFS,1.4437055587768555,238,[0 1 1 1 1 1 1 1 1 1;0 1 0 0 0 5 0 0 0 1;0 1 0 3 0 2 2 3 3 1;0 1 0 2 0 0 2 3 0 1;0 1 1 1 1 1 1 0 0 1;0 0 0 0 0 0 1 1 0 1;0 0 0 0 0 0 0 1 1 1;0 0 0 0 0 0 0 0 0 0;0 0 0 0 0 0 0 0 0 0;0 0 0 0 0 0 0 0 0 0]
358,BFS,3.0411105155944824,43,[0 1 1 1 1 1 1 1 1 1;0 1 0 0 0 5 0 0 0 1;0 1 0 3 0 2 2 3 3 1;0 1 0 2 0 0 2 3 0 1;0 1 1 1 1 1 1 0 0 1;0 0 0 0 0 0 1 1 0 1;0 0 0 0 0 0 0 1 1 1;0 0 0 0 0 0 0 0 0 0;0 0 0 0 0 0 0 0 0 0;0 0 0 0 0 0 0 0 0 0]
359,A*,3.1751606464385986,40,[0 0 0 0 0 0 0 0 0 0;0 0 0 0 0 0 0 0 0 0;0 0 0 0 0 0 0 0 0 0;0 0 0 0 0 0 0 0 0 0;0 0 0 0 1 1 1 1 1 0;0 0 0 0 1 0 0 0 1 1;1 1 1 1 1 0 2 0 0 1;1 0 0 0 0 2 0 2 3 1;1 3 0 3 5 0 3 2 0 1;1 1 1 1 1 1 1 1 1 1]
359,DFS,0.31833624839782715,465,[0 0 0 0 0 0 0 0 0 0;0 0 0 0 0 0 0 0 0 0;0 0 0 0 0 0 0 0 0 0;0 0 0 0 0 0 0 0 0 0;0 0 0 0 1 1 1 1 1 0;0 0 0 0 1 0 0 0 1 1;1 1 1 1 1 0 2 0 0 1;1 0 0 0 0 2 0 2 3 1;1 3 0 3 5 0 3 2 0 1;1 1 1 1 1 1 1 1 1 1]
359,BFS,1.9684691429138184,40,[0 0 0 0 0 0 0 0 0 0;0 0 0 0 0 0 0 0 0 0;0 0 0 0 0 0 0 0 0 0;0 0 0 0 0 0 0 0 0 0;0 0 0 0 1 1 1 1 1 0;0 0 0 0 1 0 0 0 1 1;1 1 1 1 1 0 2 0 0 1;1 0 0 0 0 2 0 2 3 1;1 3 0 3 5 0 3 2 0 1;1 1 1 1 1 1 1 1 1 1]
360,A*,8.447273254394531,56,[1 1 1 1 1 0 0 0 0 0;1 0 0 0 1 0 0 0 0 0;1 0 2 0 1 1 1 1 0 0;1 0 3 0 0 2 0 1 0 0;1 3 1 0 3 2 5 1 0 0;1 1 1 1 0 0 1 1 0 0;0 1 1 1 1 0 1 1 1 1;1 1 0 1 0 0 0 2 0 1;1 0 0 0 0 0 0 0 3 1;1 1 1 1 1 1 1 1 1 1]
360,DFS,1.2030913829803467,167,[1 1 1 1 1 0 0 0 0 0;1 0 0 0 1 0 0 0 0 0;1 0 2 0 1 1 1 1 0 0;1 0 3 0 0 2 0 1 0 0;1 3 1 0 3 2 5 1 0 0;1 1 1 1 0 0 1 1 0 0;0 1 1 1 1 0 1 1 1 1;1 1 0 1 0 0 0 2 0 1;1 0 0 0 0 0 0 0 3 1;1 1 1 1 1 1 1 1 1 1]
360,BFS,8.69405484199524,56,[1 1 1 1 1 0 0 0 0 0;1 0 0 0 1 0 0 0 0 0;1 0 2 0 1 1 1 1 0 0;1 0 3 0 0 2 0 1 0 0;1 3 1 0 3 2 5 1 0 0;1 1 1 1 0 0 1 1 0 0;0 1 1 1 1 0 1 1 1 1;1 1 0 1 0 0 0 2 0 1;1 0 0 0 0 0 0 0 3 1;1 1 1 1 1 1 1 1 1 1]
361,A*,0.018702268600463867,22,[1 1 1 0 0 0 0 0 0 0;1 5 1 0 0 0 0 0 0 0;1 2 1 1 0 0 0 0 0 0;1 0 0 1 1 0 0 0 0 0;1 0 1 0 1 1 0 0 0 0;1 3 0 0 0 1 0 0 0 0;1 3 2 2 2 1 1 0 0 0;1 0 0 1 3 0 1 0 0 0;1 3 0 0 0 0 1 0 0 0;1 1 1 1 1 1 1 0 0 0]
361,DFS,0.18378925323486328,36,[1 1 1 0 0 0 0 0 0 0;1 5 1 0 0 0 0 0 0 0;1 2 1 1 0 0 0 0 0 0;1 0 0 1 1 0 0 0 0 0;1 0 1 0 1 1 0 0 0 0;1 3 0 0 0 1 0 0 0 0;1 3 2 2 2 1 1 0 0 0;1 0 0 1 3 0 1 0 0 0;1 3 0 0 0 0 1 0 0 0;1 1 1 1 1 1 1 0 0 0]
361,BFS,0.017889738082885742,22,[1 1 1 0 0 0 0 0 0 0;1 5 1 0 0 0 0 0 0 0;1 2 1 1 0 0 0 0 0 0;1 0 0 1 1 0 0 0 0 0;1 0 1 0 1 1 0 0 0 0;1 3 0 0 0 1 0 0 0 0;1 3 2 2 2 1 1 0 0 0;1 0 0 1 3 0 1 0 0 0;1 3 0 0 0 0 1 0 0 0;1 1 1 1 1 1 1 0 0 0]
362,A*,24.197489738464355,96,[1 1 1 1 1 1 1 1 1 1;1 0 3 5 0 0 0 0 0 1;1 3 0 0 0 0 0 0 0 1;1 0 1 1 1 1 1 0 0 1;1 0 3 0 0 0 3 2 0 1;1 0 2 0 2 0 2 0 1 1;1 0 0 1 1 1 1 1 1 0;1 1 1 1 0 0 0 0 0 0;0 0 0 0 0 0 0 0 0 0;0 0 0 0 0 0 0 0 0 0]
362,DFS,10.969195127487183,835,[1 1 1 1 1 1 1 1 1 1;1 0 3 5 0 0 0 0 0 1;1 3 0 0 0 0 0 0 0 1;1 0 1 1 1 1 1 0 0 1;1 0 3 0 0 0 3 2 0 1;1 0 2 0 2 0 2 0 1 1;1 0 0 1 1 1 1 1 1 0;1 1 1 1 0 0 0 0 0 0;0 0 0 0 0 0 0 0 0 0;0 0 0 0 0 0 0 0 0 0]
362,BFS,46.54925036430359,96,[1 1 1 1 1 1 1 1 1 1;1 0 3 5 0 0 0 0 0 1;1 3 0 0 0 0 0 0 0 1;1 0 1 1 1 1 1 0 0 1;1 0 3 0 0 0 3 2 0 1;1 0 2 0 2 0 2 0 1 1;1 0 0 1 1 1 1 1 1 0;1 1 1 1 0 0 0 0 0 0;0 0 0 0 0 0 0 0 0 0;0 0 0 0 0 0 0 0 0 0]
363,A*,5.096147060394287,89,[1 1 1 1 0 0 0 0 0 0;1 0 0 1 1 1 1 1 1 1;1 0 0 3 0 2 0 2 0 1;1 0 0 0 1 5 2 0 0 1;1 0 1 1 1 1 1 2 3 1;1 0 0 1 0 0 1 0 0 1;1 3 1 1 1 1 1 1 0 1;1 3 1 1 0 0 0 1 0 1;1 0 0 0 0 0 0 0 0 1;1 1 1 1 1 1 1 1 1 1]
363,DFS,2.942422866821289,184,[1 1 1 1 0 0 0 0 0 0;1 0 0 1 1 1 1 1 1 1;1 0 0 3 0 2 0 2 0 1;1 0 0 0 1 5 2 0 0 1;1 0 1 1 1 1 1 2 3 1;1 0 0 1 0 0 1 0 0 1;1 3 1 1 1 1 1 1 0 1;1 3 1 1 0 0 0 1 0 1;1 0 0 0 0 0 0 0 0 1;1 1 1 1 1 1 1 1 1 1]
363,BFS,4.865443468093872,89,[1 1 1 1 0 0 0 0 0 0;1 0 0 1 1 1 1 1 1 1;1 0 0 3 0 2 0 2 0 1;1 0 0 0 1 5 2 0 0 1;1 0 1 1 1 1 1 2 3 1;1 0 0 1 0 0 1 0 0 1;1 3 1 1 1 1 1 1 0 1;1 3 1 1 0 0 0 1 0 1;1 0 0 0 0 0 0 0 0 1;1 1 1 1 1 1 1 1 1 1]
364,A*,2.2016375064849854,35,[1 1 1 1 1 1 0 0 0 0;1 5 0 3 0 1 0 0 0 0;1 0 2 2 0 1 0 0 0 0;1 1 0 3 1 1 0 0 0 0;1 0 0 2 0 1 0 0 0 0;1 3 0 0 1 1 0 0 0 0;1 0 0 2 0 1 0 0 0 0;1 0 1 3 1 1 1 0 0 0;1 0 0 0 0 0 1 0 0 0;1 1 1 1 1 1 1 0 0 0]
364,DFS,2.220327138900757,163,[1 1 1 1 1 1 0 0 0 0;1 5 0 3 0 1 0 0 0 0;1 0 2 2 0 1 0 0 0 0;1 1 0 3 1 1 0 0 0 0;1 0 0 2 0 1 0 0 0 0;1 3 0 0 1 1 0 0 0 0;1 0 0 2 0 1 0 0 0 0;1 0 1 3 1 1 1 0 0 0;1 0 0 0 0 0 1 0 0 0;1 1 1 1 1 1 1 0 0 0]
364,BFS,2.537109851837158,35,[1 1 1 1 1 1 0 0 0 0;1 5 0 3 0 1 0 0 0 0;1 0 2 2 0 1 0 0 0 0;1 1 0 3 1 1 0 0 0 0;1 0 0 2 0 1 0 0 0 0;1 3 0 0 1 1 0 0 0 0;1 0 0 2 0 1 0 0 0 0;1 0 1 3 1 1 1 0 0 0;1 0 0 0 0 0 1 0 0 0;1 1 1 1 1 1 1 0 0 0]
365,A*,4.791081190109253,83,[1 1 1 1 1 1 1 0 0 0;1 0 0 0 0 0 1 0 0 0;1 1 1 2 5 1 1 1 1 1;1 0 0 0 0 0 0 3 0 1;1 0 1 1 0 2 0 0 1 1;1 0 0 1 1 1 1 0 1 1;1 3 0 1 1 1 1 0 0 1;1 2 0 1 1 0 0 0 1 1;1 0 3 0 0 0 2 3 0 1;1 1 1 1 1 1 1 1 1 1]
365,DFS,1.6564924716949463,1145,[1 1 1 1 1 1 1 0 0 0;1 0 0 0 0 0 1 0 0 0;1 1 1 2 5 1 1 1 1 1;1 0 0 0 0 0 0 3 0 1;1 0 1 1 0 2 0 0 1 1;1 0 0 1 1 1 1 0 1 1;1 3 0 1 1 1 1 0 0 1;1 2 0 1 1 0 0 0 1 1;1 0 3 0 0 0 2 3 0 1;1 1 1 1 1 1 1 1 1 1]
365,BFS,2.8643240928649902,83,[1 1 1 1 1 1 1 0 0 0;1 0 0 0 0 0 1 0 0 0;1 1 1 2 5 1 1 1 1 1;1 0 0 0 0 0 0 3 0 1;1 0 1 1 0 2 0 0 1 1;1 0 0 1 1 1 1 0 1 1;1 3 0 1 1 1 1 0 0 1;1 2 0 1 1 0 0 0 1 1;1 0 3 0 0 0 2 3 0 1;1 1 1 1 1 1 1 1 1 1]
366,A*,16.5708646774292,73,[1 1 1 1 1 1 1 1 1 1;1 0 0 0 0 0 0 3 0 1;1 0 0 0 0 1 0 3 0 1;1 0 1 1 1 1 0 0 3 1;1 0 1 1 1 1 1 2 2 1;1 0 1 1 0 1 1 0 0 1;1 0 2 5 2 0 0 0 0 1;1 0 0 0 0 0 1 0 3 1;1 1 1 1 1 1 1 1 1 1;0 0 0 0 0 0 0 0 0 0]
366,DFS,8.524571895599365,3168,[1 1 1 1 1 1 1 1 1 1;1 0 0 0 0 0 0 3 0 1;1 0 0 0 0 1 0 3 0 1;1 0 1 1 1 1 0 0 3 1;1 0 1 1 1 1 1 2 2 1;1 0 1 1 0 1 1 0 0 1;1 0 2 5 2 0 0 0 0 1;1 0 0 0 0 0 1 0 3 1;1 1 1 1 1 1 1 1 1 1;0 0 0 0 0 0 0 0 0 0]
366,BFS,21.668057441711426,73,[1 1 1 1 1 1 1 1 1 1;1 0 0 0 0 0 0 3 0 1;1 0 0 0 0 1 0 3 0 1;1 0 1 1 1 1 0 0 3 1;1 0 1 1 1 1 1 2 2 1;1 0 1 1 0 1 1 0 0 1;1 0 2 5 2 0 0 0 0 1;1 0 0 0 0 0 1 0 3 1;1 1 1 1 1 1 1 1 1 1;0 0 0 0 0 0 0 0 0 0]
367,A*,1.6268301010131836,54,[1 1 1 1 1 1 0 0 0 0;1 0 0 0 0 1 0 0 0 0;1 3 1 2 0 1 0 0 0 0;1 0 3 0 3 1 0 0 0 0;1 0 2 0 0 1 0 0 0 0;1 0 0 1 1 1 0 0 0 0;1 0 1 1 1 1 1 0 0 0;1 2 2 0 0 3 1 0 0 0;1 0 0 0 5 1 1 0 0 0;1 1 1 1 1 1 0 0 0 0]
367,DFS,0.10702204704284668,138,[1 1 1 1 1 1 0 0 0 0;1 0 0 0 0 1 0 0 0 0;1 3 1 2 0 1 0 0 0 0;1 0 3 0 3 1 0 0 0 0;1 0 2 0 0 1 0 0 0 0;1 0 0 1 1 1 0 0 0 0;1 0 1 1 1 1 1 0 0 0;1 2 2 0 0 3 1 0 0 0;1 0 0 0 5 1 1 0 0 0;1 1 1 1 1 1 0 0 0 0]
367,BFS,0.9757030010223389,54,[1 1 1 1 1 1 0 0 0 0;1 0 0 0 0 1 0 0 0 0;1 3 1 2 0 1 0 0 0 0;1 0 3 0 3 1 0 0 0 0;1 0 2 0 0 1 0 0 0 0;1 0 0 1 1 1 0 0 0 0;1 0 1 1 1 1 1 0 0 0;1 2 2 0 0 3 1 0 0 0;1 0 0 0 5 1 1 0 0 0;1 1 1 1 1 1 0 0 0 0]
368,A*,9.662456035614014,45,[1 1 1 1 1 1 1 1 1 0;1 0 1 1 5 1 1 0 1 0;1 0 0 0 2 0 0 0 1 0;1 3 3 2 0 2 0 3 1 0;1 0 2 0 0 0 1 1 1 0;1 3 0 1 1 1 1 0 0 0;1 0 1 1 0 0 0 0 0 0;1 0 0 1 0 0 0 0 0 0;1 0 0 1 0 0 0 0 0 0;1 1 1 1 0 0 0 0 0 0]
368,DFS,3.208893299102783,273,[1 1 1 1 1 1 1 1 1 0;1 0 1 1 5 1 1 0 1 0;1 0 0 0 2 0 0 0 1 0;1 3 3 2 0 2 0 3 1 0;1 0 2 0 0 0 1 1 1 0;1 3 0 1 1 1 1 0 0 0;1 0 1 1 0 0 0 0 0 0;1 0 0 1 0 0 0 0 0 0;1 0 0 1 0 0 0 0 0 0;1 1 1 1 0 0 0 0 0 0]
368,BFS,11.695762157440186,45,[1 1 1 1 1 1 1 1 1 0;1 0 1 1 5 1 1 0 1 0;1 0 0 0 2 0 0 0 1 0;1 3 3 2 0 2 0 3 1 0;1 0 2 0 0 0 1 1 1 0;1 3 0 1 1 1 1 0 0 0;1 0 1 1 0 0 0 0 0 0;1 0 0 1 0 0 0 0 0 0;1 0 0 1 0 0 0 0 0 0;1 1 1 1 0 0 0 0 0 0]
369,A*,1.0707850456237793,35,[0 0 0 0 0 0 0 0 0 0;0 0 0 0 0 0 0 0 0 0;1 1 1 1 0 0 0 0 0 0;1 3 0 1 1 0 0 0 0 0;1 0 0 0 1 0 0 0 0 0;1 0 3 2 1 0 0 0 0 0;1 0 2 0 1 1 1 1 1 0;1 0 0 3 0 0 2 5 1 0;1 0 2 0 3 0 1 1 1 0;1 1 1 1 1 1 1 0 0 0]
369,DFS,0.733567476272583,305,[0 0 0 0 0 0 0 0 0 0;0 0 0 0 0 0 0 0 0 0;1 1 1 1 0 0 0 0 0 0;1 3 0 1 1 0 0 0 0 0;1 0 0 0 1 0 0 0 0 0;1 0 3 2 1 0 0 0 0 0;1 0 2 0 1 1 1 1 1 0;1 0 0 3 0 0 2 5 1 0;1 0 2 0 3 0 1 1 1 0;1 1 1 1 1 1 1 0 0 0]
369,BFS,0.7659497261047363,35,[0 0 0 0 0 0 0 0 0 0;0 0 0 0 0 0 0 0 0 0;1 1 1 1 0 0 0 0 0 0;1 3 0 1 1 0 0 0 0 0;1 0 0 0 1 0 0 0 0 0;1 0 3 2 1 0 0 0 0 0;1 0 2 0 1 1 1 1 1 0;1 0 0 3 0 0 2 5 1 0;1 0 2 0 3 0 1 1 1 0;1 1 1 1 1 1 1 0 0 0]
370,A*,3.7026684284210205,52,[1 1 1 1 1 1 1 1 0 0;1 0 0 0 0 0 0 1 0 0;1 1 0 0 2 0 1 1 0 0;0 1 1 1 1 0 1 1 0 0;0 0 0 1 1 3 0 1 0 0;0 0 1 1 3 0 1 1 0 0;1 1 1 0 0 3 1 1 0 0;1 0 2 0 0 2 0 1 1 1;1 0 3 0 0 0 0 2 5 1;1 1 1 1 1 1 1 1 1 1]
370,DFS,2.29358172416687,288,[1 1 1 1 1 1 1 1 0 0;1 0 0 0 0 0 0 1 0 0;1 1 0 0 2 0 1 1 0 0;0 1 1 1 1 0 1 1 0 0;0 0 0 1 1 3 0 1 0 0;0 0 1 1 3 0 1 1 0 0;1 1 1 0 0 3 1 1 0 0;1 0 2 0 0 2 0 1 1 1;1 0 3 0 0 0 0 2 5 1;1 1 1 1 1 1 1 1 1 1]
370,BFS,4.0791308879852295,52,[1 1 1 1 1 1 1 1 0 0;1 0 0 0 0 0 0 1 0 0;1 1 0 0 2 0 1 1 0 0;0 1 1 1 1 0 1 1 0 0;0 0 0 1 1 3 0 1 0 0;0 0 1 1 3 0 1 1 0 0;1 1 1 0 0 3 1 1 0 0;1 0 2 0 0 2 0 1 1 1;1 0 3 0 0 0 0 2 5 1;1 1 1 1 1 1 1 1 1 1]
371,A*,6.598726034164429,98,[1 1 1 1 1 1 1 1 1 0;1 3 0 1 0 0 0 0 1 0;1 0 0 0 2 2 2 5 1 0;1 3 0 1 0 0 2 1 1 0;1 0 1 1 1 1 0 0 1 0;1 3 0 0 0 0 0 0 1 0;1 3 1 1 0 1 1 1 1 0;1 0 1 1 1 1 0 0 0 0;1 0 1 0 0 0 0 0 0 0;1 1 1 0 0 0 0 0 0 0]
371,DFS,1.1718933582305908,140,[1 1 1 1 1 1 1 1 1 0;1 3 0 1 0 0 0 0 1 0;1 0 0 0 2 2 2 5 1 0;1 3 0 1 0 0 2 1 1 0;1 0 1 1 1 1 0 0 1 0;1 3 0 0 0 0 0 0 1 0;1 3 1 1 0 1 1 1 1 0;1 0 1 1 1 1 0 0 0 0;1 0 1 0 0 0 0 0 0 0;1 1 1 0 0 0 0 0 0 0]
371,BFS,3.9954280853271484,98,[1 1 1 1 1 1 1 1 1 0;1 3 0 1 0 0 0 0 1 0;1 0 0 0 2 2 2 5 1 0;1 3 0 1 0 0 2 1 1 0;1 0 1 1 1 1 0 0 1 0;1 3 0 0 0 0 0 0 1 0;1 3 1 1 0 1 1 1 1 0;1 0 1 1 1 1 0 0 0 0;1 0 1 0 0 0 0 0 0 0;1 1 1 0 0 0 0 0 0 0]
372,A*,13.018781423568726,45,[1 1 1 1 1 1 0 0 0 0;1 0 0 0 0 1 1 0 0 0;1 0 0 2 0 5 1 0 0 0;1 0 0 0 2 0 1 0 0 0;1 3 3 0 0 1 1 0 0 0;1 0 1 0 0 0 1 0 0 0;1 3 1 1 1 1 1 1 1 1;1 0 0 2 0 0 0 0 0 1;1 0 2 0 0 3 0 0 0 1;1 1 1 1 1 1 1 1 1 1]
372,DFS,9.65940809249878,3272,[1 1 1 1 1 1 0 0 0 0;1 0 0 0 0 1 1 0 0 0;1 0 0 2 0 5 1 0 0 0;1 0 0 0 2 0 1 0 0 0;1 3 3 0 0 1 1 0 0 0;1 0 1 0 0 0 1 0 0 0;1 3 1 1 1 1 1 1 1 1;1 0 0 2 0 0 0 0 0 1;1 0 2 0 0 3 0 0 0 1;1 1 1 1 1 1 1 1 1 1]
372,BFS,38.12346839904785,45,[1 1 1 1 1 1 0 0 0 0;1 0 0 0 0 1 1 0 0 0;1 0 0 2 0 5 1 0 0 0;1 0 0 0 2 0 1 0 0 0;1 3 3 0 0 1 1 0 0 0;1 0 1 0 0 0 1 0 0 0;1 3 1 1 1 1 1 1 1 1;1 0 0 2 0 0 0 0 0 1;1 0 2 0 0 3 0 0 0 1;1 1 1 1 1 1 1 1 1 1]
373,A*,15.650660514831543,74,[0 0 1 1 1 1 1 1 1 1;0 0 1 0 0 0 0 0 0 1;0 0 1 0 2 2 2 0 0 1;0 0 1 0 2 0 1 0 0 1;0 0 1 1 3 0 1 1 0 1;0 0 1 0 0 1 1 1 0 1;0 0 1 5 0 1 1 1 0 1;0 0 1 0 3 0 0 1 0 1;0 0 1 1 3 0 0 0 3 1;0 0 0 1 1 1 1 1 1 1]
373,DFS,4.933173894882202,372,[0 0 1 1 1 1 1 1 1 1;0 0 1 0 0 0 0 0 0 1;0 0 1 0 2 2 2 0 0 1;0 0 1 0 2 0 1 0 0 1;0 0 1 1 3 0 1 1 0 1;0 0 1 0 0 1 1 1 0 1;0 0 1 5 0 1 1 1 0 1;0 0 1 0 3 0 0 1 0 1;0 0 1 1 3 0 0 0 3 1;0 0 0 1 1 1 1 1 1 1]
373,BFS,28.24054265022278,74,[0 0 1 1 1 1 1 1 1 1;0 0 1 0 0 0 0 0 0 1;0 0 1 0 2 2 2 0 0 1;0 0 1 0 2 0 1 0 0 1;0 0 1 1 3 0 1 1 0 1;0 0 1 0 0 1 1 1 0 1;0 0 1 5 0 1 1 1 0 1;0 0 1 0 3 0 0 1 0 1;0 0 1 1 3 0 0 0 3 1;0 0 0 1 1 1 1 1 1 1]
374,A*,0.03548073768615723,20,[0 0 0 0 0 0 0 0 0 0;0 0 0 0 0 0 0 0 0 0;0 0 0 0 0 0 0 0 0 0;0 0 0 0 0 0 0 0 0 0;1 1 1 1 0 0 0 0 0 0;1 0 0 1 0 0 0 0 0 0;1 3 1 1 1 1 1 1 1 1;1 2 2 0 0 3 0 0 0 1;1 5 2 0 3 3 2 0 0 1;1 1 1 1 1 1 1 1 1 1]
374,DFS,0.03591108322143555,52,[0 0 0 0 0 0 0 0 0 0;0 0 0 0 0 0 0 0 0 0;0 0 0 0 0 0 0 0 0 0;0 0 0 0 0 0 0 0 0 0;1 1 1 1 0 0 0 0 0 0;1 0 0 1 0 0 0 0 0 0;1 3 1 1 1 1 1 1 1 1;1 2 2 0 0 3 0 0 0 1;1 5 2 0 3 3 2 0 0 1;1 1 1 1 1 1 1 1 1 1]
374,BFS,0.03465080261230469,20,[0 0 0 0 0 0 0 0 0 0;0 0 0 0 0 0 0 0 0 0;0 0 0 0 0 0 0 0 0 0;0 0 0 0 0 0 0 0 0 0;1 1 1 1 0 0 0 0 0 0;1 0 0 1 0 0 0 0 0 0;1 3 1 1 1 1 1 1 1 1;1 2 2 0 0 3 0 0 0 1;1 5 2 0 3 3 2 0 0 1;1 1 1 1 1 1 1 1 1 1]
375,A*,1.454728126525879,52,[1 1 1 0 0 0 0 0 0 0;1 0 1 1 0 0 0 0 0 0;1 0 0 1 1 1 0 1 1 1;1 0 0 1 3 1 1 1 0 1;1 0 1 1 0 0 0 0 0 1;1 0 0 1 0 2 0 0 3 1;1 0 1 1 1 1 1 3 0 1;1 0 1 1 1 0 1 2 2 1;1 0 3 0 0 0 0 2 5 1;1 1 1 1 1 1 1 1 1 1]
375,DFS,0.23398137092590332,106,[1 1 1 0 0 0 0 0 0 0;1 0 1 1 0 0 0 0 0 0;1 0 0 1 1 1 0 1 1 1;1 0 0 1 3 1 1 1 0 1;1 0 1 1 0 0 0 0 0 1;1 0 0 1 0 2 0 0 3 1;1 0 1 1 1 1 1 3 0 1;1 0 1 1 1 0 1 2 2 1;1 0 3 0 0 0 0 2 5 1;1 1 1 1 1 1 1 1 1 1]
375,BFS,0.6507554054260254,52,[1 1 1 0 0 0 0 0 0 0;1 0 1 1 0 0 0 0 0 0;1 0 0 1 1 1 0 1 1 1;1 0 0 1 3 1 1 1 0 1;1 0 1 1 0 0 0 0 0 1;1 0 0 1 0 2 0 0 3 1;1 0 1 1 1 1 1 3 0 1;1 0 1 1 1 0 1 2 2 1;1 0 3 0 0 0 0 2 5 1;1 1 1 1 1 1 1 1 1 1]
376,A*,22.448915719985962,66,[1 1 1 1 1 0 0 0 0 0;1 0 0 0 1 0 0 0 0 0;1 1 3 2 1 0 0 0 0 0;1 3 0 0 1 0 0 0 0 0;1 1 0 0 1 1 1 1 1 1;1 3 0 0 0 0 0 0 5 1;1 0 0 3 1 0 0 2 0 1;1 1 1 1 1 0 2 2 0 1;0 0 0 0 1 0 0 0 0 1;0 0 0 0 1 1 1 1 1 1]
376,DFS,4.05526065826416,264,[1 1 1 1 1 0 0 0 0 0;1 0 0 0 1 0 0 0 0 0;1 1 3 2 1 0 0 0 0 0;1 3 0 0 1 0 0 0 0 0;1 1 0 0 1 1 1 1 1 1;1 3 0 0 0 0 0 0 5 1;1 0 0 3 1 0 0 2 0 1;1 1 1 1 1 0 2 2 0 1;0 0 0 0 1 0 0 0 0 1;0 0 0 0 1 1 1 1 1 1]
376,BFS,40.48456525802612,66,[1 1 1 1 1 0 0 0 0 0;1 0 0 0 1 0 0 0 0 0;1 1 3 2 1 0 0 0 0 0;1 3 0 0 1 0 0 0 0 0;1 1 0 0 1 1 1 1 1 1;1 3 0 0 0 0 0 0 5 1;1 0 0 3 1 0 0 2 0 1;1 1 1 1 1 0 2 2 0 1;0 0 0 0 1 0 0 0 0 1;0 0 0 0 1 1 1 1 1 1]
377,A*,0.6996045112609863,34,[1 1 1 1 1 0 0 0 0 0;1 0 0 0 1 0 0 0 0 0;1 0 2 5 1 0 0 0 0 0;1 3 0 0 1 0 0 0 0 0;1 2 2 0 1 0 0 0 0 0;1 0 0 1 1 0 0 0 0 0;1 0 0 0 1 0 0 0 0 0;1 3 1 0 1 1 1 1 0 0;1 3 2 0 3 0 0 1 0 0;1 1 1 1 1 1 1 1 0 0]
377,DFS,0.11439752578735352,42,[1 1 1 1 1 0 0 0 0 0;1 0 0 0 1 0 0 0 0 0;1 0 2 5 1 0 0 0 0 0;1 3 0 0 1 0 0 0 0 0;1 2 2 0 1 0 0 0 0 0;1 0 0 1 1 0 0 0 0 0;1 0 0 0 1 0 0 0 0 0;1 3 1 0 1 1 1 1 0 0;1 3 2 0 3 0 0 1 0 0;1 1 1 1 1 1 1 1 0 0]
377,BFS,0.5157239437103271,34,[1 1 1 1 1 0 0 0 0 0;1 0 0 0 1 0 0 0 0 0;1 0 2 5 1 0 0 0 0 0;1 3 0 0 1 0 0 0 0 0;1 2 2 0 1 0 0 0 0 0;1 0 0 1 1 0 0 0 0 0;1 0 0 0 1 0 0 0 0 0;1 3 1 0 1 1 1 1 0 0;1 3 2 0 3 0 0 1 0 0;1 1 1 1 1 1 1 1 0 0]
378,A*,1.214087963104248,48,[1 1 1 1 1 1 0 0 0 0;1 0 3 0 0 1 0 0 0 0;1 2 1 2 0 1 0 0 0 0;1 0 3 0 3 1 1 0 0 0;1 0 2 1 0 0 1 0 0 0;1 3 0 1 0 1 1 0 0 0;1 0 2 1 0 0 1 0 0 0;1 0 0 0 5 1 1 0 0 0;1 0 1 1 0 1 0 0 0 0;1 1 1 1 1 1 0 0 0 0]
378,DFS,1.4819695949554443,331,[1 1 1 1 1 1 0 0 0 0;1 0 3 0 0 1 0 0 0 0;1 2 1 2 0 1 0 0 0 0;1 0 3 0 3 1 1 0 0 0;1 0 2 1 0 0 1 0 0 0;1 3 0 1 0 1 1 0 0 0;1 0 2 1 0 0 1 0 0 0;1 0 0 0 5 1 1 0 0 0;1 0 1 1 0 1 0 0 0 0;1 1 1 1 1 1 0 0 0 0]
378,BFS,1.3511569499969482,48,[1 1 1 1 1 1 0 0 0 0;1 0 3 0 0 1 0 0 0 0;1 2 1 2 0 1 0 0 0 0;1 0 3 0 3 1 1 0 0 0;1 0 2 1 0 0 1 0 0 0;1 3 0 1 0 1 1 0 0 0;1 0 2 1 0 0 1 0 0 0;1 0 0 0 5 1 1 0 0 0;1 0 1 1 0 1 0 0 0 0;1 1 1 1 1 1 0 0 0 0]
379,A*,2.871577262878418,73,[1 1 1 1 1 1 1 1 0 0;1 0 0 0 3 5 0 1 0 0;1 0 2 2 0 0 1 1 0 0;1 3 0 1 1 1 1 0 0 0;1 0 2 1 1 1 0 0 0 0;1 0 2 3 0 1 0 0 0 0;1 3 0 0 1 1 0 0 0 0;1 0 1 1 1 0 0 0 0 0;1 0 0 1 0 0 0 0 0 0;1 1 1 1 0 0 0 0 0 0]
379,DFS,0.41182422637939453,211,[1 1 1 1 1 1 1 1 0 0;1 0 0 0 3 5 0 1 0 0;1 0 2 2 0 0 1 1 0 0;1 3 0 1 1 1 1 0 0 0;1 0 2 1 1 1 0 0 0 0;1 0 2 3 0 1 0 0 0 0;1 3 0 0 1 1 0 0 0 0;1 0 1 1 1 0 0 0 0 0;1 0 0 1 0 0 0 0 0 0;1 1 1 1 0 0 0 0 0 0]
379,BFS,1.4421641826629639,73,[1 1 1 1 1 1 1 1 0 0;1 0 0 0 3 5 0 1 0 0;1 0 2 2 0 0 1 1 0 0;1 3 0 1 1 1 1 0 0 0;1 0 2 1 1 1 0 0 0 0;1 0 2 3 0 1 0 0 0 0;1 3 0 0 1 1 0 0 0 0;1 0 1 1 1 0 0 0 0 0;1 0 0 1 0 0 0 0 0 0;1 1 1 1 0 0 0 0 0 0]
380,A*,6.93426251411438,48,[1 1 1 1 1 1 1 1 1 0;1 0 0 0 0 0 3 0 1 0;1 0 3 0 0 2 0 0 1 1;1 1 1 0 3 1 0 2 3 1;0 1 1 0 0 1 0 0 0 1;0 1 0 2 1 1 1 1 1 1;0 1 0 0 1 0 0 0 0 0;1 1 0 2 1 1 0 0 0 0;1 0 0 5 0 1 0 0 0 0;1 1 1 1 1 1 0 0 0 0]
380,DFS,5.845142364501953,2558,[1 1 1 1 1 1 1 1 1 0;1 0 0 0 0 0 3 0 1 0;1 0 3 0 0 2 0 0 1 1;1 1 1 0 3 1 0 2 3 1;0 1 1 0 0 1 0 0 0 1;0 1 0 2 1 1 1 1 1 1;0 1 0 0 1 0 0 0 0 0;1 1 0 2 1 1 0 0 0 0;1 0 0 5 0 1 0 0 0 0;1 1 1 1 1 1 0 0 0 0]
380,BFS,17.37039828300476,48,[1 1 1 1 1 1 1 1 1 0;1 0 0 0 0 0 3 0 1 0;1 0 3 0 0 2 0 0 1 1;1 1 1 0 3 1 0 2 3 1;0 1 1 0 0 1 0 0 0 1;0 1 0 2 1 1 1 1 1 1;0 1 0 0 1 0 0 0 0 0;1 1 0 2 1 1 0 0 0 0;1 0 0 5 0 1 0 0 0 0;1 1 1 1 1 1 0 0 0 0]
381,A*,3.9196200370788574,49,[1 1 1 1 1 0 0 0 0 0;1 0 0 0 1 0 0 0 0 0;1 3 2 0 1 0 0 0 0 0;1 0 0 1 1 1 1 1 1 0;1 3 2 0 0 0 2 5 1 0;1 0 0 0 3 0 1 1 1 0;1 0 2 1 1 1 1 0 0 0;1 3 0 1 0 0 0 0 0 0;1 1 1 1 0 0 0 0 0 0;0 0 0 0 0 0 0 0 0 0]
381,DFS,1.4144737720489502,129,[1 1 1 1 1 0 0 0 0 0;1 0 0 0 1 0 0 0 0 0;1 3 2 0 1 0 0 0 0 0;1 0 0 1 1 1 1 1 1 0;1 3 2 0 0 0 2 5 1 0;1 0 0 0 3 0 1 1 1 0;1 0 2 1 1 1 1 0 0 0;1 3 0 1 0 0 0 0 0 0;1 1 1 1 0 0 0 0 0 0;0 0 0 0 0 0 0 0 0 0]
381,BFS,2.908191442489624,49,[1 1 1 1 1 0 0 0 0 0;1 0 0 0 1 0 0 0 0 0;1 3 2 0 1 0 0 0 0 0;1 0 0 1 1 1 1 1 1 0;1 3 2 0 0 0 2 5 1 0;1 0 0 0 3 0 1 1 1 0;1 0 2 1 1 1 1 0 0 0;1 3 0 1 0 0 0 0 0 0;1 1 1 1 0 0 0 0 0 0;0 0 0 0 0 0 0 0 0 0]
382,A*,8.021036624908447,63,[0 0 0 0 0 0 0 0 0 0;0 0 1 1 1 1 0 0 0 0;0 1 1 0 0 1 1 1 0 0;1 1 0 0 2 2 0 1 1 1;1 0 0 3 2 3 0 0 0 1;1 0 3 0 1 0 3 0 1 1;1 0 0 1 1 1 2 1 1 0;1 0 0 0 1 1 5 1 0 0;1 0 0 1 1 1 1 1 0 0;1 1 1 1 0 0 0 0 0 0]
382,DFS,5.673578977584839,491,[0 0 0 0 0 0 0 0 0 0;0 0 1 1 1 1 0 0 0 0;0 1 1 0 0 1 1 1 0 0;1 1 0 0 2 2 0 1 1 1;1 0 0 3 2 3 0 0 0 1;1 0 3 0 1 0 3 0 1 1;1 0 0 1 1 1 2 1 1 0;1 0 0 0 1 1 5 1 0 0;1 0 0 1 1 1 1 1 0 0;1 1 1 1 0 0 0 0 0 0]
382,BFS,10.458111047744751,63,[0 0 0 0 0 0 0 0 0 0;0 0 1 1 1 1 0 0 0 0;0 1 1 0 0 1 1 1 0 0;1 1 0 0 2 2 0 1 1 1;1 0 0 3 2 3 0 0 0 1;1 0 3 0 1 0 3 0 1 1;1 0 0 1 1 1 2 1 1 0;1 0 0 0 1 1 5 1 0 0;1 0 0 1 1 1 1 1 0 0;1 1 1 1 0 0 0 0 0 0]
383,A*,0.3202707767486572,25,[0 0 0 0 0 0 1 1 1 1;0 0 0 0 1 1 1 0 0 1;0 0 0 0 1 3 0 2 3 1;0 0 0 0 1 0 0 0 0 1;0 0 0 0 1 1 0 2 2 1;0 0 0 0 0 1 3 2 5 1;0 0 0 0 0 1 0 3 1 1;0 0 0 0 0 1 1 0 1 0;0 0 0 0 0 0 1 1 1 0;0 0 0 0 0 0 0 0 0 0]
383,DFS,0.1988201141357422,53,[0 0 0 0 0 0 1 1 1 1;0 0 0 0 1 1 1 0 0 1;0 0 0 0 1 3 0 2 3 1;0 0 0 0 1 0 0 0 0 1;0 0 0 0 1 1 0 2 2 1;0 0 0 0 0 1 3 2 5 1;0 0 0 0 0 1 0 3 1 1;0 0 0 0 0 1 1 0 1 0;0 0 0 0 0 0 1 1 1 0;0 0 0 0 0 0 0 0 0 0]
383,BFS,0.15270757675170898,25,[0 0 0 0 0 0 1 1 1 1;0 0 0 0 1 1 1 0 0 1;0 0 0 0 1 3 0 2 3 1;0 0 0 0 1 0 0 0 0 1;0 0 0 0 1 1 0 2 2 1;0 0 0 0 0 1 3 2 5 1;0 0 0 0 0 1 0 3 1 1;0 0 0 0 0 1 1 0 1 0;0 0 0 0 0 0 1 1 1 0;0 0 0 0 0 0 0 0 0 0]
384,A*,5.5116963386535645,43,[0 0 0 0 0 0 0 1 1 1;0 0 0 0 0 0 1 1 0 1;0 0 1 1 1 0 1 0 0 1;1 1 1 0 1 1 1 2 0 1;1 0 2 0 0 0 0 3 0 1;1 0 2 3 0 3 0 0 0 1;1 0 1 1 1 1 1 3 0 1;1 5 1 0 0 0 1 2 0 1;1 1 1 0 0 0 1 0 0 1;0 0 0 0 0 0 1 1 1 1]
384,DFS,7.450947046279907,1132,[0 0 0 0 0 0 0 1 1 1;0 0 0 0 0 0 1 1 0 1;0 0 1 1 1 0 1 0 0 1;1 1 1 0 1 1 1 2 0 1;1 0 2 0 0 0 0 3 0 1;1 0 2 3 0 3 0 0 0 1;1 0 1 1 1 1 1 3 0 1;1 5 1 0 0 0 1 2 0 1;1 1 1 0 0 0 1 0 0 1;0 0 0 0 0 0 1 1 1 1]
384,BFS,11.831345796585083,43,[0 0 0 0 0 0 0 1 1 1;0 0 0 0 0 0 1 1 0 1;0 0 1 1 1 0 1 0 0 1;1 1 1 0 1 1 1 2 0 1;1 0 2 0 0 0 0 3 0 1;1 0 2 3 0 3 0 0 0 1;1 0 1 1 1 1 1 3 0 1;1 5 1 0 0 0 1 2 0 1;1 1 1 0 0 0 1 0 0 1;0 0 0 0 0 0 1 1 1 1]
385,A*,0.32198238372802734,37,[0 0 1 1 1 1 0 0 0 0;1 1 1 0 0 1 1 0 0 0;1 0 0 3 2 5 1 0 0 0;1 0 2 2 0 1 1 0 0 0;1 3 0 2 0 1 0 0 0 0;1 3 3 1 0 1 0 0 0 0;1 0 1 1 1 1 0 0 0 0;1 0 1 1 0 0 0 0 0 0;1 0 0 1 0 0 0 0 0 0;1 1 1 1 0 0 0 0 0 0]
385,DFS,0.3452181816101074,59,[0 0 1 1 1 1 0 0 0 0;1 1 1 0 0 1 1 0 0 0;1 0 0 3 2 5 1 0 0 0;1 0 2 2 0 1 1 0 0 0;1 3 0 2 0 1 0 0 0 0;1 3 3 1 0 1 0 0 0 0;1 0 1 1 1 1 0 0 0 0;1 0 1 1 0 0 0 0 0 0;1 0 0 1 0 0 0 0 0 0;1 1 1 1 0 0 0 0 0 0]
385,BFS,0.1873021125793457,37,[0 0 1 1 1 1 0 0 0 0;1 1 1 0 0 1 1 0 0 0;1 0 0 3 2 5 1 0 0 0;1 0 2 2 0 1 1 0 0 0;1 3 0 2 0 1 0 0 0 0;1 3 3 1 0 1 0 0 0 0;1 0 1 1 1 1 0 0 0 0;1 0 1 1 0 0 0 0 0 0;1 0 0 1 0 0 0 0 0 0;1 1 1 1 0 0 0 0 0 0]
386,A*,2.569946765899658,97,[0 0 0 0 0 0 0 1 1 1;0 0 0 1 1 1 1 1 0 1;0 0 0 1 0 3 0 0 3 1;0 0 0 1 0 3 1 0 0 1;0 0 0 1 0 2 1 0 0 1;0 0 0 1 1 5 2 2 0 1;0 0 0 0 1 1 1 0 0 1;0 0 0 0 0 0 1 2 3 1;0 0 0 0 0 0 1 0 0 1;0 0 0 0 0 0 1 1 1 1]
386,DFS,0.8252298831939697,594,[0 0 0 0 0 0 0 1 1 1;0 0 0 1 1 1 1 1 0 1;0 0 0 1 0 3 0 0 3 1;0 0 0 1 0 3 1 0 0 1;0 0 0 1 0 2 1 0 0 1;0 0 0 1 1 5 2 2 0 1;0 0 0 0 1 1 1 0 0 1;0 0 0 0 0 0 1 2 3 1;0 0 0 0 0 0 1 0 0 1;0 0 0 0 0 0 1 1 1 1]
386,BFS,1.1346583366394043,97,[0 0 0 0 0 0 0 1 1 1;0 0 0 1 1 1 1 1 0 1;0 0 0 1 0 3 0 0 3 1;0 0 0 1 0 3 1 0 0 1;0 0 0 1 0 2 1 0 0 1;0 0 0 1 1 5 2 2 0 1;0 0 0 0 1 1 1 0 0 1;0 0 0 0 0 0 1 2 3 1;0 0 0 0 0 0 1 0 0 1;0 0 0 0 0 0 1 1 1 1]
387,A*,4.3670477867126465,80,[0 0 0 0 0 0 0 0 0 0;0 0 0 0 0 0 0 0 0 0;1 1 1 0 0 0 0 0 0 0;1 0 1 1 0 0 1 1 1 1;1 3 0 1 0 0 1 0 5 1;1 0 2 1 1 1 1 2 0 1;1 0 2 0 0 3 0 2 0 1;1 0 0 0 0 0 3 1 3 1;1 0 0 0 1 1 1 1 1 1;1 1 1 1 1 0 0 0 0 0]
387,DFS,1.2070517539978027,208,[0 0 0 0 0 0 0 0 0 0;0 0 0 0 0 0 0 0 0 0;1 1 1 0 0 0 0 0 0 0;1 0 1 1 0 0 1 1 1 1;1 3 0 1 0 0 1 0 5 1;1 0 2 1 1 1 1 2 0 1;1 0 2 0 0 3 0 2 0 1;1 0 0 0 0 0 3 1 3 1;1 0 0 0 1 1 1 1 1 1;1 1 1 1 1 0 0 0 0 0]
387,BFS,2.986481189727783,80,[0 0 0 0 0 0 0 0 0 0;0 0 0 0 0 0 0 0 0 0;1 1 1 0 0 0 0 0 0 0;1 0 1 1 0 0 1 1 1 1;1 3 0 1 0 0 1 0 5 1;1 0 2 1 1 1 1 2 0 1;1 0 2 0 0 3 0 2 0 1;1 0 0 0 0 0 3 1 3 1;1 0 0 0 1 1 1 1 1 1;1 1 1 1 1 0 0 0 0 0]
388,A*,6.126478910446167,56,[0 0 0 0 0 0 0 0 0 0;0 0 0 0 0 0 0 0 0 0;1 1 1 1 0 0 0 0 0 0;1 0 0 1 1 1 1 1 0 0;1 0 1 0 0 0 0 1 0 0;1 0 1 1 0 3 1 1 0 0;1 0 2 5 2 0 0 1 0 0;1 0 2 3 3 2 1 1 0 0;1 3 0 0 0 0 0 1 0 0;1 1 1 1 1 1 1 1 0 0]
388,DFS,1.7371242046356201,210,[0 0 0 0 0 0 0 0 0 0;0 0 0 0 0 0 0 0 0 0;1 1 1 1 0 0 0 0 0 0;1 0 0 1 1 1 1 1 0 0;1 0 1 0 0 0 0 1 0 0;1 0 1 1 0 3 1 1 0 0;1 0 2 5 2 0 0 1 0 0;1 0 2 3 3 2 1 1 0 0;1 3 0 0 0 0 0 1 0 0;1 1 1 1 1 1 1 1 0 0]
388,BFS,4.623948812484741,56,[0 0 0 0 0 0 0 0 0 0;0 0 0 0 0 0 0 0 0 0;1 1 1 1 0 0 0 0 0 0;1 0 0 1 1 1 1 1 0 0;1 0 1 0 0 0 0 1 0 0;1 0 1 1 0 3 1 1 0 0;1 0 2 5 2 0 0 1 0 0;1 0 2 3 3 2 1 1 0 0;1 3 0 0 0 0 0 1 0 0;1 1 1 1 1 1 1 1 0 0]
389,A*,5.806613445281982,51,[0 0 0 0 0 0 0 1 1 1;0 0 0 0 0 0 0 1 3 1;0 0 0 0 0 0 1 1 0 1;0 1 1 1 1 0 1 0 0 1;1 1 5 3 1 1 1 0 0 1;1 0 2 2 2 0 0 3 0 1;1 0 3 0 0 1 0 2 0 1;1 0 0 1 1 1 1 0 0 1;1 0 1 1 0 0 1 0 0 1;1 1 1 0 0 0 1 1 1 1]
389,DFS,1.8371474742889404,251,[0 0 0 0 0 0 0 1 1 1;0 0 0 0 0 0 0 1 3 1;0 0 0 0 0 0 1 1 0 1;0 1 1 1 1 0 1 0 0 1;1 1 5 3 1 1 1 0 0 1;1 0 2 2 2 0 0 3 0 1;1 0 3 0 0 1 0 2 0 1;1 0 0 1 1 1 1 0 0 1;1 0 1 1 0 0 1 0 0 1;1 1 1 0 0 0 1 1 1 1]
389,BFS,5.5293638706207275,51,[0 0 0 0 0 0 0 1 1 1;0 0 0 0 0 0 0 1 3 1;0 0 0 0 0 0 1 1 0 1;0 1 1 1 1 0 1 0 0 1;1 1 5 3 1 1 1 0 0 1;1 0 2 2 2 0 0 3 0 1;1 0 3 0 0 1 0 2 0 1;1 0 0 1 1 1 1 0 0 1;1 0 1 1 0 0 1 0 0 1;1 1 1 0 0 0 1 1 1 1]
390,A*,0.5362257957458496,39,[0 0 1 1 1 1 1 1 0 0;1 1 1 0 3 2 0 1 1 0;1 0 1 1 0 0 0 0 1 0;1 0 3 2 3 1 0 1 1 0;1 0 2 0 0 1 0 1 0 0;1 0 0 1 1 1 1 1 0 0;1 0 3 0 1 0 0 0 0 0;1 0 2 1 1 1 0 0 0 0;1 0 5 0 0 1 0 0 0 0;1 1 1 1 1 1 0 0 0 0]
390,DFS,0.4457838535308838,78,[0 0 1 1 1 1 1 1 0 0;1 1 1 0 3 2 0 1 1 0;1 0 1 1 0 0 0 0 1 0;1 0 3 2 3 1 0 1 1 0;1 0 2 0 0 1 0 1 0 0;1 0 0 1 1 1 1 1 0 0;1 0 3 0 1 0 0 0 0 0;1 0 2 1 1 1 0 0 0 0;1 0 5 0 0 1 0 0 0 0;1 1 1 1 1 1 0 0 0 0]
390,BFS,0.3167119026184082,39,[0 0 1 1 1 1 1 1 0 0;1 1 1 0 3 2 0 1 1 0;1 0 1 1 0 0 0 0 1 0;1 0 3 2 3 1 0 1 1 0;1 0 2 0 0 1 0 1 0 0;1 0 0 1 1 1 1 1 0 0;1 0 3 0 1 0 0 0 0 0;1 0 2 1 1 1 0 0 0 0;1 0 5 0 0 1 0 0 0 0;1 1 1 1 1 1 0 0 0 0]
391,A*,0.05554986000061035,18,[0 0 0 0 0 0 0 0 0 0;0 0 0 0 0 0 0 0 0 0;1 1 1 1 1 1 1 1 1 1;1 3 0 0 0 0 0 0 0 1;1 0 3 2 1 1 0 0 1 1;1 0 2 0 1 1 1 1 1 0;1 5 2 0 1 0 0 0 0 0;1 0 2 0 1 0 0 0 0 0;1 0 3 3 1 0 0 0 0 0;1 1 1 1 1 0 0 0 0 0]
391,DFS,0.7147994041442871,50,[0 0 0 0 0 0 0 0 0 0;0 0 0 0 0 0 0 0 0 0;1 1 1 1 1 1 1 1 1 1;1 3 0 0 0 0 0 0 0 1;1 0 3 2 1 1 0 0 1 1;1 0 2 0 1 1 1 1 1 0;1 5 2 0 1 0 0 0 0 0;1 0 2 0 1 0 0 0 0 0;1 0 3 3 1 0 0 0 0 0;1 1 1 1 1 0 0 0 0 0]
391,BFS,0.11429262161254883,18,[0 0 0 0 0 0 0 0 0 0;0 0 0 0 0 0 0 0 0 0;1 1 1 1 1 1 1 1 1 1;1 3 0 0 0 0 0 0 0 1;1 0 3 2 1 1 0 0 1 1;1 0 2 0 1 1 1 1 1 0;1 5 2 0 1 0 0 0 0 0;1 0 2 0 1 0 0 0 0 0;1 0 3 3 1 0 0 0 0 0;1 1 1 1 1 0 0 0 0 0]
392,A*,2.9454593658447266,54,[0 0 0 0 1 1 1 1 1 1;0 0 0 0 1 0 0 0 0 1;0 0 0 0 1 0 2 2 0 1;0 0 0 0 1 1 5 3 0 1;0 0 0 0 0 1 0 3 1 1;0 0 0 0 0 1 0 2 1 1;0 0 0 0 0 1 3 0 3 1;0 0 0 0 1 1 1 2 0 1;0 0 0 0 1 0 0 0 0 1;0 0 0 0 1 1 1 1 1 1]
392,DFS,0.6956264972686768,130,[0 0 0 0 1 1 1 1 1 1;0 0 0 0 1 0 0 0 0 1;0 0 0 0 1 0 2 2 0 1;0 0 0 0 1 1 5 3 0 1;0 0 0 0 0 1 0 3 1 1;0 0 0 0 0 1 0 2 1 1;0 0 0 0 0 1 3 0 3 1;0 0 0 0 1 1 1 2 0 1;0 0 0 0 1 0 0 0 0 1;0 0 0 0 1 1 1 1 1 1]
392,BFS,1.5534515380859375,54,[0 0 0 0 1 1 1 1 1 1;0 0 0 0 1 0 0 0 0 1;0 0 0 0 1 0 2 2 0 1;0 0 0 0 1 1 5 3 0 1;0 0 0 0 0 1 0 3 1 1;0 0 0 0 0 1 0 2 1 1;0 0 0 0 0 1 3 0 3 1;0 0 0 0 1 1 1 2 0 1;0 0 0 0 1 0 0 0 0 1;0 0 0 0 1 1 1 1 1 1]
393,A*,1.644423007965088,45,[0 0 0 0 0 1 1 1 0 0;0 0 0 0 0 1 5 1 1 1;0 0 0 0 1 1 2 0 0 1;0 0 0 0 1 0 0 2 0 1;0 0 0 0 1 0 0 1 0 1;0 0 0 1 1 0 2 2 3 1;0 0 0 1 0 3 0 0 0 1;0 0 0 1 1 0 3 3 0 1;0 0 0 0 1 0 0 0 0 1;0 0 0 0 1 1 1 1 1 1]
393,DFS,2.2451303005218506,3095,[0 0 0 0 0 1 1 1 0 0;0 0 0 0 0 1 5 1 1 1;0 0 0 0 1 1 2 0 0 1;0 0 0 0 1 0 0 2 0 1;0 0 0 0 1 0 0 1 0 1;0 0 0 1 1 0 2 2 3 1;0 0 0 1 0 3 0 0 0 1;0 0 0 1 1 0 3 3 0 1;0 0 0 0 1 0 0 0 0 1;0 0 0 0 1 1 1 1 1 1]
393,BFS,5.138364553451538,45,[0 0 0 0 0 1 1 1 0 0;0 0 0 0 0 1 5 1 1 1;0 0 0 0 1 1 2 0 0 1;0 0 0 0 1 0 0 2 0 1;0 0 0 0 1 0 0 1 0 1;0 0 0 1 1 0 2 2 3 1;0 0 0 1 0 3 0 0 0 1;0 0 0 1 1 0 3 3 0 1;0 0 0 0 1 0 0 0 0 1;0 0 0 0 1 1 1 1 1 1]
394,A*,90.6085090637207,79,[0 1 1 1 1 1 1 1 1 1;0 1 0 0 0 0 0 0 0 1;0 1 0 2 0 2 0 2 1 1;1 1 1 3 0 1 1 0 1 1;1 0 1 0 1 1 0 0 3 1;1 0 2 0 1 1 1 0 0 1;1 0 0 0 0 0 3 5 0 1;1 1 1 1 0 0 3 0 0 1;0 0 0 1 1 1 0 0 0 1;0 0 0 0 0 1 1 1 1 1]
394,DFS,56.37163686752319,2810,[0 1 1 1 1 1 1 1 1 1;0 1 0 0 0 0 0 0 0 1;0 1 0 2 0 2 0 2 1 1;1 1 1 3 0 1 1 0 1 1;1 0 1 0 1 1 0 0 3 1;1 0 2 0 1 1 1 0 0 1;1 0 0 0 0 0 3 5 0 1;1 1 1 1 0 0 3 0 0 1;0 0 0 1 1 1 0 0 0 1;0 0 0 0 0 1 1 1 1 1]
394,BFS,1657.225103855133,79,[0 1 1 1 1 1 1 1 1 1;0 1 0 0 0 0 0 0 0 1;0 1 0 2 0 2 0 2 1 1;1 1 1 3 0 1 1 0 1 1;1 0 1 0 1 1 0 0 3 1;1 0 2 0 1 1 1 0 0 1;1 0 0 0 0 0 3 5 0 1;1 1 1 1 0 0 3 0 0 1;0 0 0 1 1 1 0 0 0 1;0 0 0 0 0 1 1 1 1 1]
395,A*,67.03881359100342,88,[0 0 0 0 0 1 1 1 0 0;0 0 0 0 0 1 5 1 1 0;1 1 1 0 1 1 0 0 1 1;1 0 1 1 1 0 0 2 0 1;1 0 3 0 2 0 2 0 0 1;1 0 0 1 0 2 0 0 0 1;1 0 1 1 1 0 1 0 1 1;1 0 0 0 3 0 3 0 1 0;1 0 0 1 0 0 0 3 1 0;1 1 1 1 1 1 1 1 1 0]
395,DFS,15.852697134017944,2586,[0 0 0 0 0 1 1 1 0 0;0 0 0 0 0 1 5 1 1 0;1 1 1 0 1 1 0 0 1 1;1 0 1 1 1 0 0 2 0 1;1 0 3 0 2 0 2 0 0 1;1 0 0 1 0 2 0 0 0 1;1 0 1 1 1 0 1 0 1 1;1 0 0 0 3 0 3 0 1 0;1 0 0 1 0 0 0 3 1 0;1 1 1 1 1 1 1 1 1 0]
395,BFS,115.01539778709412,88,[0 0 0 0 0 1 1 1 0 0;0 0 0 0 0 1 5 1 1 0;1 1 1 0 1 1 0 0 1 1;1 0 1 1 1 0 0 2 0 1;1 0 3 0 2 0 2 0 0 1;1 0 0 1 0 2 0 0 0 1;1 0 1 1 1 0 1 0 1 1;1 0 0 0 3 0 3 0 1 0;1 0 0 1 0 0 0 3 1 0;1 1 1 1 1 1 1 1 1 0]
396,A*,4.64012598991394,41,[0 1 1 1 1 1 1 1 0 0;0 1 0 0 0 0 3 1 0 0;0 1 1 0 2 2 0 1 0 0;1 1 1 1 0 3 0 1 0 0;1 0 0 1 0 0 0 1 0 0;1 0 2 1 1 2 0 1 1 0;1 0 0 1 1 0 0 0 1 0;1 3 0 0 0 5 0 1 1 0;1 0 0 1 1 0 3 0 1 0;1 1 1 1 1 1 1 1 1 0]
396,DFS,4.100011825561523,381,[0 1 1 1 1 1 1 1 0 0;0 1 0 0 0 0 3 1 0 0;0 1 1 0 2 2 0 1 0 0;1 1 1 1 0 3 0 1 0 0;1 0 0 1 0 0 0 1 0 0;1 0 2 1 1 2 0 1 1 0;1 0 0 1 1 0 0 0 1 0;1 3 0 0 0 5 0 1 1 0;1 0 0 1 1 0 3 0 1 0;1 1 1 1 1 1 1 1 1 0]
396,BFS,20.163060426712036,41,[0 1 1 1 1 1 1 1 0 0;0 1 0 0 0 0 3 1 0 0;0 1 1 0 2 2 0 1 0 0;1 1 1 1 0 3 0 1 0 0;1 0 0 1 0 0 0 1 0 0;1 0 2 1 1 2 0 1 1 0;1 0 0 1 1 0 0 0 1 0;1 3 0 0 0 5 0 1 1 0;1 0 0 1 1 0 3 0 1 0;1 1 1 1 1 1 1 1 1 0]
397,A*,0.41188526153564453,43,[0 0 0 0 0 0 0 0 0 0;0 0 0 0 0 0 0 0 0 0;0 0 0 1 1 1 1 0 0 0;0 1 1 1 3 5 1 0 0 0;0 1 3 0 2 0 1 0 0 0;0 1 2 0 2 0 1 0 0 0;1 1 0 0 1 1 1 1 1 1;1 0 2 0 1 0 1 1 0 1;1 0 3 0 0 3 0 0 0 1;1 1 1 1 1 1 1 1 1 1]
397,DFS,0.3805558681488037,55,[0 0 0 0 0 0 0 0 0 0;0 0 0 0 0 0 0 0 0 0;0 0 0 1 1 1 1 0 0 0;0 1 1 1 3 5 1 0 0 0;0 1 3 0 2 0 1 0 0 0;0 1 2 0 2 0 1 0 0 0;1 1 0 0 1 1 1 1 1 1;1 0 2 0 1 0 1 1 0 1;1 0 3 0 0 3 0 0 0 1;1 1 1 1 1 1 1 1 1 1]
397,BFS,0.22565317153930664,43,[0 0 0 0 0 0 0 0 0 0;0 0 0 0 0 0 0 0 0 0;0 0 0 1 1 1 1 0 0 0;0 1 1 1 3 5 1 0 0 0;0 1 3 0 2 0 1 0 0 0;0 1 2 0 2 0 1 0 0 0;1 1 0 0 1 1 1 1 1 1;1 0 2 0 1 0 1 1 0 1;1 0 3 0 0 3 0 0 0 1;1 1 1 1 1 1 1 1 1 1]
398,A*,35.42451572418213,68,[1 1 1 1 1 1 1 1 0 0;1 0 3 0 0 0 0 1 0 0;1 0 2 0 1 2 1 1 1 1;1 0 1 0 0 0 2 0 0 1;1 0 1 1 3 5 3 0 0 1;1 0 0 1 1 1 1 0 0 1;1 0 1 1 0 1 1 0 0 1;1 0 0 1 1 1 0 2 0 1;1 0 3 0 0 0 0 0 0 1;1 1 1 1 1 1 1 1 1 1]
398,DFS,18.02504301071167,1292,[1 1 1 1 1 1 1 1 0 0;1 0 3 0 0 0 0 1 0 0;1 0 2 0 1 2 1 1 1 1;1 0 1 0 0 0 2 0 0 1;1 0 1 1 3 5 3 0 0 1;1 0 0 1 1 1 1 0 0 1;1 0 1 1 0 1 1 0 0 1;1 0 0 1 1 1 0 2 0 1;1 0 3 0 0 0 0 0 0 1;1 1 1 1 1 1 1 1 1 1]
398,BFS,97.68032240867615,68,[1 1 1 1 1 1 1 1 0 0;1 0 3 0 0 0 0 1 0 0;1 0 2 0 1 2 1 1 1 1;1 0 1 0 0 0 2 0 0 1;1 0 1 1 3 5 3 0 0 1;1 0 0 1 1 1 1 0 0 1;1 0 1 1 0 1 1 0 0 1;1 0 0 1 1 1 0 2 0 1;1 0 3 0 0 0 0 0 0 1;1 1 1 1 1 1 1 1 1 1]
399,A*,2.954824447631836,58,[0 0 0 0 0 0 0 1 1 1;0 0 0 0 0 0 0 1 5 1;0 0 0 0 1 1 1 1 2 1;0 0 0 0 1 0 1 0 0 1;0 0 0 0 1 0 0 3 0 1;0 0 0 0 1 0 2 3 0 1;0 0 0 0 1 1 3 0 0 1;0 0 0 0 0 1 2 2 3 1;0 0 0 0 0 1 0 0 0 1;0 0 0 0 0 1 1 1 1 1]
399,DFS,0.9682626724243164,108,[0 0 0 0 0 0 0 1 1 1;0 0 0 0 0 0 0 1 5 1;0 0 0 0 1 1 1 1 2 1;0 0 0 0 1 0 1 0 0 1;0 0 0 0 1 0 0 3 0 1;0 0 0 0 1 0 2 3 0 1;0 0 0 0 1 1 3 0 0 1;0 0 0 0 0 1 2 2 3 1;0 0 0 0 0 1 0 0 0 1;0 0 0 0 0 1 1 1 1 1]
399,BFS,1.4282443523406982,58,[0 0 0 0 0 0 0 1 1 1;0 0 0 0 0 0 0 1 5 1;0 0 0 0 1 1 1 1 2 1;0 0 0 0 1 0 1 0 0 1;0 0 0 0 1 0 0 3 0 1;0 0 0 0 1 0 2 3 0 1;0 0 0 0 1 1 3 0 0 1;0 0 0 0 0 1 2 2 3 1;0 0 0 0 0 1 0 0 0 1;0 0 0 0 0 1 1 1 1 1]
400,A*,31.10131001472473,66,[0 0 1 1 1 1 1 0 0 0;0 0 1 0 0 0 1 0 0 0;0 0 1 1 0 0 1 1 1 1;0 0 1 5 2 0 1 0 0 1;0 0 1 0 0 0 1 2 0 1;0 1 1 1 3 0 1 0 0 1;1 1 0 0 0 1 1 2 0 1;1 0 0 0 0 2 3 3 3 1;1 1 0 1 0 0 0 0 0 1;0 1 1 1 1 1 1 1 1 1]
400,DFS,18.122951984405518,1497,[0 0 1 1 1 1 1 0 0 0;0 0 1 0 0 0 1 0 0 0;0 0 1 1 0 0 1 1 1 1;0 0 1 5 2 0 1 0 0 1;0 0 1 0 0 0 1 2 0 1;0 1 1 1 3 0 1 0 0 1;1 1 0 0 0 1 1 2 0 1;1 0 0 0 0 2 3 3 3 1;1 1 0 1 0 0 0 0 0 1;0 1 1 1 1 1 1 1 1 1]
400,BFS,105.85935139656067,66,[0 0 1 1 1 1 1 0 0 0;0 0 1 0 0 0 1 0 0 0;0 0 1 1 0 0 1 1 1 1;0 0 1 5 2 0 1 0 0 1;0 0 1 0 0 0 1 2 0 1;0 1 1 1 3 0 1 0 0 1;1 1 0 0 0 1 1 2 0 1;1 0 0 0 0 2 3 3 3 1;1 1 0 1 0 0 0 0 0 1;0 1 1 1 1 1 1 1 1 1]
401,A*,3.9092109203338623,63,[0 0 0 0 0 0 0 1 1 1;0 0 0 0 0 0 1 1 0 1;0 0 0 1 1 1 1 3 0 1;0 0 0 1 5 2 3 2 0 1;0 0 0 1 1 0 0 0 0 1;0 1 1 1 1 1 1 2 3 1;1 1 0 1 1 1 1 0 0 1;1 0 0 0 0 0 1 2 0 1;1 0 0 0 0 3 0 0 0 1;1 1 1 1 1 1 1 1 1 1]
401,DFS,1.5261225700378418,667,[0 0 0 0 0 0 0 1 1 1;0 0 0 0 0 0 1 1 0 1;0 0 0 1 1 1 1 3 0 1;0 0 0 1 5 2 3 2 0 1;0 0 0 1 1 0 0 0 0 1;0 1 1 1 1 1 1 2 3 1;1 1 0 1 1 1 1 0 0 1;1 0 0 0 0 0 1 2 0 1;1 0 0 0 0 3 0 0 0 1;1 1 1 1 1 1 1 1 1 1]
401,BFS,2.9799551963806152,63,[0 0 0 0 0 0 0 1 1 1;0 0 0 0 0 0 1 1 0 1;0 0 0 1 1 1 1 3 0 1;0 0 0 1 5 2 3 2 0 1;0 0 0 1 1 0 0 0 0 1;0 1 1 1 1 1 1 2 3 1;1 1 0 1 1 1 1 0 0 1;1 0 0 0 0 0 1 2 0 1;1 0 0 0 0 3 0 0 0 1;1 1 1 1 1 1 1 1 1 1]
402,A*,4.130367994308472,51,[0 0 0 0 0 0 0 0 0 0;1 1 1 1 1 1 1 1 0 0;1 0 1 0 3 1 0 1 0 0;1 0 0 0 0 3 0 1 0 0;1 0 2 0 3 2 0 1 0 0;1 0 1 1 0 0 0 1 0 0;1 0 1 1 1 0 1 1 0 0;1 0 0 0 2 2 1 0 0 0;1 3 0 0 1 5 1 0 0 0;1 1 1 1 1 1 1 0 0 0]
402,DFS,2.945850372314453,298,[0 0 0 0 0 0 0 0 0 0;1 1 1 1 1 1 1 1 0 0;1 0 1 0 3 1 0 1 0 0;1 0 0 0 0 3 0 1 0 0;1 0 2 0 3 2 0 1 0 0;1 0 1 1 0 0 0 1 0 0;1 0 1 1 1 0 1 1 0 0;1 0 0 0 2 2 1 0 0 0;1 3 0 0 1 5 1 0 0 0;1 1 1 1 1 1 1 0 0 0]
402,BFS,5.922752857208252,51,[0 0 0 0 0 0 0 0 0 0;1 1 1 1 1 1 1 1 0 0;1 0 1 0 3 1 0 1 0 0;1 0 0 0 0 3 0 1 0 0;1 0 2 0 3 2 0 1 0 0;1 0 1 1 0 0 0 1 0 0;1 0 1 1 1 0 1 1 0 0;1 0 0 0 2 2 1 0 0 0;1 3 0 0 1 5 1 0 0 0;1 1 1 1 1 1 1 0 0 0]
403,A*,4.065134048461914,47,[1 1 1 0 0 0 0 0 0 0;1 0 1 1 0 0 0 0 0 0;1 0 0 1 0 0 0 0 0 0;1 0 1 1 1 0 0 0 0 0;1 0 0 0 1 1 1 1 1 0;1 2 3 0 0 0 2 5 1 0;1 0 2 0 1 3 0 1 1 0;1 3 0 1 1 2 0 1 0 0;1 0 0 0 3 0 0 1 0 0;1 1 1 1 1 1 1 1 0 0]
403,DFS,1.9635398387908936,219,[1 1 1 0 0 0 0 0 0 0;1 0 1 1 0 0 0 0 0 0;1 0 0 1 0 0 0 0 0 0;1 0 1 1 1 0 0 0 0 0;1 0 0 0 1 1 1 1 1 0;1 2 3 0 0 0 2 5 1 0;1 0 2 0 1 3 0 1 1 0;1 3 0 1 1 2 0 1 0 0;1 0 0 0 3 0 0 1 0 0;1 1 1 1 1 1 1 1 0 0]
403,BFS,3.834972858428955,47,[1 1 1 0 0 0 0 0 0 0;1 0 1 1 0 0 0 0 0 0;1 0 0 1 0 0 0 0 0 0;1 0 1 1 1 0 0 0 0 0;1 0 0 0 1 1 1 1 1 0;1 2 3 0 0 0 2 5 1 0;1 0 2 0 1 3 0 1 1 0;1 3 0 1 1 2 0 1 0 0;1 0 0 0 3 0 0 1 0 0;1 1 1 1 1 1 1 1 0 0]
404,A*,1.5421597957611084,67,[0 0 0 0 0 0 0 1 1 1;0 0 0 0 0 1 1 1 0 1;1 1 1 0 1 1 0 0 0 1;1 3 1 0 1 0 0 0 0 1;1 0 1 1 1 0 3 1 0 1;1 3 0 1 1 0 0 1 1 1;1 0 2 1 1 0 3 1 0 0;1 0 0 0 2 2 2 1 0 0;1 0 0 1 1 0 5 1 0 0;1 1 1 1 1 1 1 1 0 0]
404,DFS,0.2628285884857178,207,[0 0 0 0 0 0 0 1 1 1;0 0 0 0 0 1 1 1 0 1;1 1 1 0 1 1 0 0 0 1;1 3 1 0 1 0 0 0 0 1;1 0 1 1 1 0 3 1 0 1;1 3 0 1 1 0 0 1 1 1;1 0 2 1 1 0 3 1 0 0;1 0 0 0 2 2 2 1 0 0;1 0 0 1 1 0 5 1 0 0;1 1 1 1 1 1 1 1 0 0]
404,BFS,0.6741178035736084,67,[0 0 0 0 0 0 0 1 1 1;0 0 0 0 0 1 1 1 0 1;1 1 1 0 1 1 0 0 0 1;1 3 1 0 1 0 0 0 0 1;1 0 1 1 1 0 3 1 0 1;1 3 0 1 1 0 0 1 1 1;1 0 2 1 1 0 3 1 0 0;1 0 0 0 2 2 2 1 0 0;1 0 0 1 1 0 5 1 0 0;1 1 1 1 1 1 1 1 0 0]
405,A*,28.396349906921387,67,[0 0 0 0 1 1 1 1 1 0;0 0 0 0 1 0 0 0 1 0;0 1 1 1 1 0 0 0 1 1;0 1 0 1 1 1 1 0 0 1;0 1 0 0 0 1 1 0 0 1;0 1 3 0 0 1 0 0 1 1;1 1 3 1 0 2 3 0 1 0;1 0 3 2 2 5 2 0 1 1;1 0 0 0 0 0 0 0 0 1;1 1 1 1 1 1 1 1 1 1]
405,DFS,8.611584424972534,432,[0 0 0 0 1 1 1 1 1 0;0 0 0 0 1 0 0 0 1 0;0 1 1 1 1 0 0 0 1 1;0 1 0 1 1 1 1 0 0 1;0 1 0 0 0 1 1 0 0 1;0 1 3 0 0 1 0 0 1 1;1 1 3 1 0 2 3 0 1 0;1 0 3 2 2 5 2 0 1 1;1 0 0 0 0 0 0 0 0 1;1 1 1 1 1 1 1 1 1 1]
405,BFS,50.605292558670044,67,[0 0 0 0 1 1 1 1 1 0;0 0 0 0 1 0 0 0 1 0;0 1 1 1 1 0 0 0 1 1;0 1 0 1 1 1 1 0 0 1;0 1 0 0 0 1 1 0 0 1;0 1 3 0 0 1 0 0 1 1;1 1 3 1 0 2 3 0 1 0;1 0 3 2 2 5 2 0 1 1;1 0 0 0 0 0 0 0 0 1;1 1 1 1 1 1 1 1 1 1]
406,A*,25.487016677856445,63,[0 0 0 0 0 0 0 0 0 0;0 0 1 1 1 0 0 0 0 0;1 1 1 0 1 1 1 1 1 1;1 0 3 0 5 3 0 0 0 1;1 0 2 0 0 0 0 2 0 1;1 1 0 1 1 1 1 1 1 1;1 0 0 0 0 0 0 0 1 0;1 0 2 1 0 2 3 0 1 1;1 0 0 0 3 0 0 0 0 1;1 1 1 1 1 1 1 1 1 1]
406,DFS,22.176239490509033,1813,[0 0 0 0 0 0 0 0 0 0;0 0 1 1 1 0 0 0 0 0;1 1 1 0 1 1 1 1 1 1;1 0 3 0 5 3 0 0 0 1;1 0 2 0 0 0 0 2 0 1;1 1 0 1 1 1 1 1 1 1;1 0 0 0 0 0 0 0 1 0;1 0 2 1 0 2 3 0 1 1;1 0 0 0 3 0 0 0 0 1;1 1 1 1 1 1 1 1 1 1]
406,BFS,73.23054647445679,63,[0 0 0 0 0 0 0 0 0 0;0 0 1 1 1 0 0 0 0 0;1 1 1 0 1 1 1 1 1 1;1 0 3 0 5 3 0 0 0 1;1 0 2 0 0 0 0 2 0 1;1 1 0 1 1 1 1 1 1 1;1 0 0 0 0 0 0 0 1 0;1 0 2 1 0 2 3 0 1 1;1 0 0 0 3 0 0 0 0 1;1 1 1 1 1 1 1 1 1 1]
407,A*,8.480478048324585,61,[1 1 1 1 1 1 1 1 0 0;1 0 3 0 0 3 0 1 0 0;1 0 2 0 3 0 0 1 0 0;1 1 1 0 0 1 1 1 0 0;0 0 1 0 0 1 0 0 0 0;0 0 1 2 3 1 1 0 0 0;0 0 1 0 0 0 1 1 1 0;0 1 1 2 2 1 0 0 1 1;0 1 5 0 0 0 0 0 0 1;0 1 1 1 1 1 1 1 1 1]
407,DFS,4.5677268505096436,1016,[1 1 1 1 1 1 1 1 0 0;1 0 3 0 0 3 0 1 0 0;1 0 2 0 3 0 0 1 0 0;1 1 1 0 0 1 1 1 0 0;0 0 1 0 0 1 0 0 0 0;0 0 1 2 3 1 1 0 0 0;0 0 1 0 0 0 1 1 1 0;0 1 1 2 2 1 0 0 1 1;0 1 5 0 0 0 0 0 0 1;0 1 1 1 1 1 1 1 1 1]
407,BFS,10.580995321273804,61,[1 1 1 1 1 1 1 1 0 0;1 0 3 0 0 3 0 1 0 0;1 0 2 0 3 0 0 1 0 0;1 1 1 0 0 1 1 1 0 0;0 0 1 0 0 1 0 0 0 0;0 0 1 2 3 1 1 0 0 0;0 0 1 0 0 0 1 1 1 0;0 1 1 2 2 1 0 0 1 1;0 1 5 0 0 0 0 0 0 1;0 1 1 1 1 1 1 1 1 1]
408,A*,1.0311129093170166,52,[1 1 1 0 0 0 0 0 0 0;1 5 1 1 0 0 0 0 0 0;1 2 0 1 1 1 1 0 0 0;1 0 0 1 1 0 1 0 0 0;1 0 2 3 0 0 1 0 0 0;1 0 3 0 2 0 1 0 0 0;1 0 0 1 1 1 1 1 1 0;1 0 1 0 2 0 3 0 1 1;1 3 0 0 0 0 0 0 0 1;1 1 1 1 1 1 1 1 1 1]
408,DFS,0.6239156723022461,108,[1 1 1 0 0 0 0 0 0 0;1 5 1 1 0 0 0 0 0 0;1 2 0 1 1 1 1 0 0 0;1 0 0 1 1 0 1 0 0 0;1 0 2 3 0 0 1 0 0 0;1 0 3 0 2 0 1 0 0 0;1 0 0 1 1 1 1 1 1 0;1 0 1 0 2 0 3 0 1 1;1 3 0 0 0 0 0 0 0 1;1 1 1 1 1 1 1 1 1 1]
408,BFS,0.6949355602264404,52,[1 1 1 0 0 0 0 0 0 0;1 5 1 1 0 0 0 0 0 0;1 2 0 1 1 1 1 0 0 0;1 0 0 1 1 0 1 0 0 0;1 0 2 3 0 0 1 0 0 0;1 0 3 0 2 0 1 0 0 0;1 0 0 1 1 1 1 1 1 0;1 0 1 0 2 0 3 0 1 1;1 3 0 0 0 0 0 0 0 1;1 1 1 1 1 1 1 1 1 1]
409,A*,0.9802188873291016,36,[0 0 0 0 0 0 0 0 0 0;0 0 0 0 0 0 0 0 0 0;0 0 0 0 0 0 0 1 1 1;0 0 0 0 0 0 1 1 0 1;0 0 0 0 0 1 1 3 0 1;0 0 0 0 1 1 5 2 0 1;0 0 0 0 1 0 2 2 3 1;0 0 0 1 1 3 2 0 0 1;0 0 0 1 0 0 3 0 0 1;0 0 0 1 1 1 1 1 1 1]
409,DFS,0.27298498153686523,42,[0 0 0 0 0 0 0 0 0 0;0 0 0 0 0 0 0 0 0 0;0 0 0 0 0 0 0 1 1 1;0 0 0 0 0 0 1 1 0 1;0 0 0 0 0 1 1 3 0 1;0 0 0 0 1 1 5 2 0 1;0 0 0 0 1 0 2 2 3 1;0 0 0 1 1 3 2 0 0 1;0 0 0 1 0 0 3 0 0 1;0 0 0 1 1 1 1 1 1 1]
409,BFS,0.4216492176055908,36,[0 0 0 0 0 0 0 0 0 0;0 0 0 0 0 0 0 0 0 0;0 0 0 0 0 0 0 1 1 1;0 0 0 0 0 0 1 1 0 1;0 0 0 0 0 1 1 3 0 1;0 0 0 0 1 1 5 2 0 1;0 0 0 0 1 0 2 2 3 1;0 0 0 1 1 3 2 0 0 1;0 0 0 1 0 0 3 0 0 1;0 0 0 1 1 1 1 1 1 1]
410,A*,110.4648540019989,72,[0 1 1 1 0 0 0 0 0 0;1 1 0 1 1 1 1 1 1 1;1 0 0 0 0 0 0 0 0 1;1 0 0 0 0 3 2 0 0 1;1 0 0 1 1 1 1 3 0 1;1 3 1 1 0 1 1 2 0 1;1 5 1 1 1 1 0 3 0 1;1 0 0 2 0 0 2 0 0 1;1 0 1 1 0 0 0 0 0 1;1 1 1 1 1 1 1 1 1 1]
410,DFS,66.26655602455139,4990,[0 1 1 1 0 0 0 0 0 0;1 1 0 1 1 1 1 1 1 1;1 0 0 0 0 0 0 0 0 1;1 0 0 0 0 3 2 0 0 1;1 0 0 1 1 1 1 3 0 1;1 3 1 1 0 1 1 2 0 1;1 5 1 1 1 1 0 3 0 1;1 0 0 2 0 0 2 0 0 1;1 0 1 1 0 0 0 0 0 1;1 1 1 1 1 1 1 1 1 1]
410,BFS,2118.147876739502,72,[0 1 1 1 0 0 0 0 0 0;1 1 0 1 1 1 1 1 1 1;1 0 0 0 0 0 0 0 0 1;1 0 0 0 0 3 2 0 0 1;1 0 0 1 1 1 1 3 0 1;1 3 1 1 0 1 1 2 0 1;1 5 1 1 1 1 0 3 0 1;1 0 0 2 0 0 2 0 0 1;1 0 1 1 0 0 0 0 0 1;1 1 1 1 1 1 1 1 1 1]
411,A*,16.951348066329956,67,[0 0 1 1 1 1 0 0 0 0;0 0 1 0 0 1 1 1 1 0;0 0 1 0 2 2 0 0 1 0;1 1 1 0 0 1 0 1 1 0;1 0 2 0 2 3 0 1 1 0;1 3 0 3 0 1 0 0 1 0;1 3 1 0 0 0 0 1 1 0;1 0 0 1 1 0 0 1 0 0;1 0 0 0 0 0 5 1 0 0;1 1 1 1 1 1 1 1 0 0]
411,DFS,6.344106674194336,2181,[0 0 1 1 1 1 0 0 0 0;0 0 1 0 0 1 1 1 1 0;0 0 1 0 2 2 0 0 1 0;1 1 1 0 0 1 0 1 1 0;1 0 2 0 2 3 0 1 1 0;1 3 0 3 0 1 0 0 1 0;1 3 1 0 0 0 0 1 1 0;1 0 0 1 1 0 0 1 0 0;1 0 0 0 0 0 5 1 0 0;1 1 1 1 1 1 1 1 0 0]
411,BFS,23.01184368133545,67,[0 0 1 1 1 1 0 0 0 0;0 0 1 0 0 1 1 1 1 0;0 0 1 0 2 2 0 0 1 0;1 1 1 0 0 1 0 1 1 0;1 0 2 0 2 3 0 1 1 0;1 3 0 3 0 1 0 0 1 0;1 3 1 0 0 0 0 1 1 0;1 0 0 1 1 0 0 1 0 0;1 0 0 0 0 0 5 1 0 0;1 1 1 1 1 1 1 1 0 0]
412,A*,6.259092092514038,46,[1 1 1 1 1 1 1 1 1 1;1 0 0 3 0 0 0 0 0 1;1 0 2 0 0 2 1 0 0 1;1 0 1 1 0 3 1 1 1 1;1 3 2 0 0 3 0 2 5 1;1 0 0 1 0 0 0 1 1 1;1 1 1 1 1 1 1 1 0 0;0 0 0 0 0 0 0 0 0 0;0 0 0 0 0 0 0 0 0 0;0 0 0 0 0 0 0 0 0 0]
412,DFS,3.855903387069702,218,[1 1 1 1 1 1 1 1 1 1;1 0 0 3 0 0 0 0 0 1;1 0 2 0 0 2 1 0 0 1;1 0 1 1 0 3 1 1 1 1;1 3 2 0 0 3 0 2 5 1;1 0 0 1 0 0 0 1 1 1;1 1 1 1 1 1 1 1 0 0;0 0 0 0 0 0 0 0 0 0;0 0 0 0 0 0 0 0 0 0;0 0 0 0 0 0 0 0 0 0]
412,BFS,9.462799787521362,46,[1 1 1 1 1 1 1 1 1 1;1 0 0 3 0 0 0 0 0 1;1 0 2 0 0 2 1 0 0 1;1 0 1 1 0 3 1 1 1 1;1 3 2 0 0 3 0 2 5 1;1 0 0 1 0 0 0 1 1 1;1 1 1 1 1 1 1 1 0 0;0 0 0 0 0 0 0 0 0 0;0 0 0 0 0 0 0 0 0 0;0 0 0 0 0 0 0 0 0 0]
413,A*,2.593559980392456,44,[0 0 0 0 1 1 1 1 1 0;0 0 0 0 1 0 0 0 1 0;0 0 0 0 1 3 2 0 1 0;0 0 1 1 1 2 0 3 1 1;0 0 1 0 0 0 3 2 0 1;0 0 1 1 0 0 3 0 1 1;0 0 0 1 1 1 2 0 1 0;0 0 0 0 0 1 5 1 1 0;0 0 0 0 0 1 1 1 0 0;0 0 0 0 0 0 0 0 0 0]
413,DFS,0.7806622982025146,58,[0 0 0 0 1 1 1 1 1 0;0 0 0 0 1 0 0 0 1 0;0 0 0 0 1 3 2 0 1 0;0 0 1 1 1 2 0 3 1 1;0 0 1 0 0 0 3 2 0 1;0 0 1 1 0 0 3 0 1 1;0 0 0 1 1 1 2 0 1 0;0 0 0 0 0 1 5 1 1 0;0 0 0 0 0 1 1 1 0 0;0 0 0 0 0 0 0 0 0 0]
413,BFS,1.3444714546203613,44,[0 0 0 0 1 1 1 1 1 0;0 0 0 0 1 0 0 0 1 0;0 0 0 0 1 3 2 0 1 0;0 0 1 1 1 2 0 3 1 1;0 0 1 0 0 0 3 2 0 1;0 0 1 1 0 0 3 0 1 1;0 0 0 1 1 1 2 0 1 0;0 0 0 0 0 1 5 1 1 0;0 0 0 0 0 1 1 1 0 0;0 0 0 0 0 0 0 0 0 0]
414,A*,25.471898078918457,67,[0 0 0 0 0 0 0 0 0 0;1 1 1 1 1 1 0 0 0 0;1 0 0 0 0 1 0 0 0 0;1 0 2 2 1 1 0 0 0 0;1 0 0 0 0 1 1 0 0 0;1 1 0 0 3 0 1 0 0 0;1 0 0 0 0 2 1 1 1 1;1 5 0 1 0 0 2 0 0 1;1 1 3 1 0 0 3 3 0 1;0 1 1 1 1 1 1 1 1 1]
414,DFS,0.6477010250091553,186,[0 0 0 0 0 0 0 0 0 0;1 1 1 1 1 1 0 0 0 0;1 0 0 0 0 1 0 0 0 0;1 0 2 2 1 1 0 0 0 0;1 0 0 0 0 1 1 0 0 0;1 1 0 0 3 0 1 0 0 0;1 0 0 0 0 2 1 1 1 1;1 5 0 1 0 0 2 0 0 1;1 1 3 1 0 0 3 3 0 1;0 1 1 1 1 1 1 1 1 1]
414,BFS,44.92173480987549,67,[0 0 0 0 0 0 0 0 0 0;1 1 1 1 1 1 0 0 0 0;1 0 0 0 0 1 0 0 0 0;1 0 2 2 1 1 0 0 0 0;1 0 0 0 0 1 1 0 0 0;1 1 0 0 3 0 1 0 0 0;1 0 0 0 0 2 1 1 1 1;1 5 0 1 0 0 2 0 0 1;1 1 3 1 0 0 3 3 0 1;0 1 1 1 1 1 1 1 1 1]
415,A*,9.747958660125732,62,[0 0 1 1 1 0 0 0 0 0;0 0 1 0 1 0 0 0 0 0;0 1 1 0 1 1 1 1 0 0;1 1 0 0 1 3 3 1 0 0;1 0 2 3 0 0 5 1 0 0;1 0 0 2 0 2 0 1 1 1;1 1 1 0 1 1 0 0 0 1;1 1 0 2 3 0 1 0 0 1;1 0 0 0 0 0 0 0 1 1;1 1 1 1 1 1 1 1 1 0]
415,DFS,5.5018932819366455,786,[0 0 1 1 1 0 0 0 0 0;0 0 1 0 1 0 0 0 0 0;0 1 1 0 1 1 1 1 0 0;1 1 0 0 1 3 3 1 0 0;1 0 2 3 0 0 5 1 0 0;1 0 0 2 0 2 0 1 1 1;1 1 1 0 1 1 0 0 0 1;1 1 0 2 3 0 1 0 0 1;1 0 0 0 0 0 0 0 1 1;1 1 1 1 1 1 1 1 1 0]
415,BFS,16.71203923225403,62,[0 0 1 1 1 0 0 0 0 0;0 0 1 0 1 0 0 0 0 0;0 1 1 0 1 1 1 1 0 0;1 1 0 0 1 3 3 1 0 0;1 0 2 3 0 0 5 1 0 0;1 0 0 2 0 2 0 1 1 1;1 1 1 0 1 1 0 0 0 1;1 1 0 2 3 0 1 0 0 1;1 0 0 0 0 0 0 0 1 1;1 1 1 1 1 1 1 1 1 0]
416,A*,5.399880647659302,104,[0 0 0 1 1 1 1 1 1 1;0 0 0 1 3 0 0 0 0 1;0 0 0 1 0 0 3 0 0 1;0 0 0 1 1 0 1 1 3 1;0 0 0 1 0 2 0 0 3 1;0 0 0 1 0 2 1 2 0 1;0 0 0 1 0 5 1 0 0 1;0 0 0 1 1 1 1 2 0 1;0 0 0 0 0 0 1 0 0 1;0 0 0 0 0 0 1 1 1 1]
416,DFS,1.177795648574829,716,[0 0 0 1 1 1 1 1 1 1;0 0 0 1 3 0 0 0 0 1;0 0 0 1 0 0 3 0 0 1;0 0 0 1 1 0 1 1 3 1;0 0 0 1 0 2 0 0 3 1;0 0 0 1 0 2 1 2 0 1;0 0 0 1 0 5 1 0 0 1;0 0 0 1 1 1 1 2 0 1;0 0 0 0 0 0 1 0 0 1;0 0 0 0 0 0 1 1 1 1]
416,BFS,3.0759148597717285,104,[0 0 0 1 1 1 1 1 1 1;0 0 0 1 3 0 0 0 0 1;0 0 0 1 0 0 3 0 0 1;0 0 0 1 1 0 1 1 3 1;0 0 0 1 0 2 0 0 3 1;0 0 0 1 0 2 1 2 0 1;0 0 0 1 0 5 1 0 0 1;0 0 0 1 1 1 1 2 0 1;0 0 0 0 0 0 1 0 0 1;0 0 0 0 0 0 1 1 1 1]
417,A*,2.0132017135620117,57,[0 0 0 0 0 0 0 0 0 0;0 0 0 0 0 0 0 0 0 0;1 1 1 0 0 0 0 0 0 0;1 0 1 1 0 0 0 0 0 0;1 0 3 1 1 1 1 0 0 0;1 0 0 5 0 0 1 1 1 1;1 1 0 2 0 2 0 0 0 1;0 1 1 1 2 3 0 3 0 1;0 0 0 1 3 0 2 0 0 1;0 0 0 1 1 1 1 1 1 1]
417,DFS,0.6091301441192627,325,[0 0 0 0 0 0 0 0 0 0;0 0 0 0 0 0 0 0 0 0;1 1 1 0 0 0 0 0 0 0;1 0 1 1 0 0 0 0 0 0;1 0 3 1 1 1 1 0 0 0;1 0 0 5 0 0 1 1 1 1;1 1 0 2 0 2 0 0 0 1;0 1 1 1 2 3 0 3 0 1;0 0 0 1 3 0 2 0 0 1;0 0 0 1 1 1 1 1 1 1]
417,BFS,1.0592849254608154,57,[0 0 0 0 0 0 0 0 0 0;0 0 0 0 0 0 0 0 0 0;1 1 1 0 0 0 0 0 0 0;1 0 1 1 0 0 0 0 0 0;1 0 3 1 1 1 1 0 0 0;1 0 0 5 0 0 1 1 1 1;1 1 0 2 0 2 0 0 0 1;0 1 1 1 2 3 0 3 0 1;0 0 0 1 3 0 2 0 0 1;0 0 0 1 1 1 1 1 1 1]
418,A*,15.449984788894653,58,[1 1 1 0 1 1 1 0 0 0;1 0 1 1 1 3 1 1 1 0;1 0 0 0 0 0 0 5 1 0;1 0 2 1 0 2 1 1 1 0;1 0 0 1 0 2 3 1 0 0;1 0 1 0 0 0 0 1 0 0;1 0 1 0 0 0 1 1 0 0;1 0 2 0 3 0 1 0 0 0;1 0 0 0 3 0 1 0 0 0;1 1 1 1 1 1 1 0 0 0]
418,DFS,8.92397928237915,1043,[1 1 1 0 1 1 1 0 0 0;1 0 1 1 1 3 1 1 1 0;1 0 0 0 0 0 0 5 1 0;1 0 2 1 0 2 1 1 1 0;1 0 0 1 0 2 3 1 0 0;1 0 1 0 0 0 0 1 0 0;1 0 1 0 0 0 1 1 0 0;1 0 2 0 3 0 1 0 0 0;1 0 0 0 3 0 1 0 0 0;1 1 1 1 1 1 1 0 0 0]
418,BFS,48.72502064704895,58,[1 1 1 0 1 1 1 0 0 0;1 0 1 1 1 3 1 1 1 0;1 0 0 0 0 0 0 5 1 0;1 0 2 1 0 2 1 1 1 0;1 0 0 1 0 2 3 1 0 0;1 0 1 0 0 0 0 1 0 0;1 0 1 0 0 0 1 1 0 0;1 0 2 0 3 0 1 0 0 0;1 0 0 0 3 0 1 0 0 0;1 1 1 1 1 1 1 0 0 0]
419,A*,1.3734312057495117,61,[0 0 0 0 0 0 0 0 0 0;0 0 0 0 0 0 0 0 0 0;0 0 1 1 1 1 1 0 0 0;1 1 1 5 0 3 1 0 0 0;1 0 1 1 2 2 1 0 0 0;1 0 0 0 0 0 1 0 0 0;1 0 2 1 3 1 1 0 0 0;1 0 3 0 2 0 1 0 0 0;1 0 0 0 3 0 1 0 0 0;1 1 1 1 1 1 1 0 0 0]
419,DFS,0.3123190402984619,153,[0 0 0 0 0 0 0 0 0 0;0 0 0 0 0 0 0 0 0 0;0 0 1 1 1 1 1 0 0 0;1 1 1 5 0 3 1 0 0 0;1 0 1 1 2 2 1 0 0 0;1 0 0 0 0 0 1 0 0 0;1 0 2 1 3 1 1 0 0 0;1 0 3 0 2 0 1 0 0 0;1 0 0 0 3 0 1 0 0 0;1 1 1 1 1 1 1 0 0 0]
419,BFS,0.6888017654418945,61,[0 0 0 0 0 0 0 0 0 0;0 0 0 0 0 0 0 0 0 0;0 0 1 1 1 1 1 0 0 0;1 1 1 5 0 3 1 0 0 0;1 0 1 1 2 2 1 0 0 0;1 0 0 0 0 0 1 0 0 0;1 0 2 1 3 1 1 0 0 0;1 0 3 0 2 0 1 0 0 0;1 0 0 0 3 0 1 0 0 0;1 1 1 1 1 1 1 0 0 0]
420,A*,2.562128782272339,51,[0 0 0 0 1 1 1 1 1 1;1 1 1 1 1 0 0 0 0 1;1 0 0 0 0 0 0 3 0 1;1 1 0 2 0 0 0 0 0 1;0 1 1 1 1 1 1 0 3 1;0 0 0 0 0 1 1 1 0 1;1 1 1 1 1 1 0 2 0 1;1 5 2 0 3 0 0 0 0 1;1 1 0 2 3 0 0 0 1 1;0 1 1 1 1 1 1 1 1 0]
420,DFS,3.247875690460205,318,[0 0 0 0 1 1 1 1 1 1;1 1 1 1 1 0 0 0 0 1;1 0 0 0 0 0 0 3 0 1;1 1 0 2 0 0 0 0 0 1;0 1 1 1 1 1 1 0 3 1;0 0 0 0 0 1 1 1 0 1;1 1 1 1 1 1 0 2 0 1;1 5 2 0 3 0 0 0 0 1;1 1 0 2 3 0 0 0 1 1;0 1 1 1 1 1 1 1 1 0]
420,BFS,4.424428939819336,51,[0 0 0 0 1 1 1 1 1 1;1 1 1 1 1 0 0 0 0 1;1 0 0 0 0 0 0 3 0 1;1 1 0 2 0 0 0 0 0 1;0 1 1 1 1 1 1 0 3 1;0 0 0 0 0 1 1 1 0 1;1 1 1 1 1 1 0 2 0 1;1 5 2 0 3 0 0 0 0 1;1 1 0 2 3 0 0 0 1 1;0 1 1 1 1 1 1 1 1 0]
421,A*,5.180713891983032,36,[1 1 1 1 1 1 0 0 0 0;1 0 0 0 0 1 1 0 0 0;1 0 1 0 2 0 1 0 0 0;1 3 1 0 5 0 1 0 0 0;1 0 0 0 0 0 1 0 0 0;1 3 2 1 0 0 1 0 0 0;1 0 0 2 2 1 1 1 0 0;1 3 0 0 0 0 0 1 0 0;1 0 1 0 3 1 1 1 0 0;1 1 1 1 1 1 0 0 0 0]
421,DFS,6.155358552932739,578,[1 1 1 1 1 1 0 0 0 0;1 0 0 0 0 1 1 0 0 0;1 0 1 0 2 0 1 0 0 0;1 3 1 0 5 0 1 0 0 0;1 0 0 0 0 0 1 0 0 0;1 3 2 1 0 0 1 0 0 0;1 0 0 2 2 1 1 1 0 0;1 3 0 0 0 0 0 1 0 0;1 0 1 0 3 1 1 1 0 0;1 1 1 1 1 1 0 0 0 0]
421,BFS,51.59462380409241,36,[1 1 1 1 1 1 0 0 0 0;1 0 0 0 0 1 1 0 0 0;1 0 1 0 2 0 1 0 0 0;1 3 1 0 5 0 1 0 0 0;1 0 0 0 0 0 1 0 0 0;1 3 2 1 0 0 1 0 0 0;1 0 0 2 2 1 1 1 0 0;1 3 0 0 0 0 0 1 0 0;1 0 1 0 3 1 1 1 0 0;1 1 1 1 1 1 0 0 0 0]
422,A*,3.7390859127044678,71,[0 0 0 0 0 0 1 1 1 1;0 0 0 0 0 0 1 0 0 1;0 0 0 0 0 0 1 0 0 1;0 0 0 0 0 0 1 2 3 1;0 0 0 0 0 0 1 0 0 1;1 1 1 1 1 1 1 0 3 1;1 0 0 0 0 2 3 5 0 1;1 0 3 0 2 0 1 2 0 1;1 0 1 1 1 1 1 0 0 1;1 1 1 0 0 0 1 1 1 1]
422,DFS,1.2436556816101074,503,[0 0 0 0 0 0 1 1 1 1;0 0 0 0 0 0 1 0 0 1;0 0 0 0 0 0 1 0 0 1;0 0 0 0 0 0 1 2 3 1;0 0 0 0 0 0 1 0 0 1;1 1 1 1 1 1 1 0 3 1;1 0 0 0 0 2 3 5 0 1;1 0 3 0 2 0 1 2 0 1;1 0 1 1 1 1 1 0 0 1;1 1 1 0 0 0 1 1 1 1]
422,BFS,1.824317216873169,71,[0 0 0 0 0 0 1 1 1 1;0 0 0 0 0 0 1 0 0 1;0 0 0 0 0 0 1 0 0 1;0 0 0 0 0 0 1 2 3 1;0 0 0 0 0 0 1 0 0 1;1 1 1 1 1 1 1 0 3 1;1 0 0 0 0 2 3 5 0 1;1 0 3 0 2 0 1 2 0 1;1 0 1 1 1 1 1 0 0 1;1 1 1 0 0 0 1 1 1 1]
423,A*,10.863600015640259,78,[1 1 1 1 0 0 0 0 0 0;1 0 0 1 1 0 0 0 0 0;1 0 0 0 1 0 0 0 0 0;1 0 0 1 1 0 0 0 0 0;1 0 1 1 0 0 1 1 1 1;1 0 3 1 1 1 1 0 3 1;1 0 0 0 3 0 2 2 3 1;1 0 0 2 0 0 0 2 5 1;1 0 0 0 1 1 1 1 1 1;1 1 1 1 1 0 0 0 0 0]
423,DFS,4.190576076507568,328,[1 1 1 1 0 0 0 0 0 0;1 0 0 1 1 0 0 0 0 0;1 0 0 0 1 0 0 0 0 0;1 0 0 1 1 0 0 0 0 0;1 0 1 1 0 0 1 1 1 1;1 0 3 1 1 1 1 0 3 1;1 0 0 0 3 0 2 2 3 1;1 0 0 2 0 0 0 2 5 1;1 0 0 0 1 1 1 1 1 1;1 1 1 1 1 0 0 0 0 0]
423,BFS,8.145687818527222,78,[1 1 1 1 0 0 0 0 0 0;1 0 0 1 1 0 0 0 0 0;1 0 0 0 1 0 0 0 0 0;1 0 0 1 1 0 0 0 0 0;1 0 1 1 0 0 1 1 1 1;1 0 3 1 1 1 1 0 3 1;1 0 0 0 3 0 2 2 3 1;1 0 0 2 0 0 0 2 5 1;1 0 0 0 1 1 1 1 1 1;1 1 1 1 1 0 0 0 0 0]
424,A*,3.243978977203369,56,[0 0 0 0 0 0 0 0 0 0;0 0 0 0 0 0 0 0 0 0;0 0 0 0 0 0 0 0 0 0;0 0 0 1 1 1 1 0 0 0;0 0 0 1 5 3 1 1 1 0;0 0 1 1 2 2 2 0 1 1;0 0 1 0 0 0 3 3 0 1;0 0 1 0 3 2 0 0 0 1;0 0 1 0 0 1 1 0 0 1;0 0 1 1 1 1 1 1 1 1]
424,DFS,0.9482054710388184,164,[0 0 0 0 0 0 0 0 0 0;0 0 0 0 0 0 0 0 0 0;0 0 0 0 0 0 0 0 0 0;0 0 0 1 1 1 1 0 0 0;0 0 0 1 5 3 1 1 1 0;0 0 1 1 2 2 2 0 1 1;0 0 1 0 0 0 3 3 0 1;0 0 1 0 3 2 0 0 0 1;0 0 1 0 0 1 1 0 0 1;0 0 1 1 1 1 1 1 1 1]
424,BFS,1.4647009372711182,56,[0 0 0 0 0 0 0 0 0 0;0 0 0 0 0 0 0 0 0 0;0 0 0 0 0 0 0 0 0 0;0 0 0 1 1 1 1 0 0 0;0 0 0 1 5 3 1 1 1 0;0 0 1 1 2 2 2 0 1 1;0 0 1 0 0 0 3 3 0 1;0 0 1 0 3 2 0 0 0 1;0 0 1 0 0 1 1 0 0 1;0 0 1 1 1 1 1 1 1 1]
425,A*,2.4989707469940186,34,[0 0 0 0 0 0 0 0 0 0;0 0 0 0 0 0 0 0 0 0;0 0 0 0 0 0 0 0 0 0;0 0 0 0 0 1 1 1 0 0;0 0 0 0 0 1 0 1 0 0;0 1 1 1 1 1 0 1 1 0;0 1 0 0 0 0 0 0 1 1;0 1 3 2 3 2 3 2 0 1;0 1 0 2 0 5 0 0 3 1;0 1 1 1 1 1 1 1 1 1]
425,DFS,0.7621152400970459,46,[0 0 0 0 0 0 0 0 0 0;0 0 0 0 0 0 0 0 0 0;0 0 0 0 0 0 0 0 0 0;0 0 0 0 0 1 1 1 0 0;0 0 0 0 0 1 0 1 0 0;0 1 1 1 1 1 0 1 1 0;0 1 0 0 0 0 0 0 1 1;0 1 3 2 3 2 3 2 0 1;0 1 0 2 0 5 0 0 3 1;0 1 1 1 1 1 1 1 1 1]
425,BFS,1.5181565284729004,34,[0 0 0 0 0 0 0 0 0 0;0 0 0 0 0 0 0 0 0 0;0 0 0 0 0 0 0 0 0 0;0 0 0 0 0 1 1 1 0 0;0 0 0 0 0 1 0 1 0 0;0 1 1 1 1 1 0 1 1 0;0 1 0 0 0 0 0 0 1 1;0 1 3 2 3 2 3 2 0 1;0 1 0 2 0 5 0 0 3 1;0 1 1 1 1 1 1 1 1 1]
426,A*,4.169451475143433,63,[0 0 0 0 0 0 0 0 0 0;0 0 0 0 0 0 0 0 0 0;0 0 0 0 0 0 0 0 0 0;1 1 1 1 1 1 0 0 0 0;1 3 0 0 5 1 0 0 0 0;1 0 2 0 1 1 1 0 0 0;1 1 2 0 0 0 1 1 0 0;1 0 3 2 2 3 3 1 0 0;1 0 0 0 0 0 0 1 0 0;1 1 1 1 1 1 1 1 0 0]
426,DFS,1.0493135452270508,220,[0 0 0 0 0 0 0 0 0 0;0 0 0 0 0 0 0 0 0 0;0 0 0 0 0 0 0 0 0 0;1 1 1 1 1 1 0 0 0 0;1 3 0 0 5 1 0 0 0 0;1 0 2 0 1 1 1 0 0 0;1 1 2 0 0 0 1 1 0 0;1 0 3 2 2 3 3 1 0 0;1 0 0 0 0 0 0 1 0 0;1 1 1 1 1 1 1 1 0 0]
426,BFS,2.197967767715454,63,[0 0 0 0 0 0 0 0 0 0;0 0 0 0 0 0 0 0 0 0;0 0 0 0 0 0 0 0 0 0;1 1 1 1 1 1 0 0 0 0;1 3 0 0 5 1 0 0 0 0;1 0 2 0 1 1 1 0 0 0;1 1 2 0 0 0 1 1 0 0;1 0 3 2 2 3 3 1 0 0;1 0 0 0 0 0 0 1 0 0;1 1 1 1 1 1 1 1 0 0]
427,A*,0.28441357612609863,24,[0 0 0 0 0 0 0 0 0 0;0 0 0 0 0 0 0 0 0 0;0 0 0 0 0 0 0 0 0 0;0 0 0 0 0 0 0 0 0 0;0 0 0 0 0 0 0 1 1 1;0 1 1 1 1 1 1 1 0 1;1 1 0 3 3 0 0 2 0 1;1 0 2 0 0 2 3 1 0 1;1 5 2 0 0 0 3 0 0 1;1 1 1 1 1 1 1 1 1 1]
427,DFS,0.5224053859710693,224,[0 0 0 0 0 0 0 0 0 0;0 0 0 0 0 0 0 0 0 0;0 0 0 0 0 0 0 0 0 0;0 0 0 0 0 0 0 0 0 0;0 0 0 0 0 0 0 1 1 1;0 1 1 1 1 1 1 1 0 1;1 1 0 3 3 0 0 2 0 1;1 0 2 0 0 2 3 1 0 1;1 5 2 0 0 0 3 0 0 1;1 1 1 1 1 1 1 1 1 1]
427,BFS,0.4537956714630127,24,[0 0 0 0 0 0 0 0 0 0;0 0 0 0 0 0 0 0 0 0;0 0 0 0 0 0 0 0 0 0;0 0 0 0 0 0 0 0 0 0;0 0 0 0 0 0 0 1 1 1;0 1 1 1 1 1 1 1 0 1;1 1 0 3 3 0 0 2 0 1;1 0 2 0 0 2 3 1 0 1;1 5 2 0 0 0 3 0 0 1;1 1 1 1 1 1 1 1 1 1]
428,A*,1.2603800296783447,34,[0 0 0 0 0 1 1 1 1 1;0 0 0 0 1 1 0 0 3 1;0 0 0 1 1 0 2 0 1 1;0 0 0 1 5 2 3 0 0 1;1 1 1 1 1 0 2 2 0 1;1 0 1 1 1 0 0 3 1 1;1 0 0 0 0 1 0 3 0 1;1 0 0 0 1 1 1 0 1 1;1 0 0 0 0 0 0 0 0 1;1 1 1 1 1 1 1 1 1 1]
428,DFS,0.4041554927825928,87,[0 0 0 0 0 1 1 1 1 1;0 0 0 0 1 1 0 0 3 1;0 0 0 1 1 0 2 0 1 1;0 0 0 1 5 2 3 0 0 1;1 1 1 1 1 0 2 2 0 1;1 0 1 1 1 0 0 3 1 1;1 0 0 0 0 1 0 3 0 1;1 0 0 0 1 1 1 0 1 1;1 0 0 0 0 0 0 0 0 1;1 1 1 1 1 1 1 1 1 1]
428,BFS,0.7306005954742432,34,[0 0 0 0 0 1 1 1 1 1;0 0 0 0 1 1 0 0 3 1;0 0 0 1 1 0 2 0 1 1;0 0 0 1 5 2 3 0 0 1;1 1 1 1 1 0 2 2 0 1;1 0 1 1 1 0 0 3 1 1;1 0 0 0 0 1 0 3 0 1;1 0 0 0 1 1 1 0 1 1;1 0 0 0 0 0 0 0 0 1;1 1 1 1 1 1 1 1 1 1]
429,A*,32.33090162277222,71,[0 1 1 1 1 1 1 1 1 0;1 1 0 0 0 0 0 0 1 0;1 0 2 0 0 0 2 0 1 1;1 0 0 3 1 1 1 1 0 1;1 1 3 0 3 0 0 0 5 1;0 1 0 0 1 0 0 2 0 1;0 1 1 1 1 1 1 0 3 1;0 0 0 0 0 0 1 2 0 1;0 0 0 0 0 0 1 0 0 1;0 0 0 0 0 0 1 1 1 1]
429,DFS,15.832680463790894,1775,[0 1 1 1 1 1 1 1 1 0;1 1 0 0 0 0 0 0 1 0;1 0 2 0 0 0 2 0 1 1;1 0 0 3 1 1 1 1 0 1;1 1 3 0 3 0 0 0 5 1;0 1 0 0 1 0 0 2 0 1;0 1 1 1 1 1 1 0 3 1;0 0 0 0 0 0 1 2 0 1;0 0 0 0 0 0 1 0 0 1;0 0 0 0 0 0 1 1 1 1]
429,BFS,76.7038414478302,71,[0 1 1 1 1 1 1 1 1 0;1 1 0 0 0 0 0 0 1 0;1 0 2 0 0 0 2 0 1 1;1 0 0 3 1 1 1 1 0 1;1 1 3 0 3 0 0 0 5 1;0 1 0 0 1 0 0 2 0 1;0 1 1 1 1 1 1 0 3 1;0 0 0 0 0 0 1 2 0 1;0 0 0 0 0 0 1 0 0 1;0 0 0 0 0 0 1 1 1 1]
430,A*,0.2895081043243408,52,[0 0 0 0 0 1 1 1 1 1;0 0 0 0 0 1 0 0 3 1;0 0 0 0 0 1 0 0 3 1;0 0 0 0 0 1 3 2 0 1;0 0 0 0 0 1 1 2 3 1;0 0 0 0 0 0 1 0 0 1;0 0 0 0 0 0 1 0 0 1;0 0 0 0 0 0 1 2 2 1;0 0 0 0 0 0 1 5 0 1;0 0 0 0 0 0 1 1 1 1]
430,DFS,0.06929206848144531,196,[0 0 0 0 0 1 1 1 1 1;0 0 0 0 0 1 0 0 3 1;0 0 0 0 0 1 0 0 3 1;0 0 0 0 0 1 3 2 0 1;0 0 0 0 0 1 1 2 3 1;0 0 0 0 0 0 1 0 0 1;0 0 0 0 0 0 1 0 0 1;0 0 0 0 0 0 1 2 2 1;0 0 0 0 0 0 1 5 0 1;0 0 0 0 0 0 1 1 1 1]
430,BFS,0.1055138111114502,52,[0 0 0 0 0 1 1 1 1 1;0 0 0 0 0 1 0 0 3 1;0 0 0 0 0 1 0 0 3 1;0 0 0 0 0 1 3 2 0 1;0 0 0 0 0 1 1 2 3 1;0 0 0 0 0 0 1 0 0 1;0 0 0 0 0 0 1 0 0 1;0 0 0 0 0 0 1 2 2 1;0 0 0 0 0 0 1 5 0 1;0 0 0 0 0 0 1 1 1 1]
431,A*,1.4674980640411377,33,[1 1 1 1 0 0 0 0 0 0;1 0 5 1 0 0 0 0 0 0;1 2 2 1 1 1 1 0 0 0;1 3 0 0 1 0 1 0 0 0;1 0 0 2 3 0 1 0 0 0;1 0 3 0 0 0 1 0 0 0;1 3 2 1 1 1 1 0 0 0;1 0 0 1 0 0 0 0 0 0;1 1 1 1 0 0 0 0 0 0;0 0 0 0 0 0 0 0 0 0]
431,DFS,0.6972920894622803,126,[1 1 1 1 0 0 0 0 0 0;1 0 5 1 0 0 0 0 0 0;1 2 2 1 1 1 1 0 0 0;1 3 0 0 1 0 1 0 0 0;1 0 0 2 3 0 1 0 0 0;1 0 3 0 0 0 1 0 0 0;1 3 2 1 1 1 1 0 0 0;1 0 0 1 0 0 0 0 0 0;1 1 1 1 0 0 0 0 0 0;0 0 0 0 0 0 0 0 0 0]
431,BFS,0.9829714298248291,33,[1 1 1 1 0 0 0 0 0 0;1 0 5 1 0 0 0 0 0 0;1 2 2 1 1 1 1 0 0 0;1 3 0 0 1 0 1 0 0 0;1 0 0 2 3 0 1 0 0 0;1 0 3 0 0 0 1 0 0 0;1 3 2 1 1 1 1 0 0 0;1 0 0 1 0 0 0 0 0 0;1 1 1 1 0 0 0 0 0 0;0 0 0 0 0 0 0 0 0 0]
432,A*,1.3441343307495117,63,[0 0 0 0 0 0 0 0 0 0;0 0 0 0 0 0 0 0 0 0;0 0 0 0 0 0 0 0 0 0;0 0 0 0 0 0 1 1 1 0;0 0 0 1 1 1 1 0 1 1;0 0 0 1 3 5 0 2 0 1;0 0 0 1 0 2 2 0 3 1;1 1 1 1 1 2 0 1 3 1;1 3 0 0 0 0 0 0 0 1;1 1 1 1 1 1 1 1 1 1]
432,DFS,0.1464979648590088,93,[0 0 0 0 0 0 0 0 0 0;0 0 0 0 0 0 0 0 0 0;0 0 0 0 0 0 0 0 0 0;0 0 0 0 0 0 1 1 1 0;0 0 0 1 1 1 1 0 1 1;0 0 0 1 3 5 0 2 0 1;0 0 0 1 0 2 2 0 3 1;1 1 1 1 1 2 0 1 3 1;1 3 0 0 0 0 0 0 0 1;1 1 1 1 1 1 1 1 1 1]
432,BFS,0.631195068359375,63,[0 0 0 0 0 0 0 0 0 0;0 0 0 0 0 0 0 0 0 0;0 0 0 0 0 0 0 0 0 0;0 0 0 0 0 0 1 1 1 0;0 0 0 1 1 1 1 0 1 1;0 0 0 1 3 5 0 2 0 1;0 0 0 1 0 2 2 0 3 1;1 1 1 1 1 2 0 1 3 1;1 3 0 0 0 0 0 0 0 1;1 1 1 1 1 1 1 1 1 1]
433,A*,0.3652002811431885,39,[0 0 0 0 0 0 0 0 0 0;0 0 0 0 0 0 0 0 0 0;1 1 1 1 0 0 0 0 0 0;1 0 0 1 0 0 0 0 0 0;1 0 3 1 0 0 0 0 0 0;1 2 5 1 1 1 0 0 0 0;1 0 2 2 0 1 1 1 0 0;1 0 3 1 0 2 0 1 1 1;1 3 0 3 0 0 0 0 0 1;1 1 1 1 1 1 1 1 1 1]
433,DFS,0.3106050491333008,104,[0 0 0 0 0 0 0 0 0 0;0 0 0 0 0 0 0 0 0 0;1 1 1 1 0 0 0 0 0 0;1 0 0 1 0 0 0 0 0 0;1 0 3 1 0 0 0 0 0 0;1 2 5 1 1 1 0 0 0 0;1 0 2 2 0 1 1 1 0 0;1 0 3 1 0 2 0 1 1 1;1 3 0 3 0 0 0 0 0 1;1 1 1 1 1 1 1 1 1 1]
433,BFS,0.27608299255371094,39,[0 0 0 0 0 0 0 0 0 0;0 0 0 0 0 0 0 0 0 0;1 1 1 1 0 0 0 0 0 0;1 0 0 1 0 0 0 0 0 0;1 0 3 1 0 0 0 0 0 0;1 2 5 1 1 1 0 0 0 0;1 0 2 2 0 1 1 1 0 0;1 0 3 1 0 2 0 1 1 1;1 3 0 3 0 0 0 0 0 1;1 1 1 1 1 1 1 1 1 1]
434,A*,7.140001535415649,70,[1 1 1 0 0 0 0 0 0 0;1 0 1 0 0 0 1 1 1 1;1 0 1 1 0 0 1 3 0 1;1 0 0 1 1 1 1 2 0 1;1 0 2 1 0 1 1 0 0 1;1 3 0 2 0 0 0 0 3 1;1 0 2 1 0 3 0 0 0 1;1 0 5 1 1 1 1 1 1 1;1 0 1 1 0 0 0 0 0 0;1 1 1 0 0 0 0 0 0 0]
434,DFS,4.541893243789673,349,[1 1 1 0 0 0 0 0 0 0;1 0 1 0 0 0 1 1 1 1;1 0 1 1 0 0 1 3 0 1;1 0 0 1 1 1 1 2 0 1;1 0 2 1 0 1 1 0 0 1;1 3 0 2 0 0 0 0 3 1;1 0 2 1 0 3 0 0 0 1;1 0 5 1 1 1 1 1 1 1;1 0 1 1 0 0 0 0 0 0;1 1 1 0 0 0 0 0 0 0]
434,BFS,7.609743595123291,70,[1 1 1 0 0 0 0 0 0 0;1 0 1 0 0 0 1 1 1 1;1 0 1 1 0 0 1 3 0 1;1 0 0 1 1 1 1 2 0 1;1 0 2 1 0 1 1 0 0 1;1 3 0 2 0 0 0 0 3 1;1 0 2 1 0 3 0 0 0 1;1 0 5 1 1 1 1 1 1 1;1 0 1 1 0 0 0 0 0 0;1 1 1 0 0 0 0 0 0 0]
435,A*,1.6067254543304443,50,[0 0 1 1 1 1 1 1 1 1;0 0 1 5 2 0 3 0 0 1;0 0 1 1 0 3 2 0 0 1;0 0 0 1 1 1 1 0 0 1;1 1 1 1 1 1 1 2 0 1;1 0 0 0 0 0 0 0 3 1;1 0 2 3 1 0 1 0 0 1;1 0 1 1 1 1 1 1 1 1;1 0 0 0 0 1 0 0 0 0;1 1 1 1 1 1 0 0 0 0]
435,DFS,0.8847026824951172,124,[0 0 1 1 1 1 1 1 1 1;0 0 1 5 2 0 3 0 0 1;0 0 1 1 0 3 2 0 0 1;0 0 0 1 1 1 1 0 0 1;1 1 1 1 1 1 1 2 0 1;1 0 0 0 0 0 0 0 3 1;1 0 2 3 1 0 1 0 0 1;1 0 1 1 1 1 1 1 1 1;1 0 0 0 0 1 0 0 0 0;1 1 1 1 1 1 0 0 0 0]
435,BFS,1.2429389953613281,50,[0 0 1 1 1 1 1 1 1 1;0 0 1 5 2 0 3 0 0 1;0 0 1 1 0 3 2 0 0 1;0 0 0 1 1 1 1 0 0 1;1 1 1 1 1 1 1 2 0 1;1 0 0 0 0 0 0 0 3 1;1 0 2 3 1 0 1 0 0 1;1 0 1 1 1 1 1 1 1 1;1 0 0 0 0 1 0 0 0 0;1 1 1 1 1 1 0 0 0 0]
436,A*,6.733705759048462,50,[1 1 1 1 1 1 1 0 0 0;1 0 0 0 0 0 1 0 0 0;1 0 1 3 2 1 1 0 0 0;1 0 2 0 2 0 1 0 0 0;1 1 1 0 0 3 1 0 0 0;0 0 1 5 2 0 1 0 0 0;0 0 1 0 0 0 1 0 0 0;0 0 1 3 0 0 1 1 1 1;0 0 1 0 0 0 0 3 0 1;0 0 1 1 1 1 1 1 1 1]
436,DFS,4.4789533615112305,1285,[1 1 1 1 1 1 1 0 0 0;1 0 0 0 0 0 1 0 0 0;1 0 1 3 2 1 1 0 0 0;1 0 2 0 2 0 1 0 0 0;1 1 1 0 0 3 1 0 0 0;0 0 1 5 2 0 1 0 0 0;0 0 1 0 0 0 1 0 0 0;0 0 1 3 0 0 1 1 1 1;0 0 1 0 0 0 0 3 0 1;0 0 1 1 1 1 1 1 1 1]
436,BFS,7.563103675842285,50,[1 1 1 1 1 1 1 0 0 0;1 0 0 0 0 0 1 0 0 0;1 0 1 3 2 1 1 0 0 0;1 0 2 0 2 0 1 0 0 0;1 1 1 0 0 3 1 0 0 0;0 0 1 5 2 0 1 0 0 0;0 0 1 0 0 0 1 0 0 0;0 0 1 3 0 0 1 1 1 1;0 0 1 0 0 0 0 3 0 1;0 0 1 1 1 1 1 1 1 1]
437,A*,7.412511825561523,70,[1 1 1 0 0 0 0 0 0 0;1 0 1 0 0 0 1 1 1 1;1 0 1 1 0 0 1 3 0 1;1 0 0 1 1 1 1 2 0 1;1 0 2 1 0 1 1 0 0 1;1 3 0 2 0 0 0 0 3 1;1 0 2 1 0 3 0 0 0 1;1 0 5 1 1 1 1 1 1 1;1 0 1 1 0 0 0 0 0 0;1 1 1 0 0 0 0 0 0 0]
437,DFS,4.446239471435547,349,[1 1 1 0 0 0 0 0 0 0;1 0 1 0 0 0 1 1 1 1;1 0 1 1 0 0 1 3 0 1;1 0 0 1 1 1 1 2 0 1;1 0 2 1 0 1 1 0 0 1;1 3 0 2 0 0 0 0 3 1;1 0 2 1 0 3 0 0 0 1;1 0 5 1 1 1 1 1 1 1;1 0 1 1 0 0 0 0 0 0;1 1 1 0 0 0 0 0 0 0]
437,BFS,7.711435317993164,70,[1 1 1 0 0 0 0 0 0 0;1 0 1 0 0 0 1 1 1 1;1 0 1 1 0 0 1 3 0 1;1 0 0 1 1 1 1 2 0 1;1 0 2 1 0 1 1 0 0 1;1 3 0 2 0 0 0 0 3 1;1 0 2 1 0 3 0 0 0 1;1 0 5 1 1 1 1 1 1 1;1 0 1 1 0 0 0 0 0 0;1 1 1 0 0 0 0 0 0 0]
438,A*,37.90094208717346,79,[1 1 1 1 1 1 0 0 0 0;1 0 0 1 0 1 1 1 0 0;1 0 2 0 0 0 0 1 0 0;1 0 2 0 0 0 1 1 0 0;1 0 0 1 0 1 1 1 1 1;1 0 0 3 3 1 1 3 0 1;1 1 1 2 0 1 1 0 3 1;0 0 1 0 5 2 0 0 0 1;0 0 1 1 1 0 0 0 0 1;0 0 0 0 1 1 1 1 1 1]
438,DFS,9.820807218551636,808,[1 1 1 1 1 1 0 0 0 0;1 0 0 1 0 1 1 1 0 0;1 0 2 0 0 0 0 1 0 0;1 0 2 0 0 0 1 1 0 0;1 0 0 1 0 1 1 1 1 1;1 0 0 3 3 1 1 3 0 1;1 1 1 2 0 1 1 0 3 1;0 0 1 0 5 2 0 0 0 1;0 0 1 1 1 0 0 0 0 1;0 0 0 0 1 1 1 1 1 1]
438,BFS,63.303980588912964,79,[1 1 1 1 1 1 0 0 0 0;1 0 0 1 0 1 1 1 0 0;1 0 2 0 0 0 0 1 0 0;1 0 2 0 0 0 1 1 0 0;1 0 0 1 0 1 1 1 1 1;1 0 0 3 3 1 1 3 0 1;1 1 1 2 0 1 1 0 3 1;0 0 1 0 5 2 0 0 0 1;0 0 1 1 1 0 0 0 0 1;0 0 0 0 1 1 1 1 1 1]
439,A*,0.009914398193359375,17,[1 1 1 1 1 1 1 1 1 1;1 0 3 0 0 2 3 0 5 1;1 2 2 3 0 0 2 0 1 1;1 0 0 1 1 0 0 1 1 0;1 0 1 1 1 1 1 1 0 0;1 3 0 1 0 0 0 0 0 0;1 0 1 1 0 0 0 0 0 0;1 1 1 0 0 0 0 0 0 0;0 0 0 0 0 0 0 0 0 0;0 0 0 0 0 0 0 0 0 0]
439,DFS,0.38442564010620117,21,[1 1 1 1 1 1 1 1 1 1;1 0 3 0 0 2 3 0 5 1;1 2 2 3 0 0 2 0 1 1;1 0 0 1 1 0 0 1 1 0;1 0 1 1 1 1 1 1 0 0;1 3 0 1 0 0 0 0 0 0;1 0 1 1 0 0 0 0 0 0;1 1 1 0 0 0 0 0 0 0;0 0 0 0 0 0 0 0 0 0;0 0 0 0 0 0 0 0 0 0]
439,BFS,0.017365694046020508,17,[1 1 1 1 1 1 1 1 1 1;1 0 3 0 0 2 3 0 5 1;1 2 2 3 0 0 2 0 1 1;1 0 0 1 1 0 0 1 1 0;1 0 1 1 1 1 1 1 0 0;1 3 0 1 0 0 0 0 0 0;1 0 1 1 0 0 0 0 0 0;1 1 1 0 0 0 0 0 0 0;0 0 0 0 0 0 0 0 0 0;0 0 0 0 0 0 0 0 0 0]
440,A*,54.13809275627136,70,[1 1 1 1 1 1 1 1 1 1;1 3 0 0 0 0 0 0 0 1;1 0 0 0 0 0 0 0 3 1;1 0 2 0 1 0 1 1 0 1;1 0 0 1 0 0 1 0 3 1;1 1 0 1 0 0 1 1 0 1;0 1 1 1 1 2 0 3 0 1;0 1 5 2 0 0 0 2 0 1;0 1 1 1 1 0 0 1 0 1;0 0 0 0 1 1 1 1 1 1]
440,DFS,34.06334853172302,1163,[1 1 1 1 1 1 1 1 1 1;1 3 0 0 0 0 0 0 0 1;1 0 0 0 0 0 0 0 3 1;1 0 2 0 1 0 1 1 0 1;1 0 0 1 0 0 1 0 3 1;1 1 0 1 0 0 1 1 0 1;0 1 1 1 1 2 0 3 0 1;0 1 5 2 0 0 0 2 0 1;0 1 1 1 1 0 0 1 0 1;0 0 0 0 1 1 1 1 1 1]
440,BFS,1396.1912968158722,70,[1 1 1 1 1 1 1 1 1 1;1 3 0 0 0 0 0 0 0 1;1 0 0 0 0 0 0 0 3 1;1 0 2 0 1 0 1 1 0 1;1 0 0 1 0 0 1 0 3 1;1 1 0 1 0 0 1 1 0 1;0 1 1 1 1 2 0 3 0 1;0 1 5 2 0 0 0 2 0 1;0 1 1 1 1 0 0 1 0 1;0 0 0 0 1 1 1 1 1 1]
441,A*,9.43821382522583,73,[0 0 0 0 0 0 0 0 0 0;0 0 0 0 0 0 0 0 0 0;0 0 0 0 0 0 0 0 0 0;0 0 1 1 1 1 1 1 1 1;1 1 1 0 1 1 0 3 0 1;1 0 2 0 2 0 0 0 1 1;1 0 1 5 2 3 0 0 1 1;1 0 0 1 1 1 2 3 0 1;1 0 0 0 0 0 0 0 3 1;1 1 1 1 1 1 1 1 1 1]
441,DFS,2.633297920227051,597,[0 0 0 0 0 0 0 0 0 0;0 0 0 0 0 0 0 0 0 0;0 0 0 0 0 0 0 0 0 0;0 0 1 1 1 1 1 1 1 1;1 1 1 0 1 1 0 3 0 1;1 0 2 0 2 0 0 0 1 1;1 0 1 5 2 3 0 0 1 1;1 0 0 1 1 1 2 3 0 1;1 0 0 0 0 0 0 0 3 1;1 1 1 1 1 1 1 1 1 1]
441,BFS,6.0067033767700195,73,[0 0 0 0 0 0 0 0 0 0;0 0 0 0 0 0 0 0 0 0;0 0 0 0 0 0 0 0 0 0;0 0 1 1 1 1 1 1 1 1;1 1 1 0 1 1 0 3 0 1;1 0 2 0 2 0 0 0 1 1;1 0 1 5 2 3 0 0 1 1;1 0 0 1 1 1 2 3 0 1;1 0 0 0 0 0 0 0 3 1;1 1 1 1 1 1 1 1 1 1]
442,A*,42.50520062446594,84,[0 0 0 1 1 1 1 1 1 0;0 0 0 1 0 0 3 0 1 0;0 0 0 1 0 2 0 0 1 0;0 1 1 1 1 1 5 1 1 0;0 1 0 0 1 1 0 1 0 0;1 1 0 3 0 0 0 1 0 0;1 0 0 0 1 2 3 1 1 0;1 0 2 3 1 0 2 0 1 0;1 0 0 0 0 0 0 0 1 0;1 1 1 1 1 1 1 1 1 0]
442,DFS,11.413307666778564,916,[0 0 0 1 1 1 1 1 1 0;0 0 0 1 0 0 3 0 1 0;0 0 0 1 0 2 0 0 1 0;0 1 1 1 1 1 5 1 1 0;0 1 0 0 1 1 0 1 0 0;1 1 0 3 0 0 0 1 0 0;1 0 0 0 1 2 3 1 1 0;1 0 2 3 1 0 2 0 1 0;1 0 0 0 0 0 0 0 1 0;1 1 1 1 1 1 1 1 1 0]
442,BFS,58.62085556983948,84,[0 0 0 1 1 1 1 1 1 0;0 0 0 1 0 0 3 0 1 0;0 0 0 1 0 2 0 0 1 0;0 1 1 1 1 1 5 1 1 0;0 1 0 0 1 1 0 1 0 0;1 1 0 3 0 0 0 1 0 0;1 0 0 0 1 2 3 1 1 0;1 0 2 3 1 0 2 0 1 0;1 0 0 0 0 0 0 0 1 0;1 1 1 1 1 1 1 1 1 0]
443,A*,37.307820081710815,55,[1 1 1 1 1 1 0 0 0 0;1 0 0 0 0 1 0 0 0 0;1 3 2 0 1 1 0 0 0 0;1 3 0 1 1 1 1 1 0 0;1 0 0 1 1 1 0 1 1 1;1 0 0 0 0 2 0 0 0 1;1 1 0 1 0 2 0 1 0 1;1 5 2 3 0 3 0 1 1 1;1 1 0 0 0 0 0 1 0 0;0 1 1 1 1 1 1 1 0 0]
443,DFS,14.434840440750122,1997,[1 1 1 1 1 1 0 0 0 0;1 0 0 0 0 1 0 0 0 0;1 3 2 0 1 1 0 0 0 0;1 3 0 1 1 1 1 1 0 0;1 0 0 1 1 1 0 1 1 1;1 0 0 0 0 2 0 0 0 1;1 1 0 1 0 2 0 1 0 1;1 5 2 3 0 3 0 1 1 1;1 1 0 0 0 0 0 1 0 0;0 1 1 1 1 1 1 1 0 0]
443,BFS,83.7592408657074,55,[1 1 1 1 1 1 0 0 0 0;1 0 0 0 0 1 0 0 0 0;1 3 2 0 1 1 0 0 0 0;1 3 0 1 1 1 1 1 0 0;1 0 0 1 1 1 0 1 1 1;1 0 0 0 0 2 0 0 0 1;1 1 0 1 0 2 0 1 0 1;1 5 2 3 0 3 0 1 1 1;1 1 0 0 0 0 0 1 0 0;0 1 1 1 1 1 1 1 0 0]
444,A*,2.1548728942871094,73,[1 1 1 1 1 1 1 1 1 1;1 0 0 3 0 3 0 0 0 1;1 0 2 3 2 2 2 3 0 1;1 1 1 0 0 0 1 0 5 1;0 0 1 1 1 1 1 1 1 1;0 0 0 0 0 0 0 0 0 0;0 0 0 0 0 0 0 0 0 0;0 0 0 0 0 0 0 0 0 0;0 0 0 0 0 0 0 0 0 0;0 0 0 0 0 0 0 0 0 0]
444,DFS,0.6557779312133789,85,[1 1 1 1 1 1 1 1 1 1;1 0 0 3 0 3 0 0 0 1;1 0 2 3 2 2 2 3 0 1;1 1 1 0 0 0 1 0 5 1;0 0 1 1 1 1 1 1 1 1;0 0 0 0 0 0 0 0 0 0;0 0 0 0 0 0 0 0 0 0;0 0 0 0 0 0 0 0 0 0;0 0 0 0 0 0 0 0 0 0;0 0 0 0 0 0 0 0 0 0]
444,BFS,0.9564812183380127,73,[1 1 1 1 1 1 1 1 1 1;1 0 0 3 0 3 0 0 0 1;1 0 2 3 2 2 2 3 0 1;1 1 1 0 0 0 1 0 5 1;0 0 1 1 1 1 1 1 1 1;0 0 0 0 0 0 0 0 0 0;0 0 0 0 0 0 0 0 0 0;0 0 0 0 0 0 0 0 0 0;0 0 0 0 0 0 0 0 0 0;0 0 0 0 0 0 0 0 0 0]
445,A*,4.477140665054321,77,[1 1 1 1 1 1 1 1 1 1;1 0 3 0 0 0 0 3 0 1;1 0 2 0 0 2 0 2 0 1;1 3 3 1 1 1 1 1 1 1;1 0 0 1 0 0 0 0 0 0;1 2 0 1 0 0 0 0 0 0;1 5 1 1 0 0 0 0 0 0;1 0 1 0 0 0 0 0 0 0;1 0 1 0 0 0 0 0 0 0;1 1 1 0 0 0 0 0 0 0]
445,DFS,1.4745726585388184,374,[1 1 1 1 1 1 1 1 1 1;1 0 3 0 0 0 0 3 0 1;1 0 2 0 0 2 0 2 0 1;1 3 3 1 1 1 1 1 1 1;1 0 0 1 0 0 0 0 0 0;1 2 0 1 0 0 0 0 0 0;1 5 1 1 0 0 0 0 0 0;1 0 1 0 0 0 0 0 0 0;1 0 1 0 0 0 0 0 0 0;1 1 1 0 0 0 0 0 0 0]
445,BFS,2.4957475662231445,77,[1 1 1 1 1 1 1 1 1 1;1 0 3 0 0 0 0 3 0 1;1 0 2 0 0 2 0 2 0 1;1 3 3 1 1 1 1 1 1 1;1 0 0 1 0 0 0 0 0 0;1 2 0 1 0 0 0 0 0 0;1 5 1 1 0 0 0 0 0 0;1 0 1 0 0 0 0 0 0 0;1 0 1 0 0 0 0 0 0 0;1 1 1 0 0 0 0 0 0 0]
446,A*,1.8431553840637207,42,[0 0 0 0 0 0 0 0 0 0;0 0 0 0 0 0 0 0 0 0;0 0 0 0 0 0 0 0 0 0;1 1 1 0 1 1 1 1 1 1;1 3 1 1 1 0 0 0 0 1;1 0 0 0 0 1 0 2 3 1;1 0 0 2 1 1 1 2 0 1;1 0 2 0 1 1 0 3 5 1;1 0 3 0 0 0 0 0 0 1;1 1 1 1 1 1 1 1 1 1]
446,DFS,1.7881009578704834,145,[0 0 0 0 0 0 0 0 0 0;0 0 0 0 0 0 0 0 0 0;0 0 0 0 0 0 0 0 0 0;1 1 1 0 1 1 1 1 1 1;1 3 1 1 1 0 0 0 0 1;1 0 0 0 0 1 0 2 3 1;1 0 0 2 1 1 1 2 0 1;1 0 2 0 1 1 0 3 5 1;1 0 3 0 0 0 0 0 0 1;1 1 1 1 1 1 1 1 1 1]
446,BFS,2.154536724090576,42,[0 0 0 0 0 0 0 0 0 0;0 0 0 0 0 0 0 0 0 0;0 0 0 0 0 0 0 0 0 0;1 1 1 0 1 1 1 1 1 1;1 3 1 1 1 0 0 0 0 1;1 0 0 0 0 1 0 2 3 1;1 0 0 2 1 1 1 2 0 1;1 0 2 0 1 1 0 3 5 1;1 0 3 0 0 0 0 0 0 1;1 1 1 1 1 1 1 1 1 1]
447,A*,7.199589490890503,52,[0 0 0 0 0 0 0 0 0 0;1 1 1 0 0 0 0 0 0 0;1 0 1 1 0 0 0 0 0 0;1 0 0 1 0 1 1 1 0 0;1 0 1 1 1 1 5 1 1 1;1 0 1 1 0 0 2 0 0 1;1 0 1 0 2 2 0 0 1 1;1 0 0 0 0 2 0 1 1 0;1 3 0 3 3 3 0 1 0 0;1 1 1 1 1 1 1 1 0 0]
447,DFS,2.5267715454101562,170,[0 0 0 0 0 0 0 0 0 0;1 1 1 0 0 0 0 0 0 0;1 0 1 1 0 0 0 0 0 0;1 0 0 1 0 1 1 1 0 0;1 0 1 1 1 1 5 1 1 1;1 0 1 1 0 0 2 0 0 1;1 0 1 0 2 2 0 0 1 1;1 0 0 0 0 2 0 1 1 0;1 3 0 3 3 3 0 1 0 0;1 1 1 1 1 1 1 1 0 0]
447,BFS,7.026599168777466,52,[0 0 0 0 0 0 0 0 0 0;1 1 1 0 0 0 0 0 0 0;1 0 1 1 0 0 0 0 0 0;1 0 0 1 0 1 1 1 0 0;1 0 1 1 1 1 5 1 1 1;1 0 1 1 0 0 2 0 0 1;1 0 1 0 2 2 0 0 1 1;1 0 0 0 0 2 0 1 1 0;1 3 0 3 3 3 0 1 0 0;1 1 1 1 1 1 1 1 0 0]
448,A*,20.227728843688965,66,[1 1 1 1 1 1 1 1 1 1;1 0 2 0 0 0 3 0 3 1;1 0 0 3 0 2 0 1 1 1;1 0 0 1 0 1 1 1 0 0;1 0 1 0 0 1 1 0 0 0;1 0 1 0 2 0 1 0 0 0;1 3 1 0 0 0 1 0 0 0;1 0 0 1 2 0 1 0 0 0;1 0 0 0 5 0 1 0 0 0;1 1 1 1 1 1 1 0 0 0]
448,DFS,8.406882524490356,1556,[1 1 1 1 1 1 1 1 1 1;1 0 2 0 0 0 3 0 3 1;1 0 0 3 0 2 0 1 1 1;1 0 0 1 0 1 1 1 0 0;1 0 1 0 0 1 1 0 0 0;1 0 1 0 2 0 1 0 0 0;1 3 1 0 0 0 1 0 0 0;1 0 0 1 2 0 1 0 0 0;1 0 0 0 5 0 1 0 0 0;1 1 1 1 1 1 1 0 0 0]
448,BFS,35.94006633758545,66,[1 1 1 1 1 1 1 1 1 1;1 0 2 0 0 0 3 0 3 1;1 0 0 3 0 2 0 1 1 1;1 0 0 1 0 1 1 1 0 0;1 0 1 0 0 1 1 0 0 0;1 0 1 0 2 0 1 0 0 0;1 3 1 0 0 0 1 0 0 0;1 0 0 1 2 0 1 0 0 0;1 0 0 0 5 0 1 0 0 0;1 1 1 1 1 1 1 0 0 0]
449,A*,20.97269892692566,72,[0 0 1 1 1 1 1 1 1 1;0 0 1 0 0 3 0 2 3 1;0 0 1 0 2 0 2 0 0 1;0 1 1 3 1 1 1 3 0 1;0 1 0 0 1 0 1 0 0 1;0 1 5 0 1 1 1 1 0 1;1 1 0 0 0 1 0 0 0 1;1 0 2 0 1 1 0 0 0 1;1 0 0 0 0 0 0 0 0 1;1 1 1 1 1 1 1 1 1 1]
449,DFS,9.60825228691101,950,[0 0 1 1 1 1 1 1 1 1;0 0 1 0 0 3 0 2 3 1;0 0 1 0 2 0 2 0 0 1;0 1 1 3 1 1 1 3 0 1;0 1 0 0 1 0 1 0 0 1;0 1 5 0 1 1 1 1 0 1;1 1 0 0 0 1 0 0 0 1;1 0 2 0 1 1 0 0 0 1;1 0 0 0 0 0 0 0 0 1;1 1 1 1 1 1 1 1 1 1]
449,BFS,59.25914931297302,72,[0 0 1 1 1 1 1 1 1 1;0 0 1 0 0 3 0 2 3 1;0 0 1 0 2 0 2 0 0 1;0 1 1 3 1 1 1 3 0 1;0 1 0 0 1 0 1 0 0 1;0 1 5 0 1 1 1 1 0 1;1 1 0 0 0 1 0 0 0 1;1 0 2 0 1 1 0 0 0 1;1 0 0 0 0 0 0 0 0 1;1 1 1 1 1 1 1 1 1 1]
450,A*,2.71663236618042,54,[0 0 0 0 1 1 1 1 1 1;0 0 0 0 1 0 0 0 0 1;0 0 0 0 1 0 2 2 0 1;0 0 0 0 1 1 5 3 0 1;0 0 0 0 0 1 0 3 1 1;0 0 0 0 0 1 0 2 1 1;0 0 0 0 0 1 3 0 3 1;0 0 0 0 1 1 1 2 0 1;0 0 0 0 1 0 0 0 0 1;0 0 0 0 1 1 1 1 1 1]
450,DFS,0.6897628307342529,130,[0 0 0 0 1 1 1 1 1 1;0 0 0 0 1 0 0 0 0 1;0 0 0 0 1 0 2 2 0 1;0 0 0 0 1 1 5 3 0 1;0 0 0 0 0 1 0 3 1 1;0 0 0 0 0 1 0 2 1 1;0 0 0 0 0 1 3 0 3 1;0 0 0 0 1 1 1 2 0 1;0 0 0 0 1 0 0 0 0 1;0 0 0 0 1 1 1 1 1 1]
450,BFS,1.6817102432250977,54,[0 0 0 0 1 1 1 1 1 1;0 0 0 0 1 0 0 0 0 1;0 0 0 0 1 0 2 2 0 1;0 0 0 0 1 1 5 3 0 1;0 0 0 0 0 1 0 3 1 1;0 0 0 0 0 1 0 2 1 1;0 0 0 0 0 1 3 0 3 1;0 0 0 0 1 1 1 2 0 1;0 0 0 0 1 0 0 0 0 1;0 0 0 0 1 1 1 1 1 1]
451,A*,40.07359552383423,72,[0 1 1 1 1 1 1 1 1 0;0 1 0 0 0 0 0 0 1 0;0 1 0 0 3 0 0 0 1 0;0 1 3 0 1 1 1 1 1 0;1 1 1 0 1 1 1 1 0 0;1 0 2 3 0 3 0 1 1 1;1 0 2 0 0 0 2 0 0 1;1 0 1 2 0 1 0 0 0 1;1 5 0 0 1 1 1 1 1 1;1 1 1 1 1 0 0 0 0 0]
451,DFS,16.445396184921265,1374,[0 1 1 1 1 1 1 1 1 0;0 1 0 0 0 0 0 0 1 0;0 1 0 0 3 0 0 0 1 0;0 1 3 0 1 1 1 1 1 0;1 1 1 0 1 1 1 1 0 0;1 0 2 3 0 3 0 1 1 1;1 0 2 0 0 0 2 0 0 1;1 0 1 2 0 1 0 0 0 1;1 5 0 0 1 1 1 1 1 1;1 1 1 1 1 0 0 0 0 0]
451,BFS,86.41409873962402,72,[0 1 1 1 1 1 1 1 1 0;0 1 0 0 0 0 0 0 1 0;0 1 0 0 3 0 0 0 1 0;0 1 3 0 1 1 1 1 1 0;1 1 1 0 1 1 1 1 0 0;1 0 2 3 0 3 0 1 1 1;1 0 2 0 0 0 2 0 0 1;1 0 1 2 0 1 0 0 0 1;1 5 0 0 1 1 1 1 1 1;1 1 1 1 1 0 0 0 0 0]
452,A*,6.447946310043335,62,[0 0 0 0 0 0 0 0 0 0;0 0 0 0 0 0 1 1 1 0;0 0 1 1 1 1 1 5 1 0;0 0 1 0 0 0 0 2 1 0;1 1 1 1 0 1 0 0 1 0;1 0 0 1 1 1 0 0 1 0;1 0 3 1 1 1 3 0 1 1;1 0 2 2 0 1 0 2 3 1;1 0 0 3 0 0 0 0 0 1;1 1 1 1 1 1 1 1 1 1]
452,DFS,3.499523878097534,266,[0 0 0 0 0 0 0 0 0 0;0 0 0 0 0 0 1 1 1 0;0 0 1 1 1 1 1 5 1 0;0 0 1 0 0 0 0 2 1 0;1 1 1 1 0 1 0 0 1 0;1 0 0 1 1 1 0 0 1 0;1 0 3 1 1 1 3 0 1 1;1 0 2 2 0 1 0 2 3 1;1 0 0 3 0 0 0 0 0 1;1 1 1 1 1 1 1 1 1 1]
452,BFS,7.296365737915039,62,[0 0 0 0 0 0 0 0 0 0;0 0 0 0 0 0 1 1 1 0;0 0 1 1 1 1 1 5 1 0;0 0 1 0 0 0 0 2 1 0;1 1 1 1 0 1 0 0 1 0;1 0 0 1 1 1 0 0 1 0;1 0 3 1 1 1 3 0 1 1;1 0 2 2 0 1 0 2 3 1;1 0 0 3 0 0 0 0 0 1;1 1 1 1 1 1 1 1 1 1]
453,A*,4.608740568161011,48,[1 1 1 1 1 1 1 1 1 1;1 0 0 0 0 0 0 5 0 1;1 0 2 0 3 2 0 2 0 1;1 1 1 1 1 1 0 1 3 1;0 0 1 3 0 0 0 0 0 1;0 1 1 1 0 2 0 1 1 1;0 1 0 3 0 0 1 1 0 0;0 1 1 0 1 1 1 0 0 0;0 0 1 0 1 0 0 0 0 0;0 0 1 1 1 0 0 0 0 0]
453,DFS,1.562997817993164,327,[1 1 1 1 1 1 1 1 1 1;1 0 0 0 0 0 0 5 0 1;1 0 2 0 3 2 0 2 0 1;1 1 1 1 1 1 0 1 3 1;0 0 1 3 0 0 0 0 0 1;0 1 1 1 0 2 0 1 1 1;0 1 0 3 0 0 1 1 0 0;0 1 1 0 1 1 1 0 0 0;0 0 1 0 1 0 0 0 0 0;0 0 1 1 1 0 0 0 0 0]
453,BFS,7.370482683181763,48,[1 1 1 1 1 1 1 1 1 1;1 0 0 0 0 0 0 5 0 1;1 0 2 0 3 2 0 2 0 1;1 1 1 1 1 1 0 1 3 1;0 0 1 3 0 0 0 0 0 1;0 1 1 1 0 2 0 1 1 1;0 1 0 3 0 0 1 1 0 0;0 1 1 0 1 1 1 0 0 0;0 0 1 0 1 0 0 0 0 0;0 0 1 1 1 0 0 0 0 0]
454,A*,2.221966028213501,47,[1 1 1 1 1 1 1 1 1 0;1 0 3 0 0 0 2 5 1 0;1 0 3 0 3 2 0 1 1 0;1 0 2 2 1 1 1 1 0 0;1 0 0 0 1 0 0 0 0 0;1 0 3 1 1 0 0 0 0 0;1 0 1 1 0 0 0 0 0 0;1 1 1 0 0 0 0 0 0 0;0 0 0 0 0 0 0 0 0 0;0 0 0 0 0 0 0 0 0 0]
454,DFS,0.7272295951843262,137,[1 1 1 1 1 1 1 1 1 0;1 0 3 0 0 0 2 5 1 0;1 0 3 0 3 2 0 1 1 0;1 0 2 2 1 1 1 1 0 0;1 0 0 0 1 0 0 0 0 0;1 0 3 1 1 0 0 0 0 0;1 0 1 1 0 0 0 0 0 0;1 1 1 0 0 0 0 0 0 0;0 0 0 0 0 0 0 0 0 0;0 0 0 0 0 0 0 0 0 0]
454,BFS,1.096327543258667,47,[1 1 1 1 1 1 1 1 1 0;1 0 3 0 0 0 2 5 1 0;1 0 3 0 3 2 0 1 1 0;1 0 2 2 1 1 1 1 0 0;1 0 0 0 1 0 0 0 0 0;1 0 3 1 1 0 0 0 0 0;1 0 1 1 0 0 0 0 0 0;1 1 1 0 0 0 0 0 0 0;0 0 0 0 0 0 0 0 0 0;0 0 0 0 0 0 0 0 0 0]
455,A*,35.525217056274414,67,[0 0 1 1 1 1 1 1 1 0;0 0 1 5 0 3 0 3 1 0;0 1 1 0 0 0 0 1 1 0;1 1 0 1 2 0 0 1 0 0;1 0 0 1 0 0 0 1 1 0;1 0 2 0 1 1 0 0 1 0;1 0 0 1 1 1 0 1 1 1;1 0 2 0 0 3 0 2 0 1;1 0 0 0 0 3 0 0 0 1;1 1 1 1 1 1 1 1 1 1]
455,DFS,17.80660104751587,1394,[0 0 1 1 1 1 1 1 1 0;0 0 1 5 0 3 0 3 1 0;0 1 1 0 0 0 0 1 1 0;1 1 0 1 2 0 0 1 0 0;1 0 0 1 0 0 0 1 1 0;1 0 2 0 1 1 0 0 1 0;1 0 0 1 1 1 0 1 1 1;1 0 2 0 0 3 0 2 0 1;1 0 0 0 0 3 0 0 0 1;1 1 1 1 1 1 1 1 1 1]
455,BFS,677.1338930130005,67,[0 0 1 1 1 1 1 1 1 0;0 0 1 5 0 3 0 3 1 0;0 1 1 0 0 0 0 1 1 0;1 1 0 1 2 0 0 1 0 0;1 0 0 1 0 0 0 1 1 0;1 0 2 0 1 1 0 0 1 0;1 0 0 1 1 1 0 1 1 1;1 0 2 0 0 3 0 2 0 1;1 0 0 0 0 3 0 0 0 1;1 1 1 1 1 1 1 1 1 1]
456,A*,4.186631441116333,73,[0 0 0 0 0 0 0 0 0 0;0 0 0 0 0 0 0 0 0 0;0 0 0 0 0 0 0 0 0 0;0 0 0 0 0 0 1 1 1 1;1 1 1 1 1 1 1 0 0 1;1 5 2 0 0 3 0 0 3 1;1 1 1 0 2 0 1 3 2 1;1 1 1 1 1 0 2 3 0 1;1 0 0 0 0 0 0 0 0 1;1 1 1 1 1 1 1 1 1 1]
456,DFS,1.6123998165130615,103,[0 0 0 0 0 0 0 0 0 0;0 0 0 0 0 0 0 0 0 0;0 0 0 0 0 0 0 0 0 0;0 0 0 0 0 0 1 1 1 1;1 1 1 1 1 1 1 0 0 1;1 5 2 0 0 3 0 0 3 1;1 1 1 0 2 0 1 3 2 1;1 1 1 1 1 0 2 3 0 1;1 0 0 0 0 0 0 0 0 1;1 1 1 1 1 1 1 1 1 1]
456,BFS,2.443896770477295,73,[0 0 0 0 0 0 0 0 0 0;0 0 0 0 0 0 0 0 0 0;0 0 0 0 0 0 0 0 0 0;0 0 0 0 0 0 1 1 1 1;1 1 1 1 1 1 1 0 0 1;1 5 2 0 0 3 0 0 3 1;1 1 1 0 2 0 1 3 2 1;1 1 1 1 1 0 2 3 0 1;1 0 0 0 0 0 0 0 0 1;1 1 1 1 1 1 1 1 1 1]
457,A*,0.1163332462310791,38,[1 1 1 0 0 0 0 0 0 0;1 3 1 1 0 0 0 0 0 0;1 0 3 1 0 0 0 0 0 0;1 3 2 1 1 1 1 0 0 0;1 0 0 0 2 5 1 0 0 0;1 0 2 0 1 1 1 0 0 0;1 0 2 1 1 0 0 0 0 0;1 0 0 1 0 0 0 0 0 0;1 3 0 1 0 0 0 0 0 0;1 1 1 1 0 0 0 0 0 0]
457,DFS,0.05044412612915039,90,[1 1 1 0 0 0 0 0 0 0;1 3 1 1 0 0 0 0 0 0;1 0 3 1 0 0 0 0 0 0;1 3 2 1 1 1 1 0 0 0;1 0 0 0 2 5 1 0 0 0;1 0 2 0 1 1 1 0 0 0;1 0 2 1 1 0 0 0 0 0;1 0 0 1 0 0 0 0 0 0;1 3 0 1 0 0 0 0 0 0;1 1 1 1 0 0 0 0 0 0]
457,BFS,0.06791901588439941,38,[1 1 1 0 0 0 0 0 0 0;1 3 1 1 0 0 0 0 0 0;1 0 3 1 0 0 0 0 0 0;1 3 2 1 1 1 1 0 0 0;1 0 0 0 2 5 1 0 0 0;1 0 2 0 1 1 1 0 0 0;1 0 2 1 1 0 0 0 0 0;1 0 0 1 0 0 0 0 0 0;1 3 0 1 0 0 0 0 0 0;1 1 1 1 0 0 0 0 0 0]
458,A*,0.10756826400756836,58,[0 0 0 0 0 0 0 0 0 0;0 0 0 1 1 1 1 1 0 0;0 0 0 1 0 3 3 1 0 0;0 0 0 1 0 2 1 1 0 0;0 0 0 1 5 2 3 1 0 0;0 0 0 1 1 0 0 1 0 0;1 1 1 1 1 0 1 1 0 0;1 0 2 0 2 0 0 1 1 0;1 0 0 0 0 3 0 0 1 0;1 1 1 1 1 1 1 1 1 0]
458,DFS,0.048290252685546875,222,[0 0 0 0 0 0 0 0 0 0;0 0 0 1 1 1 1 1 0 0;0 0 0 1 0 3 3 1 0 0;0 0 0 1 0 2 1 1 0 0;0 0 0 1 5 2 3 1 0 0;0 0 0 1 1 0 0 1 0 0;1 1 1 1 1 0 1 1 0 0;1 0 2 0 2 0 0 1 1 0;1 0 0 0 0 3 0 0 1 0;1 1 1 1 1 1 1 1 1 0]
458,BFS,0.04884195327758789,58,[0 0 0 0 0 0 0 0 0 0;0 0 0 1 1 1 1 1 0 0;0 0 0 1 0 3 3 1 0 0;0 0 0 1 0 2 1 1 0 0;0 0 0 1 5 2 3 1 0 0;0 0 0 1 1 0 0 1 0 0;1 1 1 1 1 0 1 1 0 0;1 0 2 0 2 0 0 1 1 0;1 0 0 0 0 3 0 0 1 0;1 1 1 1 1 1 1 1 1 0]
459,A*,1.5430800914764404,55,[0 0 0 0 0 0 0 0 0 0;0 0 0 0 0 0 0 0 0 0;0 0 0 0 0 0 0 0 0 0;0 0 1 1 1 1 1 1 1 1;0 0 1 0 0 0 0 3 0 1;0 0 1 3 0 0 0 2 2 1;0 0 1 5 2 0 2 0 0 1;0 0 1 1 1 1 1 0 3 1;0 0 0 0 0 0 1 3 0 1;0 0 0 0 0 0 1 1 1 1]
459,DFS,0.5849382877349854,617,[0 0 0 0 0 0 0 0 0 0;0 0 0 0 0 0 0 0 0 0;0 0 0 0 0 0 0 0 0 0;0 0 1 1 1 1 1 1 1 1;0 0 1 0 0 0 0 3 0 1;0 0 1 3 0 0 0 2 2 1;0 0 1 5 2 0 2 0 0 1;0 0 1 1 1 1 1 0 3 1;0 0 0 0 0 0 1 3 0 1;0 0 0 0 0 0 1 1 1 1]
459,BFS,0.7287921905517578,55,[0 0 0 0 0 0 0 0 0 0;0 0 0 0 0 0 0 0 0 0;0 0 0 0 0 0 0 0 0 0;0 0 1 1 1 1 1 1 1 1;0 0 1 0 0 0 0 3 0 1;0 0 1 3 0 0 0 2 2 1;0 0 1 5 2 0 2 0 0 1;0 0 1 1 1 1 1 0 3 1;0 0 0 0 0 0 1 3 0 1;0 0 0 0 0 0 1 1 1 1]
460,A*,14.51679277420044,82,[0 0 1 1 1 1 1 1 0 0;0 0 1 0 5 0 0 1 0 0;0 0 1 1 2 2 0 1 0 0;0 0 1 1 0 0 0 1 0 0;1 1 1 0 3 1 1 1 0 0;1 0 0 2 0 0 1 0 0 0;1 0 2 0 0 1 1 0 0 0;1 1 0 1 0 0 1 1 1 1;1 0 3 3 0 0 0 0 3 1;1 1 1 1 1 1 1 1 1 1]
460,DFS,2.6566267013549805,354,[0 0 1 1 1 1 1 1 0 0;0 0 1 0 5 0 0 1 0 0;0 0 1 1 2 2 0 1 0 0;0 0 1 1 0 0 0 1 0 0;1 1 1 0 3 1 1 1 0 0;1 0 0 2 0 0 1 0 0 0;1 0 2 0 0 1 1 0 0 0;1 1 0 1 0 0 1 1 1 1;1 0 3 3 0 0 0 0 3 1;1 1 1 1 1 1 1 1 1 1]
460,BFS,11.856088399887085,82,[0 0 1 1 1 1 1 1 0 0;0 0 1 0 5 0 0 1 0 0;0 0 1 1 2 2 0 1 0 0;0 0 1 1 0 0 0 1 0 0;1 1 1 0 3 1 1 1 0 0;1 0 0 2 0 0 1 0 0 0;1 0 2 0 0 1 1 0 0 0;1 1 0 1 0 0 1 1 1 1;1 0 3 3 0 0 0 0 3 1;1 1 1 1 1 1 1 1 1 1]
461,A*,0.7690320014953613,43,[0 0 0 1 1 1 1 1 1 1;0 0 0 1 0 0 0 0 0 1;0 0 0 1 0 0 2 0 3 1;0 0 0 1 1 1 1 3 0 1;0 0 0 0 0 1 1 1 0 1;0 0 0 0 0 1 0 0 3 1;0 0 0 0 0 1 2 0 0 1;0 0 0 0 0 1 0 2 2 1;0 0 0 0 0 1 3 5 0 1;0 0 0 0 0 1 1 1 1 1]
461,DFS,0.2476806640625,165,[0 0 0 1 1 1 1 1 1 1;0 0 0 1 0 0 0 0 0 1;0 0 0 1 0 0 2 0 3 1;0 0 0 1 1 1 1 3 0 1;0 0 0 0 0 1 1 1 0 1;0 0 0 0 0 1 0 0 3 1;0 0 0 0 0 1 2 0 0 1;0 0 0 0 0 1 0 2 2 1;0 0 0 0 0 1 3 5 0 1;0 0 0 0 0 1 1 1 1 1]
461,BFS,0.5274174213409424,43,[0 0 0 1 1 1 1 1 1 1;0 0 0 1 0 0 0 0 0 1;0 0 0 1 0 0 2 0 3 1;0 0 0 1 1 1 1 3 0 1;0 0 0 0 0 1 1 1 0 1;0 0 0 0 0 1 0 0 3 1;0 0 0 0 0 1 2 0 0 1;0 0 0 0 0 1 0 2 2 1;0 0 0 0 0 1 3 5 0 1;0 0 0 0 0 1 1 1 1 1]
462,A*,6.076169729232788,75,[1 1 1 1 1 1 1 1 1 0;1 0 0 0 0 0 0 0 1 1;1 1 0 0 3 2 0 2 0 1;1 1 0 0 1 1 1 1 0 1;1 0 0 0 1 0 1 1 0 1;1 2 0 1 1 0 1 0 0 1;1 3 0 1 1 0 1 0 0 1;1 3 0 5 1 1 1 2 0 1;1 1 3 0 0 0 0 0 0 1;0 1 1 1 1 1 1 1 1 1]
462,DFS,0.8144040107727051,215,[1 1 1 1 1 1 1 1 1 0;1 0 0 0 0 0 0 0 1 1;1 1 0 0 3 2 0 2 0 1;1 1 0 0 1 1 1 1 0 1;1 0 0 0 1 0 1 1 0 1;1 2 0 1 1 0 1 0 0 1;1 3 0 1 1 0 1 0 0 1;1 3 0 5 1 1 1 2 0 1;1 1 3 0 0 0 0 0 0 1;0 1 1 1 1 1 1 1 1 1]
462,BFS,7.015758991241455,75,[1 1 1 1 1 1 1 1 1 0;1 0 0 0 0 0 0 0 1 1;1 1 0 0 3 2 0 2 0 1;1 1 0 0 1 1 1 1 0 1;1 0 0 0 1 0 1 1 0 1;1 2 0 1 1 0 1 0 0 1;1 3 0 1 1 0 1 0 0 1;1 3 0 5 1 1 1 2 0 1;1 1 3 0 0 0 0 0 0 1;0 1 1 1 1 1 1 1 1 1]
463,A*,1.8415300846099854,45,[0 0 0 0 0 0 0 0 0 0;0 0 0 0 0 0 0 0 0 0;0 0 0 0 0 0 0 0 0 0;0 0 0 0 0 0 1 1 1 0;0 0 0 0 1 1 1 0 1 0;0 0 0 1 1 0 0 0 1 0;0 0 0 1 3 3 2 2 1 1;1 1 1 1 0 2 3 0 0 1;1 5 2 0 0 0 0 3 0 1;1 1 1 1 1 1 1 1 1 1]
463,DFS,0.3150801658630371,79,[0 0 0 0 0 0 0 0 0 0;0 0 0 0 0 0 0 0 0 0;0 0 0 0 0 0 0 0 0 0;0 0 0 0 0 0 1 1 1 0;0 0 0 0 1 1 1 0 1 0;0 0 0 1 1 0 0 0 1 0;0 0 0 1 3 3 2 2 1 1;1 1 1 1 0 2 3 0 0 1;1 5 2 0 0 0 0 3 0 1;1 1 1 1 1 1 1 1 1 1]
463,BFS,0.9416515827178955,45,[0 0 0 0 0 0 0 0 0 0;0 0 0 0 0 0 0 0 0 0;0 0 0 0 0 0 0 0 0 0;0 0 0 0 0 0 1 1 1 0;0 0 0 0 1 1 1 0 1 0;0 0 0 1 1 0 0 0 1 0;0 0 0 1 3 3 2 2 1 1;1 1 1 1 0 2 3 0 0 1;1 5 2 0 0 0 0 3 0 1;1 1 1 1 1 1 1 1 1 1]
464,A*,1.2126460075378418,33,[1 1 1 1 1 1 1 1 1 1;1 0 0 0 0 3 0 0 0 1;1 1 0 2 2 2 3 1 1 1;0 1 1 1 3 0 0 1 0 0;0 1 0 0 0 0 0 1 0 0;0 1 3 0 0 1 1 1 0 0;0 1 0 2 1 1 0 0 0 0;0 1 1 5 1 0 0 0 0 0;0 0 1 1 1 0 0 0 0 0;0 0 0 0 0 0 0 0 0 0]
464,DFS,1.3944547176361084,45,[1 1 1 1 1 1 1 1 1 1;1 0 0 0 0 3 0 0 0 1;1 1 0 2 2 2 3 1 1 1;0 1 1 1 3 0 0 1 0 0;0 1 0 0 0 0 0 1 0 0;0 1 3 0 0 1 1 1 0 0;0 1 0 2 1 1 0 0 0 0;0 1 1 5 1 0 0 0 0 0;0 0 1 1 1 0 0 0 0 0;0 0 0 0 0 0 0 0 0 0]
464,BFS,2.00395131111145,33,[1 1 1 1 1 1 1 1 1 1;1 0 0 0 0 3 0 0 0 1;1 1 0 2 2 2 3 1 1 1;0 1 1 1 3 0 0 1 0 0;0 1 0 0 0 0 0 1 0 0;0 1 3 0 0 1 1 1 0 0;0 1 0 2 1 1 0 0 0 0;0 1 1 5 1 0 0 0 0 0;0 0 1 1 1 0 0 0 0 0;0 0 0 0 0 0 0 0 0 0]
465,A*,1.9849014282226562,47,[0 0 0 0 0 0 0 0 0 0;0 0 0 0 0 0 0 0 0 0;0 0 0 0 0 0 0 0 0 0;0 0 0 1 1 1 1 1 1 0;0 0 0 1 0 0 0 0 1 1;0 0 0 1 2 3 3 0 0 1;0 0 1 1 5 2 0 0 3 1;1 1 1 0 3 1 1 2 2 1;1 0 0 0 0 0 0 0 0 1;1 1 1 1 1 1 1 1 1 1]
465,DFS,1.1175537109375,411,[0 0 0 0 0 0 0 0 0 0;0 0 0 0 0 0 0 0 0 0;0 0 0 0 0 0 0 0 0 0;0 0 0 1 1 1 1 1 1 0;0 0 0 1 0 0 0 0 1 1;0 0 0 1 2 3 3 0 0 1;0 0 1 1 5 2 0 0 3 1;1 1 1 0 3 1 1 2 2 1;1 0 0 0 0 0 0 0 0 1;1 1 1 1 1 1 1 1 1 1]
465,BFS,1.255542516708374,47,[0 0 0 0 0 0 0 0 0 0;0 0 0 0 0 0 0 0 0 0;0 0 0 0 0 0 0 0 0 0;0 0 0 1 1 1 1 1 1 0;0 0 0 1 0 0 0 0 1 1;0 0 0 1 2 3 3 0 0 1;0 0 1 1 5 2 0 0 3 1;1 1 1 0 3 1 1 2 2 1;1 0 0 0 0 0 0 0 0 1;1 1 1 1 1 1 1 1 1 1]
466,A*,12.01421570777893,100,[0 0 0 0 0 0 1 1 1 1;0 0 0 0 0 0 1 0 0 1;0 0 0 0 0 0 1 2 0 1;0 0 0 0 0 0 1 0 0 1;1 1 1 1 1 1 1 0 3 1;1 5 2 3 0 0 0 0 0 1;1 0 2 3 2 0 1 0 3 1;1 1 1 0 1 1 1 1 0 1;1 0 0 0 0 0 0 0 0 1;1 1 1 1 1 1 1 1 1 1]
466,DFS,3.353445291519165,1463,[0 0 0 0 0 0 1 1 1 1;0 0 0 0 0 0 1 0 0 1;0 0 0 0 0 0 1 2 0 1;0 0 0 0 0 0 1 0 0 1;1 1 1 1 1 1 1 0 3 1;1 5 2 3 0 0 0 0 0 1;1 0 2 3 2 0 1 0 3 1;1 1 1 0 1 1 1 1 0 1;1 0 0 0 0 0 0 0 0 1;1 1 1 1 1 1 1 1 1 1]
466,BFS,8.740588665008545,100,[0 0 0 0 0 0 1 1 1 1;0 0 0 0 0 0 1 0 0 1;0 0 0 0 0 0 1 2 0 1;0 0 0 0 0 0 1 0 0 1;1 1 1 1 1 1 1 0 3 1;1 5 2 3 0 0 0 0 0 1;1 0 2 3 2 0 1 0 3 1;1 1 1 0 1 1 1 1 0 1;1 0 0 0 0 0 0 0 0 1;1 1 1 1 1 1 1 1 1 1]
467,A*,7.743079423904419,70,[0 1 1 1 1 1 1 1 1 1;1 1 0 0 0 0 0 0 0 1;1 3 2 0 3 0 3 0 0 1;1 0 0 1 1 1 1 1 1 1;1 0 0 0 1 0 0 0 0 0;1 0 0 1 1 1 1 1 0 0;1 1 2 0 2 0 0 1 0 0;0 1 5 2 0 3 1 1 1 1;0 1 1 0 0 0 0 0 0 1;0 0 1 1 1 1 1 1 1 1]
467,DFS,2.1781210899353027,202,[0 1 1 1 1 1 1 1 1 1;1 1 0 0 0 0 0 0 0 1;1 3 2 0 3 0 3 0 0 1;1 0 0 1 1 1 1 1 1 1;1 0 0 0 1 0 0 0 0 0;1 0 0 1 1 1 1 1 0 0;1 1 2 0 2 0 0 1 0 0;0 1 5 2 0 3 1 1 1 1;0 1 1 0 0 0 0 0 0 1;0 0 1 1 1 1 1 1 1 1]
467,BFS,5.2933032512664795,70,[0 1 1 1 1 1 1 1 1 1;1 1 0 0 0 0 0 0 0 1;1 3 2 0 3 0 3 0 0 1;1 0 0 1 1 1 1 1 1 1;1 0 0 0 1 0 0 0 0 0;1 0 0 1 1 1 1 1 0 0;1 1 2 0 2 0 0 1 0 0;0 1 5 2 0 3 1 1 1 1;0 1 1 0 0 0 0 0 0 1;0 0 1 1 1 1 1 1 1 1]
468,A*,0.3132133483886719,42,[0 0 0 0 0 0 0 0 0 0;0 0 0 0 0 0 0 0 0 0;1 1 1 1 0 0 0 0 0 0;1 5 0 1 1 0 0 0 0 0;1 2 2 0 1 0 0 0 0 0;1 0 3 0 1 0 0 0 0 0;1 0 0 0 1 1 1 1 1 0;1 0 2 1 1 0 2 3 1 0;1 3 0 0 3 0 0 1 1 0;1 1 1 1 1 1 1 1 0 0]
468,DFS,0.0936131477355957,78,[0 0 0 0 0 0 0 0 0 0;0 0 0 0 0 0 0 0 0 0;1 1 1 1 0 0 0 0 0 0;1 5 0 1 1 0 0 0 0 0;1 2 2 0 1 0 0 0 0 0;1 0 3 0 1 0 0 0 0 0;1 0 0 0 1 1 1 1 1 0;1 0 2 1 1 0 2 3 1 0;1 3 0 0 3 0 0 1 1 0;1 1 1 1 1 1 1 1 0 0]
468,BFS,0.14289331436157227,42,[0 0 0 0 0 0 0 0 0 0;0 0 0 0 0 0 0 0 0 0;1 1 1 1 0 0 0 0 0 0;1 5 0 1 1 0 0 0 0 0;1 2 2 0 1 0 0 0 0 0;1 0 3 0 1 0 0 0 0 0;1 0 0 0 1 1 1 1 1 0;1 0 2 1 1 0 2 3 1 0;1 3 0 0 3 0 0 1 1 0;1 1 1 1 1 1 1 1 0 0]
469,A*,0.23128151893615723,28,[0 0 0 0 0 0 0 1 1 1;0 0 0 0 1 1 1 1 0 1;0 0 0 0 1 0 1 1 0 1;0 0 0 0 1 0 0 0 3 1;0 0 0 0 1 0 2 0 0 1;0 0 0 0 1 1 0 2 3 1;0 0 0 0 0 1 1 3 3 1;0 0 0 0 0 0 1 2 2 1;0 0 0 0 0 0 1 0 5 1;0 0 0 0 0 0 1 1 1 1]
469,DFS,0.09406423568725586,30,[0 0 0 0 0 0 0 1 1 1;0 0 0 0 1 1 1 1 0 1;0 0 0 0 1 0 1 1 0 1;0 0 0 0 1 0 0 0 3 1;0 0 0 0 1 0 2 0 0 1;0 0 0 0 1 1 0 2 3 1;0 0 0 0 0 1 1 3 3 1;0 0 0 0 0 0 1 2 2 1;0 0 0 0 0 0 1 0 5 1;0 0 0 0 0 0 1 1 1 1]
469,BFS,0.20121049880981445,28,[0 0 0 0 0 0 0 1 1 1;0 0 0 0 1 1 1 1 0 1;0 0 0 0 1 0 1 1 0 1;0 0 0 0 1 0 0 0 3 1;0 0 0 0 1 0 2 0 0 1;0 0 0 0 1 1 0 2 3 1;0 0 0 0 0 1 1 3 3 1;0 0 0 0 0 0 1 2 2 1;0 0 0 0 0 0 1 0 5 1;0 0 0 0 0 0 1 1 1 1]
470,A*,3.995856523513794,58,[0 0 0 0 0 0 0 0 0 0;0 0 0 0 0 0 0 0 0 0;0 0 0 0 1 1 1 1 0 0;0 0 0 0 1 0 0 1 1 0;0 0 0 0 1 0 2 5 1 0;0 0 0 0 1 0 2 1 1 0;0 1 1 1 1 0 3 0 1 0;0 1 0 2 0 3 2 0 1 1;0 1 0 0 3 3 0 0 0 1;0 1 1 1 1 1 1 1 1 1]
470,DFS,0.9927308559417725,98,[0 0 0 0 0 0 0 0 0 0;0 0 0 0 0 0 0 0 0 0;0 0 0 0 1 1 1 1 0 0;0 0 0 0 1 0 0 1 1 0;0 0 0 0 1 0 2 5 1 0;0 0 0 0 1 0 2 1 1 0;0 1 1 1 1 0 3 0 1 0;0 1 0 2 0 3 2 0 1 1;0 1 0 0 3 3 0 0 0 1;0 1 1 1 1 1 1 1 1 1]
470,BFS,2.2197489738464355,58,[0 0 0 0 0 0 0 0 0 0;0 0 0 0 0 0 0 0 0 0;0 0 0 0 1 1 1 1 0 0;0 0 0 0 1 0 0 1 1 0;0 0 0 0 1 0 2 5 1 0;0 0 0 0 1 0 2 1 1 0;0 1 1 1 1 0 3 0 1 0;0 1 0 2 0 3 2 0 1 1;0 1 0 0 3 3 0 0 0 1;0 1 1 1 1 1 1 1 1 1]
471,A*,1.0311603546142578,47,[1 1 1 0 0 0 0 0 0 0;1 0 1 0 0 0 0 0 0 0;1 0 1 1 0 0 0 0 0 0;1 3 0 1 0 0 0 0 0 0;1 0 1 1 0 0 0 0 0 0;1 3 1 1 0 0 1 1 1 0;1 0 0 1 1 1 1 0 1 1;1 0 2 3 0 2 0 2 0 1;1 0 3 0 0 0 0 2 5 1;1 1 1 1 1 1 1 1 1 1]
471,DFS,0.5380430221557617,185,[1 1 1 0 0 0 0 0 0 0;1 0 1 0 0 0 0 0 0 0;1 0 1 1 0 0 0 0 0 0;1 3 0 1 0 0 0 0 0 0;1 0 1 1 0 0 0 0 0 0;1 3 1 1 0 0 1 1 1 0;1 0 0 1 1 1 1 0 1 1;1 0 2 3 0 2 0 2 0 1;1 0 3 0 0 0 0 2 5 1;1 1 1 1 1 1 1 1 1 1]
471,BFS,0.8051466941833496,47,[1 1 1 0 0 0 0 0 0 0;1 0 1 0 0 0 0 0 0 0;1 0 1 1 0 0 0 0 0 0;1 3 0 1 0 0 0 0 0 0;1 0 1 1 0 0 0 0 0 0;1 3 1 1 0 0 1 1 1 0;1 0 0 1 1 1 1 0 1 1;1 0 2 3 0 2 0 2 0 1;1 0 3 0 0 0 0 2 5 1;1 1 1 1 1 1 1 1 1 1]
472,A*,0.533820390701294,41,[0 0 0 0 0 0 0 0 0 0;0 0 0 0 0 0 0 0 0 0;0 0 0 0 0 0 0 0 0 0;0 0 0 0 1 1 1 1 1 1;0 0 0 1 1 0 3 2 0 1;0 0 0 1 0 2 0 2 5 1;0 0 0 1 3 0 0 3 3 1;0 0 0 1 1 1 1 2 0 1;0 0 0 0 0 0 1 0 0 1;0 0 0 0 0 0 1 1 1 1]
472,DFS,0.10836958885192871,68,[0 0 0 0 0 0 0 0 0 0;0 0 0 0 0 0 0 0 0 0;0 0 0 0 0 0 0 0 0 0;0 0 0 0 1 1 1 1 1 1;0 0 0 1 1 0 3 2 0 1;0 0 0 1 0 2 0 2 5 1;0 0 0 1 3 0 0 3 3 1;0 0 0 1 1 1 1 2 0 1;0 0 0 0 0 0 1 0 0 1;0 0 0 0 0 0 1 1 1 1]
472,BFS,0.2180802822113037,41,[0 0 0 0 0 0 0 0 0 0;0 0 0 0 0 0 0 0 0 0;0 0 0 0 0 0 0 0 0 0;0 0 0 0 1 1 1 1 1 1;0 0 0 1 1 0 3 2 0 1;0 0 0 1 0 2 0 2 5 1;0 0 0 1 3 0 0 3 3 1;0 0 0 1 1 1 1 2 0 1;0 0 0 0 0 0 1 0 0 1;0 0 0 0 0 0 1 1 1 1]
473,A*,12.172804355621338,77,[1 1 1 1 1 1 1 1 1 1;1 0 5 0 0 0 0 0 0 1;1 2 1 0 1 0 2 3 0 1;1 0 0 1 1 1 1 2 0 1;1 0 1 1 0 1 0 0 0 1;1 0 1 1 0 1 1 0 1 1;1 0 0 1 0 1 1 0 0 1;1 0 2 1 1 1 0 0 0 1;1 3 0 0 0 3 0 0 3 1;1 1 1 1 1 1 1 1 1 1]
473,DFS,7.910937309265137,519,[1 1 1 1 1 1 1 1 1 1;1 0 5 0 0 0 0 0 0 1;1 2 1 0 1 0 2 3 0 1;1 0 0 1 1 1 1 2 0 1;1 0 1 1 0 1 0 0 0 1;1 0 1 1 0 1 1 0 1 1;1 0 0 1 0 1 1 0 0 1;1 0 2 1 1 1 0 0 0 1;1 3 0 0 0 3 0 0 3 1;1 1 1 1 1 1 1 1 1 1]
473,BFS,16.401103734970093,77,[1 1 1 1 1 1 1 1 1 1;1 0 5 0 0 0 0 0 0 1;1 2 1 0 1 0 2 3 0 1;1 0 0 1 1 1 1 2 0 1;1 0 1 1 0 1 0 0 0 1;1 0 1 1 0 1 1 0 1 1;1 0 0 1 0 1 1 0 0 1;1 0 2 1 1 1 0 0 0 1;1 3 0 0 0 3 0 0 3 1;1 1 1 1 1 1 1 1 1 1]
474,A*,1.7347683906555176,35,[1 1 1 1 1 1 1 1 1 1;1 0 0 0 0 0 0 0 0 1;1 3 0 2 3 0 3 0 0 1;1 0 0 0 1 1 1 1 1 1;1 2 0 1 1 0 0 0 0 0;1 0 0 0 1 0 0 0 0 0;1 1 0 1 1 0 0 0 0 0;1 1 2 0 1 1 1 1 0 0;1 5 2 3 0 0 0 1 0 0;1 1 1 1 1 1 1 1 0 0]
474,DFS,1.229691505432129,155,[1 1 1 1 1 1 1 1 1 1;1 0 0 0 0 0 0 0 0 1;1 3 0 2 3 0 3 0 0 1;1 0 0 0 1 1 1 1 1 1;1 2 0 1 1 0 0 0 0 0;1 0 0 0 1 0 0 0 0 0;1 1 0 1 1 0 0 0 0 0;1 1 2 0 1 1 1 1 0 0;1 5 2 3 0 0 0 1 0 0;1 1 1 1 1 1 1 1 0 0]
474,BFS,1.7621769905090332,35,[1 1 1 1 1 1 1 1 1 1;1 0 0 0 0 0 0 0 0 1;1 3 0 2 3 0 3 0 0 1;1 0 0 0 1 1 1 1 1 1;1 2 0 1 1 0 0 0 0 0;1 0 0 0 1 0 0 0 0 0;1 1 0 1 1 0 0 0 0 0;1 1 2 0 1 1 1 1 0 0;1 5 2 3 0 0 0 1 0 0;1 1 1 1 1 1 1 1 0 0]
475,A*,0.7196667194366455,35,[0 0 0 0 0 0 0 0 0 0;0 0 0 0 0 0 0 0 0 0;0 0 1 1 1 0 0 1 1 1;0 0 1 0 1 1 1 1 0 1;0 0 1 0 0 3 0 0 0 1;0 0 1 0 2 5 2 2 3 1;0 0 1 1 1 1 0 3 0 1;0 0 0 0 1 0 2 1 0 1;0 0 0 0 1 0 0 0 3 1;0 0 0 0 1 1 1 1 1 1]
475,DFS,0.568112850189209,126,[0 0 0 0 0 0 0 0 0 0;0 0 0 0 0 0 0 0 0 0;0 0 1 1 1 0 0 1 1 1;0 0 1 0 1 1 1 1 0 1;0 0 1 0 0 3 0 0 0 1;0 0 1 0 2 5 2 2 3 1;0 0 1 1 1 1 0 3 0 1;0 0 0 0 1 0 2 1 0 1;0 0 0 0 1 0 0 0 3 1;0 0 0 0 1 1 1 1 1 1]
475,BFS,0.708270788192749,35,[0 0 0 0 0 0 0 0 0 0;0 0 0 0 0 0 0 0 0 0;0 0 1 1 1 0 0 1 1 1;0 0 1 0 1 1 1 1 0 1;0 0 1 0 0 3 0 0 0 1;0 0 1 0 2 5 2 2 3 1;0 0 1 1 1 1 0 3 0 1;0 0 0 0 1 0 2 1 0 1;0 0 0 0 1 0 0 0 3 1;0 0 0 0 1 1 1 1 1 1]
476,A*,6.20664119720459,82,[1 1 1 1 0 0 0 0 0 0;1 0 0 1 1 1 1 1 0 0;1 0 2 0 3 2 5 1 0 0;1 0 0 1 2 0 1 1 0 0;1 1 0 3 2 0 1 1 0 0;1 0 0 1 1 0 0 1 1 0;1 1 3 1 1 0 1 0 1 0;1 0 0 1 0 0 0 0 1 0;1 0 0 3 0 0 0 0 1 0;1 1 1 1 1 1 1 1 1 0]
476,DFS,4.7569756507873535,277,[1 1 1 1 0 0 0 0 0 0;1 0 0 1 1 1 1 1 0 0;1 0 2 0 3 2 5 1 0 0;1 0 0 1 2 0 1 1 0 0;1 1 0 3 2 0 1 1 0 0;1 0 0 1 1 0 0 1 1 0;1 1 3 1 1 0 1 0 1 0;1 0 0 1 0 0 0 0 1 0;1 0 0 3 0 0 0 0 1 0;1 1 1 1 1 1 1 1 1 0]
476,BFS,6.794125080108643,82,[1 1 1 1 0 0 0 0 0 0;1 0 0 1 1 1 1 1 0 0;1 0 2 0 3 2 5 1 0 0;1 0 0 1 2 0 1 1 0 0;1 1 0 3 2 0 1 1 0 0;1 0 0 1 1 0 0 1 1 0;1 1 3 1 1 0 1 0 1 0;1 0 0 1 0 0 0 0 1 0;1 0 0 3 0 0 0 0 1 0;1 1 1 1 1 1 1 1 1 0]
477,A*,1.8619787693023682,63,[0 0 0 1 1 1 1 1 1 1;0 0 0 1 0 3 0 2 0 1;0 0 1 1 0 3 3 2 0 1;1 1 1 0 1 0 1 1 0 1;1 0 0 0 0 2 0 2 5 1;1 1 0 0 1 0 0 0 3 1;0 1 1 1 1 1 1 1 1 1;0 0 0 0 0 0 0 0 0 0;0 0 0 0 0 0 0 0 0 0;0 0 0 0 0 0 0 0 0 0]
477,DFS,0.49223780632019043,132,[0 0 0 1 1 1 1 1 1 1;0 0 0 1 0 3 0 2 0 1;0 0 1 1 0 3 3 2 0 1;1 1 1 0 1 0 1 1 0 1;1 0 0 0 0 2 0 2 5 1;1 1 0 0 1 0 0 0 3 1;0 1 1 1 1 1 1 1 1 1;0 0 0 0 0 0 0 0 0 0;0 0 0 0 0 0 0 0 0 0;0 0 0 0 0 0 0 0 0 0]
477,BFS,0.8627328872680664,63,[0 0 0 1 1 1 1 1 1 1;0 0 0 1 0 3 0 2 0 1;0 0 1 1 0 3 3 2 0 1;1 1 1 0 1 0 1 1 0 1;1 0 0 0 0 2 0 2 5 1;1 1 0 0 1 0 0 0 3 1;0 1 1 1 1 1 1 1 1 1;0 0 0 0 0 0 0 0 0 0;0 0 0 0 0 0 0 0 0 0;0 0 0 0 0 0 0 0 0 0]
478,A*,3.614631414413452,56,[1 1 1 1 1 1 1 0 0 0;1 0 3 3 0 0 1 1 0 0;1 0 0 2 2 0 0 1 0 0;1 1 0 0 3 1 1 1 0 0;0 1 0 0 2 1 0 0 0 0;0 1 1 0 3 1 0 0 0 0;0 0 1 2 0 1 0 0 0 0;0 0 1 5 1 1 0 0 0 0;0 0 1 1 1 0 0 0 0 0;0 0 0 0 0 0 0 0 0 0]
478,DFS,0.7966222763061523,172,[1 1 1 1 1 1 1 0 0 0;1 0 3 3 0 0 1 1 0 0;1 0 0 2 2 0 0 1 0 0;1 1 0 0 3 1 1 1 0 0;0 1 0 0 2 1 0 0 0 0;0 1 1 0 3 1 0 0 0 0;0 0 1 2 0 1 0 0 0 0;0 0 1 5 1 1 0 0 0 0;0 0 1 1 1 0 0 0 0 0;0 0 0 0 0 0 0 0 0 0]
478,BFS,1.5724797248840332,56,[1 1 1 1 1 1 1 0 0 0;1 0 3 3 0 0 1 1 0 0;1 0 0 2 2 0 0 1 0 0;1 1 0 0 3 1 1 1 0 0;0 1 0 0 2 1 0 0 0 0;0 1 1 0 3 1 0 0 0 0;0 0 1 2 0 1 0 0 0 0;0 0 1 5 1 1 0 0 0 0;0 0 1 1 1 0 0 0 0 0;0 0 0 0 0 0 0 0 0 0]
479,A*,1.536942481994629,64,[1 1 1 1 1 0 0 0 0 0;1 0 0 0 1 1 1 1 0 0;1 2 0 1 0 3 0 1 0 0;1 0 2 0 2 0 1 1 0 0;1 3 2 0 0 3 1 0 0 0;1 0 0 1 1 1 1 0 0 0;1 0 1 1 0 0 0 0 0 0;1 3 0 1 1 0 0 0 0 0;1 0 5 0 1 0 0 0 0 0;1 1 1 1 1 0 0 0 0 0]
479,DFS,0.7402663230895996,174,[1 1 1 1 1 0 0 0 0 0;1 0 0 0 1 1 1 1 0 0;1 2 0 1 0 3 0 1 0 0;1 0 2 0 2 0 1 1 0 0;1 3 2 0 0 3 1 0 0 0;1 0 0 1 1 1 1 0 0 0;1 0 1 1 0 0 0 0 0 0;1 3 0 1 1 0 0 0 0 0;1 0 5 0 1 0 0 0 0 0;1 1 1 1 1 0 0 0 0 0]
479,BFS,0.7812550067901611,64,[1 1 1 1 1 0 0 0 0 0;1 0 0 0 1 1 1 1 0 0;1 2 0 1 0 3 0 1 0 0;1 0 2 0 2 0 1 1 0 0;1 3 2 0 0 3 1 0 0 0;1 0 0 1 1 1 1 0 0 0;1 0 1 1 0 0 0 0 0 0;1 3 0 1 1 0 0 0 0 0;1 0 5 0 1 0 0 0 0 0;1 1 1 1 1 0 0 0 0 0]
480,A*,5.423186779022217,81,[0 0 0 0 0 0 0 0 0 0;0 0 0 0 0 0 0 0 0 0;0 0 0 0 0 0 0 0 0 0;0 0 0 0 1 1 1 1 1 1;0 0 0 0 1 5 1 1 0 1;0 1 1 1 1 2 0 0 0 1;1 1 0 1 1 0 2 3 3 1;1 0 2 0 0 0 1 2 0 1;1 0 0 3 0 0 0 3 0 1;1 1 1 1 1 1 1 1 1 1]
480,DFS,1.2921726703643799,279,[0 0 0 0 0 0 0 0 0 0;0 0 0 0 0 0 0 0 0 0;0 0 0 0 0 0 0 0 0 0;0 0 0 0 1 1 1 1 1 1;0 0 0 0 1 5 1 1 0 1;0 1 1 1 1 2 0 0 0 1;1 1 0 1 1 0 2 3 3 1;1 0 2 0 0 0 1 2 0 1;1 0 0 3 0 0 0 3 0 1;1 1 1 1 1 1 1 1 1 1]
480,BFS,3.1006133556365967,81,[0 0 0 0 0 0 0 0 0 0;0 0 0 0 0 0 0 0 0 0;0 0 0 0 0 0 0 0 0 0;0 0 0 0 1 1 1 1 1 1;0 0 0 0 1 5 1 1 0 1;0 1 1 1 1 2 0 0 0 1;1 1 0 1 1 0 2 3 3 1;1 0 2 0 0 0 1 2 0 1;1 0 0 3 0 0 0 3 0 1;1 1 1 1 1 1 1 1 1 1]
481,A*,1.7147324085235596,63,[1 1 1 1 1 1 1 1 1 1;1 0 3 0 2 0 0 0 3 1;1 3 2 0 1 0 0 0 0 1;1 0 0 1 1 1 1 1 1 1;1 5 2 1 0 0 0 0 0 0;1 3 0 1 0 0 0 0 0 0;1 0 2 1 0 0 0 0 0 0;1 0 0 1 0 0 0 0 0 0;1 0 1 1 0 0 0 0 0 0;1 1 1 0 0 0 0 0 0 0]
481,DFS,0.6598608493804932,931,[1 1 1 1 1 1 1 1 1 1;1 0 3 0 2 0 0 0 3 1;1 3 2 0 1 0 0 0 0 1;1 0 0 1 1 1 1 1 1 1;1 5 2 1 0 0 0 0 0 0;1 3 0 1 0 0 0 0 0 0;1 0 2 1 0 0 0 0 0 0;1 0 0 1 0 0 0 0 0 0;1 0 1 1 0 0 0 0 0 0;1 1 1 0 0 0 0 0 0 0]
481,BFS,0.858170747756958,63,[1 1 1 1 1 1 1 1 1 1;1 0 3 0 2 0 0 0 3 1;1 3 2 0 1 0 0 0 0 1;1 0 0 1 1 1 1 1 1 1;1 5 2 1 0 0 0 0 0 0;1 3 0 1 0 0 0 0 0 0;1 0 2 1 0 0 0 0 0 0;1 0 0 1 0 0 0 0 0 0;1 0 1 1 0 0 0 0 0 0;1 1 1 0 0 0 0 0 0 0]
482,A*,3.525688409805298,43,[0 0 0 1 1 1 1 1 1 1;0 0 0 1 0 0 0 0 0 1;0 0 0 1 0 3 1 1 0 1;0 0 0 1 0 2 1 0 0 1;0 0 0 1 5 3 0 0 3 1;0 0 0 1 0 0 2 0 2 1;0 0 0 1 1 1 1 0 0 1;0 0 0 0 0 0 1 2 3 1;0 0 0 0 0 0 1 0 0 1;0 0 0 0 0 0 1 1 1 1]
482,DFS,2.2953097820281982,1310,[0 0 0 1 1 1 1 1 1 1;0 0 0 1 0 0 0 0 0 1;0 0 0 1 0 3 1 1 0 1;0 0 0 1 0 2 1 0 0 1;0 0 0 1 5 3 0 0 3 1;0 0 0 1 0 0 2 0 2 1;0 0 0 1 1 1 1 0 0 1;0 0 0 0 0 0 1 2 3 1;0 0 0 0 0 0 1 0 0 1;0 0 0 0 0 0 1 1 1 1]
482,BFS,3.857734203338623,43,[0 0 0 1 1 1 1 1 1 1;0 0 0 1 0 0 0 0 0 1;0 0 0 1 0 3 1 1 0 1;0 0 0 1 0 2 1 0 0 1;0 0 0 1 5 3 0 0 3 1;0 0 0 1 0 0 2 0 2 1;0 0 0 1 1 1 1 0 0 1;0 0 0 0 0 0 1 2 3 1;0 0 0 0 0 0 1 0 0 1;0 0 0 0 0 0 1 1 1 1]
483,A*,40.43530488014221,72,[0 1 1 1 1 1 1 1 1 0;0 1 0 0 0 0 0 0 1 0;0 1 0 0 3 0 0 0 1 0;0 1 3 0 1 1 1 1 1 0;1 1 1 0 1 1 1 1 0 0;1 0 2 3 0 3 0 1 1 1;1 0 2 0 0 0 2 0 0 1;1 0 1 2 0 1 0 0 0 1;1 5 0 0 1 1 1 1 1 1;1 1 1 1 1 0 0 0 0 0]
483,DFS,16.808852434158325,1374,[0 1 1 1 1 1 1 1 1 0;0 1 0 0 0 0 0 0 1 0;0 1 0 0 3 0 0 0 1 0;0 1 3 0 1 1 1 1 1 0;1 1 1 0 1 1 1 1 0 0;1 0 2 3 0 3 0 1 1 1;1 0 2 0 0 0 2 0 0 1;1 0 1 2 0 1 0 0 0 1;1 5 0 0 1 1 1 1 1 1;1 1 1 1 1 0 0 0 0 0]
483,BFS,85.80577993392944,72,[0 1 1 1 1 1 1 1 1 0;0 1 0 0 0 0 0 0 1 0;0 1 0 0 3 0 0 0 1 0;0 1 3 0 1 1 1 1 1 0;1 1 1 0 1 1 1 1 0 0;1 0 2 3 0 3 0 1 1 1;1 0 2 0 0 0 2 0 0 1;1 0 1 2 0 1 0 0 0 1;1 5 0 0 1 1 1 1 1 1;1 1 1 1 1 0 0 0 0 0]
484,A*,8.270986080169678,49,[0 0 0 0 0 0 0 1 1 1;0 0 0 0 0 0 1 1 0 1;0 0 0 0 1 1 1 0 0 1;0 0 0 0 1 5 2 3 0 1;0 0 0 0 1 2 1 0 0 1;0 0 0 1 1 0 2 2 0 1;0 0 0 1 3 0 1 3 3 1;0 0 0 1 0 0 0 0 0 1;0 0 0 1 0 0 1 0 0 1;0 0 0 1 1 1 1 1 1 1]
484,DFS,2.573294162750244,1125,[0 0 0 0 0 0 0 1 1 1;0 0 0 0 0 0 1 1 0 1;0 0 0 0 1 1 1 0 0 1;0 0 0 0 1 5 2 3 0 1;0 0 0 0 1 2 1 0 0 1;0 0 0 1 1 0 2 2 0 1;0 0 0 1 3 0 1 3 3 1;0 0 0 1 0 0 0 0 0 1;0 0 0 1 0 0 1 0 0 1;0 0 0 1 1 1 1 1 1 1]
484,BFS,7.560712099075317,49,[0 0 0 0 0 0 0 1 1 1;0 0 0 0 0 0 1 1 0 1;0 0 0 0 1 1 1 0 0 1;0 0 0 0 1 5 2 3 0 1;0 0 0 0 1 2 1 0 0 1;0 0 0 1 1 0 2 2 0 1;0 0 0 1 3 0 1 3 3 1;0 0 0 1 0 0 0 0 0 1;0 0 0 1 0 0 1 0 0 1;0 0 0 1 1 1 1 1 1 1]
485,A*,35.873600244522095,60,[1 1 1 1 1 1 1 1 1 1;1 0 0 0 0 0 0 0 3 1;1 0 0 3 1 1 0 0 1 1;1 1 2 0 1 1 1 0 1 1;1 0 0 0 1 0 1 0 0 1;1 0 2 1 1 1 1 3 0 1;1 0 0 0 1 1 3 0 1 1;1 0 2 0 2 0 0 0 0 1;1 1 0 5 1 1 0 0 1 1;0 1 1 1 1 1 1 1 1 0]
485,DFS,15.62618374824524,523,[1 1 1 1 1 1 1 1 1 1;1 0 0 0 0 0 0 0 3 1;1 0 0 3 1 1 0 0 1 1;1 1 2 0 1 1 1 0 1 1;1 0 0 0 1 0 1 0 0 1;1 0 2 1 1 1 1 3 0 1;1 0 0 0 1 1 3 0 1 1;1 0 2 0 2 0 0 0 0 1;1 1 0 5 1 1 0 0 1 1;0 1 1 1 1 1 1 1 1 0]
485,BFS,156.29133915901184,60,[1 1 1 1 1 1 1 1 1 1;1 0 0 0 0 0 0 0 3 1;1 0 0 3 1 1 0 0 1 1;1 1 2 0 1 1 1 0 1 1;1 0 0 0 1 0 1 0 0 1;1 0 2 1 1 1 1 3 0 1;1 0 0 0 1 1 3 0 1 1;1 0 2 0 2 0 0 0 0 1;1 1 0 5 1 1 0 0 1 1;0 1 1 1 1 1 1 1 1 0]
486,A*,1.5611412525177002,53,[0 0 0 0 0 0 0 0 0 0;0 0 0 0 0 0 0 0 0 0;0 0 0 0 0 0 0 0 0 0;0 1 1 1 1 1 0 0 0 0;1 1 0 3 0 1 1 1 0 0;1 0 5 0 3 0 3 1 0 0;1 0 2 3 0 2 0 1 0 0;1 0 2 1 1 2 1 1 0 0;1 0 0 0 0 0 1 0 0 0;1 1 1 1 1 1 1 0 0 0]
486,DFS,1.1806962490081787,215,[0 0 0 0 0 0 0 0 0 0;0 0 0 0 0 0 0 0 0 0;0 0 0 0 0 0 0 0 0 0;0 1 1 1 1 1 0 0 0 0;1 1 0 3 0 1 1 1 0 0;1 0 5 0 3 0 3 1 0 0;1 0 2 3 0 2 0 1 0 0;1 0 2 1 1 2 1 1 0 0;1 0 0 0 0 0 1 0 0 0;1 1 1 1 1 1 1 0 0 0]
486,BFS,1.2895591259002686,53,[0 0 0 0 0 0 0 0 0 0;0 0 0 0 0 0 0 0 0 0;0 0 0 0 0 0 0 0 0 0;0 1 1 1 1 1 0 0 0 0;1 1 0 3 0 1 1 1 0 0;1 0 5 0 3 0 3 1 0 0;1 0 2 3 0 2 0 1 0 0;1 0 2 1 1 2 1 1 0 0;1 0 0 0 0 0 1 0 0 0;1 1 1 1 1 1 1 0 0 0]
487,A*,42.54872798919678,72,[1 1 1 1 1 1 1 1 1 1;1 0 0 3 1 0 0 0 0 1;1 0 2 0 0 0 0 2 0 1;1 0 3 1 1 0 5 0 1 1;1 0 1 1 1 0 2 1 1 0;1 0 1 1 1 3 0 1 0 0;1 0 0 1 1 0 1 1 0 0;1 0 2 1 1 0 0 1 1 0;1 0 0 0 0 3 0 0 1 0;1 1 1 1 1 1 1 1 1 0]
487,DFS,11.531745910644531,287,[1 1 1 1 1 1 1 1 1 1;1 0 0 3 1 0 0 0 0 1;1 0 2 0 0 0 0 2 0 1;1 0 3 1 1 0 5 0 1 1;1 0 1 1 1 0 2 1 1 0;1 0 1 1 1 3 0 1 0 0;1 0 0 1 1 0 1 1 0 0;1 0 2 1 1 0 0 1 1 0;1 0 0 0 0 3 0 0 1 0;1 1 1 1 1 1 1 1 1 0]
487,BFS,99.07141971588135,72,[1 1 1 1 1 1 1 1 1 1;1 0 0 3 1 0 0 0 0 1;1 0 2 0 0 0 0 2 0 1;1 0 3 1 1 0 5 0 1 1;1 0 1 1 1 0 2 1 1 0;1 0 1 1 1 3 0 1 0 0;1 0 0 1 1 0 1 1 0 0;1 0 2 1 1 0 0 1 1 0;1 0 0 0 0 3 0 0 1 0;1 1 1 1 1 1 1 1 1 0]
488,A*,0.9792263507843018,69,[0 0 0 0 0 0 0 0 0 0;0 0 0 0 0 0 0 0 0 0;0 0 0 0 0 0 1 1 1 1;0 0 0 0 0 0 1 0 3 1;0 0 0 0 0 1 1 2 0 1;0 0 0 0 0 1 0 3 3 1;0 0 0 0 1 1 2 0 0 1;0 0 0 1 1 0 2 3 2 1;0 0 0 1 5 0 0 0 0 1;0 0 0 1 1 1 1 1 1 1]
488,DFS,0.2788710594177246,152,[0 0 0 0 0 0 0 0 0 0;0 0 0 0 0 0 0 0 0 0;0 0 0 0 0 0 1 1 1 1;0 0 0 0 0 0 1 0 3 1;0 0 0 0 0 1 1 2 0 1;0 0 0 0 0 1 0 3 3 1;0 0 0 0 1 1 2 0 0 1;0 0 0 1 1 0 2 3 2 1;0 0 0 1 5 0 0 0 0 1;0 0 0 1 1 1 1 1 1 1]
488,BFS,0.32193922996520996,69,[0 0 0 0 0 0 0 0 0 0;0 0 0 0 0 0 0 0 0 0;0 0 0 0 0 0 1 1 1 1;0 0 0 0 0 0 1 0 3 1;0 0 0 0 0 1 1 2 0 1;0 0 0 0 0 1 0 3 3 1;0 0 0 0 1 1 2 0 0 1;0 0 0 1 1 0 2 3 2 1;0 0 0 1 5 0 0 0 0 1;0 0 0 1 1 1 1 1 1 1]
489,A*,20.689883708953857,69,[0 0 1 1 1 1 0 0 0 0;0 1 1 0 0 1 0 0 0 0;0 1 0 3 1 1 1 1 1 1;0 1 3 2 5 0 0 2 0 1;0 1 0 0 2 1 0 0 0 1;0 1 0 0 0 1 1 1 0 1;0 1 1 3 2 1 0 0 0 1;0 1 3 0 0 0 0 0 0 1;0 1 1 0 1 0 0 0 0 1;0 0 1 1 1 1 1 1 1 1]
489,DFS,7.11343240737915,355,[0 0 1 1 1 1 0 0 0 0;0 1 1 0 0 1 0 0 0 0;0 1 0 3 1 1 1 1 1 1;0 1 3 2 5 0 0 2 0 1;0 1 0 0 2 1 0 0 0 1;0 1 0 0 0 1 1 1 0 1;0 1 1 3 2 1 0 0 0 1;0 1 3 0 0 0 0 0 0 1;0 1 1 0 1 0 0 0 0 1;0 0 1 1 1 1 1 1 1 1]
489,BFS,55.61610412597656,69,[0 0 1 1 1 1 0 0 0 0;0 1 1 0 0 1 0 0 0 0;0 1 0 3 1 1 1 1 1 1;0 1 3 2 5 0 0 2 0 1;0 1 0 0 2 1 0 0 0 1;0 1 0 0 0 1 1 1 0 1;0 1 1 3 2 1 0 0 0 1;0 1 3 0 0 0 0 0 0 1;0 1 1 0 1 0 0 0 0 1;0 0 1 1 1 1 1 1 1 1]
490,A*,0.5954892635345459,63,[0 1 1 1 1 1 1 1 1 1;1 1 3 0 0 0 0 3 3 1;1 0 0 0 2 0 0 2 0 1;1 0 2 2 1 1 1 1 1 1;1 1 1 5 1 0 0 0 0 0;0 0 1 3 1 0 0 0 0 0;0 0 1 1 1 0 0 0 0 0;0 0 0 0 0 0 0 0 0 0;0 0 0 0 0 0 0 0 0 0;0 0 0 0 0 0 0 0 0 0]
490,DFS,0.12128496170043945,183,[0 1 1 1 1 1 1 1 1 1;1 1 3 0 0 0 0 3 3 1;1 0 0 0 2 0 0 2 0 1;1 0 2 2 1 1 1 1 1 1;1 1 1 5 1 0 0 0 0 0;0 0 1 3 1 0 0 0 0 0;0 0 1 1 1 0 0 0 0 0;0 0 0 0 0 0 0 0 0 0;0 0 0 0 0 0 0 0 0 0;0 0 0 0 0 0 0 0 0 0]
490,BFS,0.2510850429534912,63,[0 1 1 1 1 1 1 1 1 1;1 1 3 0 0 0 0 3 3 1;1 0 0 0 2 0 0 2 0 1;1 0 2 2 1 1 1 1 1 1;1 1 1 5 1 0 0 0 0 0;0 0 1 3 1 0 0 0 0 0;0 0 1 1 1 0 0 0 0 0;0 0 0 0 0 0 0 0 0 0;0 0 0 0 0 0 0 0 0 0;0 0 0 0 0 0 0 0 0 0]
491,A*,34.64769911766052,61,[0 0 0 0 0 0 0 0 0 0;0 1 1 1 1 1 1 0 0 0;1 1 0 1 0 5 1 1 1 1;1 0 2 0 2 0 0 0 3 1;1 0 2 0 0 0 0 3 0 1;1 0 0 0 0 1 1 1 0 1;1 0 1 1 1 0 0 0 3 1;1 1 1 1 1 0 2 0 0 1;0 0 0 1 0 0 0 0 3 1;0 0 0 1 1 1 1 1 1 1]
491,DFS,9.869524478912354,377,[0 0 0 0 0 0 0 0 0 0;0 1 1 1 1 1 1 0 0 0;1 1 0 1 0 5 1 1 1 1;1 0 2 0 2 0 0 0 3 1;1 0 2 0 0 0 0 3 0 1;1 0 0 0 0 1 1 1 0 1;1 0 1 1 1 0 0 0 3 1;1 1 1 1 1 0 2 0 0 1;0 0 0 1 0 0 0 0 3 1;0 0 0 1 1 1 1 1 1 1]
491,BFS,94.20964670181274,61,[0 0 0 0 0 0 0 0 0 0;0 1 1 1 1 1 1 0 0 0;1 1 0 1 0 5 1 1 1 1;1 0 2 0 2 0 0 0 3 1;1 0 2 0 0 0 0 3 0 1;1 0 0 0 0 1 1 1 0 1;1 0 1 1 1 0 0 0 3 1;1 1 1 1 1 0 2 0 0 1;0 0 0 1 0 0 0 0 3 1;0 0 0 1 1 1 1 1 1 1]
492,A*,14.615428447723389,50,[0 0 1 1 1 1 0 0 0 0;0 0 1 0 0 1 1 0 0 0;0 0 1 0 2 0 1 0 0 0;0 1 1 0 3 0 1 0 0 0;1 1 0 1 2 0 1 1 0 0;1 0 0 0 3 2 5 1 0 0;1 0 3 0 0 0 1 1 0 0;1 1 1 2 0 1 1 1 0 0;1 0 0 0 0 3 0 1 0 0;1 1 1 1 1 1 1 1 0 0]
492,DFS,5.006419897079468,138,[0 0 1 1 1 1 0 0 0 0;0 0 1 0 0 1 1 0 0 0;0 0 1 0 2 0 1 0 0 0;0 1 1 0 3 0 1 0 0 0;1 1 0 1 2 0 1 1 0 0;1 0 0 0 3 2 5 1 0 0;1 0 3 0 0 0 1 1 0 0;1 1 1 2 0 1 1 1 0 0;1 0 0 0 0 3 0 1 0 0;1 1 1 1 1 1 1 1 0 0]
492,BFS,20.583744764328003,50,[0 0 1 1 1 1 0 0 0 0;0 0 1 0 0 1 1 0 0 0;0 0 1 0 2 0 1 0 0 0;0 1 1 0 3 0 1 0 0 0;1 1 0 1 2 0 1 1 0 0;1 0 0 0 3 2 5 1 0 0;1 0 3 0 0 0 1 1 0 0;1 1 1 2 0 1 1 1 0 0;1 0 0 0 0 3 0 1 0 0;1 1 1 1 1 1 1 1 0 0]
493,A*,1.8762049674987793,46,[1 1 1 1 1 0 0 0 0 0;1 0 0 0 1 1 0 0 0 0;1 5 2 0 3 1 0 0 0 0;1 0 0 1 1 1 1 1 1 0;1 0 1 0 1 1 0 3 1 1;1 3 2 0 0 0 0 0 0 1;1 0 1 0 2 0 2 0 3 1;1 1 1 1 1 1 1 0 0 1;0 0 0 0 0 0 1 1 0 1;0 0 0 0 0 0 0 1 1 1]
493,DFS,0.4795413017272949,161,[1 1 1 1 1 0 0 0 0 0;1 0 0 0 1 1 0 0 0 0;1 5 2 0 3 1 0 0 0 0;1 0 0 1 1 1 1 1 1 0;1 0 1 0 1 1 0 3 1 1;1 3 2 0 0 0 0 0 0 1;1 0 1 0 2 0 2 0 3 1;1 1 1 1 1 1 1 0 0 1;0 0 0 0 0 0 1 1 0 1;0 0 0 0 0 0 0 1 1 1]
493,BFS,1.4241173267364502,46,[1 1 1 1 1 0 0 0 0 0;1 0 0 0 1 1 0 0 0 0;1 5 2 0 3 1 0 0 0 0;1 0 0 1 1 1 1 1 1 0;1 0 1 0 1 1 0 3 1 1;1 3 2 0 0 0 0 0 0 1;1 0 1 0 2 0 2 0 3 1;1 1 1 1 1 1 1 0 0 1;0 0 0 0 0 0 1 1 0 1;0 0 0 0 0 0 0 1 1 1]
494,A*,15.729635000228882,59,[0 0 1 1 1 1 1 1 1 1;0 0 1 0 0 0 0 0 0 1;0 1 1 0 0 0 0 3 0 1;0 1 0 2 0 1 1 1 1 1;0 1 5 2 0 1 1 0 0 0;1 1 1 0 0 0 1 0 0 0;1 0 2 0 2 0 1 0 0 0;1 0 3 3 3 1 1 0 0 0;1 1 1 1 1 1 0 0 0 0;0 0 0 0 0 0 0 0 0 0]
494,DFS,6.22525691986084,314,[0 0 1 1 1 1 1 1 1 1;0 0 1 0 0 0 0 0 0 1;0 1 1 0 0 0 0 3 0 1;0 1 0 2 0 1 1 1 1 1;0 1 5 2 0 1 1 0 0 0;1 1 1 0 0 0 1 0 0 0;1 0 2 0 2 0 1 0 0 0;1 0 3 3 3 1 1 0 0 0;1 1 1 1 1 1 0 0 0 0;0 0 0 0 0 0 0 0 0 0]
494,BFS,20.80408763885498,59,[0 0 1 1 1 1 1 1 1 1;0 0 1 0 0 0 0 0 0 1;0 1 1 0 0 0 0 3 0 1;0 1 0 2 0 1 1 1 1 1;0 1 5 2 0 1 1 0 0 0;1 1 1 0 0 0 1 0 0 0;1 0 2 0 2 0 1 0 0 0;1 0 3 3 3 1 1 0 0 0;1 1 1 1 1 1 0 0 0 0;0 0 0 0 0 0 0 0 0 0]
495,A*,16.068530797958374,91,[1 1 1 1 1 1 1 1 1 1;1 0 0 0 0 0 0 0 0 1;1 1 1 0 1 0 2 1 0 1;0 0 1 1 0 3 2 3 3 1;0 0 0 1 0 0 1 0 0 1;0 0 0 1 5 0 1 2 0 1;0 0 0 1 1 3 1 0 0 1;0 0 0 1 0 0 1 1 2 1;0 0 0 1 0 0 0 0 0 1;0 0 0 1 1 1 1 1 1 1]
495,DFS,5.5134947299957275,754,[1 1 1 1 1 1 1 1 1 1;1 0 0 0 0 0 0 0 0 1;1 1 1 0 1 0 2 1 0 1;0 0 1 1 0 3 2 3 3 1;0 0 0 1 0 0 1 0 0 1;0 0 0 1 5 0 1 2 0 1;0 0 0 1 1 3 1 0 0 1;0 0 0 1 0 0 1 1 2 1;0 0 0 1 0 0 0 0 0 1;0 0 0 1 1 1 1 1 1 1]
495,BFS,12.96972393989563,91,[1 1 1 1 1 1 1 1 1 1;1 0 0 0 0 0 0 0 0 1;1 1 1 0 1 0 2 1 0 1;0 0 1 1 0 3 2 3 3 1;0 0 0 1 0 0 1 0 0 1;0 0 0 1 5 0 1 2 0 1;0 0 0 1 1 3 1 0 0 1;0 0 0 1 0 0 1 1 2 1;0 0 0 1 0 0 0 0 0 1;0 0 0 1 1 1 1 1 1 1]
496,A*,0.9850046634674072,47,[1 1 1 0 0 0 0 0 0 0;1 0 1 0 0 0 0 0 0 0;1 0 1 1 0 0 0 0 0 0;1 3 0 1 0 0 0 0 0 0;1 0 1 1 0 0 0 0 0 0;1 3 1 1 0 0 1 1 1 0;1 0 0 1 1 1 1 0 1 1;1 0 2 3 0 2 0 2 0 1;1 0 3 0 0 0 0 2 5 1;1 1 1 1 1 1 1 1 1 1]
496,DFS,0.5223112106323242,185,[1 1 1 0 0 0 0 0 0 0;1 0 1 0 0 0 0 0 0 0;1 0 1 1 0 0 0 0 0 0;1 3 0 1 0 0 0 0 0 0;1 0 1 1 0 0 0 0 0 0;1 3 1 1 0 0 1 1 1 0;1 0 0 1 1 1 1 0 1 1;1 0 2 3 0 2 0 2 0 1;1 0 3 0 0 0 0 2 5 1;1 1 1 1 1 1 1 1 1 1]
496,BFS,0.6891372203826904,47,[1 1 1 0 0 0 0 0 0 0;1 0 1 0 0 0 0 0 0 0;1 0 1 1 0 0 0 0 0 0;1 3 0 1 0 0 0 0 0 0;1 0 1 1 0 0 0 0 0 0;1 3 1 1 0 0 1 1 1 0;1 0 0 1 1 1 1 0 1 1;1 0 2 3 0 2 0 2 0 1;1 0 3 0 0 0 0 2 5 1;1 1 1 1 1 1 1 1 1 1]
497,A*,1.7040326595306396,55,[0 0 0 0 0 0 0 0 0 0;0 0 0 0 0 0 0 0 0 0;1 1 1 1 1 0 0 0 0 0;1 0 0 0 1 1 1 1 1 0;1 3 2 0 0 0 2 0 1 0;1 3 0 2 3 0 3 0 1 0;1 0 1 1 1 1 1 1 1 0;1 0 2 0 1 1 1 1 1 1;1 0 0 0 0 0 0 0 5 1;1 1 1 1 1 1 1 1 1 1]
497,DFS,0.6668820381164551,73,[0 0 0 0 0 0 0 0 0 0;0 0 0 0 0 0 0 0 0 0;1 1 1 1 1 0 0 0 0 0;1 0 0 0 1 1 1 1 1 0;1 3 2 0 0 0 2 0 1 0;1 3 0 2 3 0 3 0 1 0;1 0 1 1 1 1 1 1 1 0;1 0 2 0 1 1 1 1 1 1;1 0 0 0 0 0 0 0 5 1;1 1 1 1 1 1 1 1 1 1]
497,BFS,1.0721096992492676,55,[0 0 0 0 0 0 0 0 0 0;0 0 0 0 0 0 0 0 0 0;1 1 1 1 1 0 0 0 0 0;1 0 0 0 1 1 1 1 1 0;1 3 2 0 0 0 2 0 1 0;1 3 0 2 3 0 3 0 1 0;1 0 1 1 1 1 1 1 1 0;1 0 2 0 1 1 1 1 1 1;1 0 0 0 0 0 0 0 5 1;1 1 1 1 1 1 1 1 1 1]
498,A*,1.7801198959350586,34,[0 0 0 0 0 1 1 1 1 1;0 0 0 0 0 1 0 3 0 1;0 0 0 0 0 1 1 0 0 1;0 0 0 0 0 0 1 2 0 1;0 0 0 0 0 0 1 3 0 1;0 0 0 0 0 1 1 0 0 1;0 0 0 1 1 1 0 2 0 1;0 0 0 1 5 2 0 3 0 1;0 0 0 1 0 2 3 0 0 1;0 0 0 1 1 1 1 1 1 1]
498,DFS,0.9698154926300049,115,[0 0 0 0 0 1 1 1 1 1;0 0 0 0 0 1 0 3 0 1;0 0 0 0 0 1 1 0 0 1;0 0 0 0 0 0 1 2 0 1;0 0 0 0 0 0 1 3 0 1;0 0 0 0 0 1 1 0 0 1;0 0 0 1 1 1 0 2 0 1;0 0 0 1 5 2 0 3 0 1;0 0 0 1 0 2 3 0 0 1;0 0 0 1 1 1 1 1 1 1]
498,BFS,1.3242368698120117,34,[0 0 0 0 0 1 1 1 1 1;0 0 0 0 0 1 0 3 0 1;0 0 0 0 0 1 1 0 0 1;0 0 0 0 0 0 1 2 0 1;0 0 0 0 0 0 1 3 0 1;0 0 0 0 0 1 1 0 0 1;0 0 0 1 1 1 0 2 0 1;0 0 0 1 5 2 0 3 0 1;0 0 0 1 0 2 3 0 0 1;0 0 0 1 1 1 1 1 1 1]
499,A*,1.3269729614257812,42,[1 1 1 1 0 0 0 0 0 0;1 0 3 1 0 0 0 0 0 0;1 0 0 1 0 0 0 0 0 0;1 0 2 1 0 0 0 0 0 0;1 1 5 1 1 1 0 0 0 0;1 0 2 0 0 1 0 0 0 0;1 3 0 2 0 1 0 0 0 0;1 0 3 2 1 1 1 0 0 0;1 0 3 0 0 0 1 0 0 0;1 1 1 1 1 1 1 0 0 0]
499,DFS,0.4645838737487793,66,[1 1 1 1 0 0 0 0 0 0;1 0 3 1 0 0 0 0 0 0;1 0 0 1 0 0 0 0 0 0;1 0 2 1 0 0 0 0 0 0;1 1 5 1 1 1 0 0 0 0;1 0 2 0 0 1 0 0 0 0;1 3 0 2 0 1 0 0 0 0;1 0 3 2 1 1 1 0 0 0;1 0 3 0 0 0 1 0 0 0;1 1 1 1 1 1 1 0 0 0]
499,BFS,0.669083833694458,42,[1 1 1 1 0 0 0 0 0 0;1 0 3 1 0 0 0 0 0 0;1 0 0 1 0 0 0 0 0 0;1 0 2 1 0 0 0 0 0 0;1 1 5 1 1 1 0 0 0 0;1 0 2 0 0 1 0 0 0 0;1 3 0 2 0 1 0 0 0 0;1 0 3 2 1 1 1 0 0 0;1 0 3 0 0 0 1 0 0 0;1 1 1 1 1 1 1 0 0 0]
500,A*,1.3921864032745361,75,[1 1 1 1 0 0 0 1 1 1;1 3 0 1 1 1 1 1 0 1;1 0 0 2 0 2 0 2 5 1;1 3 0 0 0 0 3 2 0 1;1 0 1 1 1 1 1 1 1 1;1 3 0 0 0 0 0 1 0 0;1 0 0 1 0 1 1 1 0 0;1 1 1 1 1 1 0 0 0 0;0 0 0 0 0 0 0 0 0 0;0 0 0 0 0 0 0 0 0 0]
500,DFS,0.3435337543487549,112,[1 1 1 1 0 0 0 1 1 1;1 3 0 1 1 1 1 1 0 1;1 0 0 2 0 2 0 2 5 1;1 3 0 0 0 0 3 2 0 1;1 0 1 1 1 1 1 1 1 1;1 3 0 0 0 0 0 1 0 0;1 0 0 1 0 1 1 1 0 0;1 1 1 1 1 1 0 0 0 0;0 0 0 0 0 0 0 0 0 0;0 0 0 0 0 0 0 0 0 0]
500,BFS,0.6456446647644043,75,[1 1 1 1 0 0 0 1 1 1;1 3 0 1 1 1 1 1 0 1;1 0 0 2 0 2 0 2 5 1;1 3 0 0 0 0 3 2 0 1;1 0 1 1 1 1 1 1 1 1;1 3 0 0 0 0 0 1 0 0;1 0 0 1 0 1 1 1 0 0;1 1 1 1 1 1 0 0 0 0;0 0 0 0 0 0 0 0 0 0;0 0 0 0 0 0 0 0 0 0]
501,A*,16.587003469467163,70,[0 0 1 1 1 1 1 1 1 1;0 0 1 0 0 0 0 3 0 1;0 0 1 1 0 3 0 2 3 1;0 0 0 1 1 0 0 1 1 1;0 0 0 0 1 3 0 2 0 1;0 0 0 0 1 1 0 0 0 1;0 0 0 1 1 1 0 2 0 1;0 0 0 1 0 0 0 2 0 1;0 0 0 1 5 0 0 1 0 1;0 0 0 1 1 1 1 1 1 1]
501,DFS,2.256988048553467,644,[0 0 1 1 1 1 1 1 1 1;0 0 1 0 0 0 0 3 0 1;0 0 1 1 0 3 0 2 3 1;0 0 0 1 1 0 0 1 1 1;0 0 0 0 1 3 0 2 0 1;0 0 0 0 1 1 0 0 0 1;0 0 0 1 1 1 0 2 0 1;0 0 0 1 0 0 0 2 0 1;0 0 0 1 5 0 0 1 0 1;0 0 0 1 1 1 1 1 1 1]
501,BFS,19.61898422241211,70,[0 0 1 1 1 1 1 1 1 1;0 0 1 0 0 0 0 3 0 1;0 0 1 1 0 3 0 2 3 1;0 0 0 1 1 0 0 1 1 1;0 0 0 0 1 3 0 2 0 1;0 0 0 0 1 1 0 0 0 1;0 0 0 1 1 1 0 2 0 1;0 0 0 1 0 0 0 2 0 1;0 0 0 1 5 0 0 1 0 1;0 0 0 1 1 1 1 1 1 1]
502,A*,1.8839807510375977,55,[0 0 0 0 0 0 0 0 0 0;0 0 0 0 0 0 0 0 0 0;1 1 1 1 1 0 0 0 0 0;1 0 0 0 1 1 1 1 1 0;1 3 2 0 0 0 2 0 1 0;1 3 0 2 3 0 3 0 1 0;1 0 1 1 1 1 1 1 1 0;1 0 2 0 1 1 1 1 1 1;1 0 0 0 0 0 0 0 5 1;1 1 1 1 1 1 1 1 1 1]
502,DFS,0.7071347236633301,73,[0 0 0 0 0 0 0 0 0 0;0 0 0 0 0 0 0 0 0 0;1 1 1 1 1 0 0 0 0 0;1 0 0 0 1 1 1 1 1 0;1 3 2 0 0 0 2 0 1 0;1 3 0 2 3 0 3 0 1 0;1 0 1 1 1 1 1 1 1 0;1 0 2 0 1 1 1 1 1 1;1 0 0 0 0 0 0 0 5 1;1 1 1 1 1 1 1 1 1 1]
502,BFS,1.0760667324066162,55,[0 0 0 0 0 0 0 0 0 0;0 0 0 0 0 0 0 0 0 0;1 1 1 1 1 0 0 0 0 0;1 0 0 0 1 1 1 1 1 0;1 3 2 0 0 0 2 0 1 0;1 3 0 2 3 0 3 0 1 0;1 0 1 1 1 1 1 1 1 0;1 0 2 0 1 1 1 1 1 1;1 0 0 0 0 0 0 0 5 1;1 1 1 1 1 1 1 1 1 1]
503,A*,1.2071115970611572,46,[0 0 0 0 0 1 1 1 1 1;0 0 0 0 0 1 5 0 0 1;0 0 0 0 0 1 1 1 2 1;0 0 0 0 0 0 1 1 0 1;0 0 1 1 1 1 1 0 0 1;0 0 1 3 0 0 2 3 0 1;0 0 1 1 0 0 2 2 0 1;0 0 0 1 1 3 0 1 0 1;0 0 0 1 0 0 0 0 3 1;0 0 0 1 1 1 1 1 1 1]
503,DFS,0.21735310554504395,256,[0 0 0 0 0 1 1 1 1 1;0 0 0 0 0 1 5 0 0 1;0 0 0 0 0 1 1 1 2 1;0 0 0 0 0 0 1 1 0 1;0 0 1 1 1 1 1 0 0 1;0 0 1 3 0 0 2 3 0 1;0 0 1 1 0 0 2 2 0 1;0 0 0 1 1 3 0 1 0 1;0 0 0 1 0 0 0 0 3 1;0 0 0 1 1 1 1 1 1 1]
503,BFS,1.0711398124694824,46,[0 0 0 0 0 1 1 1 1 1;0 0 0 0 0 1 5 0 0 1;0 0 0 0 0 1 1 1 2 1;0 0 0 0 0 0 1 1 0 1;0 0 1 1 1 1 1 0 0 1;0 0 1 3 0 0 2 3 0 1;0 0 1 1 0 0 2 2 0 1;0 0 0 1 1 3 0 1 0 1;0 0 0 1 0 0 0 0 3 1;0 0 0 1 1 1 1 1 1 1]
504,A*,15.119464635848999,71,[1 1 1 1 1 1 1 1 1 1;1 0 3 0 0 0 0 0 0 1;1 0 2 0 0 2 0 2 0 1;1 1 1 0 2 1 1 1 1 1;0 0 1 0 5 0 1 0 0 0;0 0 1 1 3 0 1 0 0 0;0 0 1 0 0 0 1 0 0 0;0 0 1 3 0 3 1 0 0 0;0 0 1 1 1 0 1 0 0 0;0 0 0 0 1 1 1 0 0 0]
504,DFS,3.7497401237487793,554,[1 1 1 1 1 1 1 1 1 1;1 0 3 0 0 0 0 0 0 1;1 0 2 0 0 2 0 2 0 1;1 1 1 0 2 1 1 1 1 1;0 0 1 0 5 0 1 0 0 0;0 0 1 1 3 0 1 0 0 0;0 0 1 0 0 0 1 0 0 0;0 0 1 3 0 3 1 0 0 0;0 0 1 1 1 0 1 0 0 0;0 0 0 0 1 1 1 0 0 0]
504,BFS,17.00912117958069,71,[1 1 1 1 1 1 1 1 1 1;1 0 3 0 0 0 0 0 0 1;1 0 2 0 0 2 0 2 0 1;1 1 1 0 2 1 1 1 1 1;0 0 1 0 5 0 1 0 0 0;0 0 1 1 3 0 1 0 0 0;0 0 1 0 0 0 1 0 0 0;0 0 1 3 0 3 1 0 0 0;0 0 1 1 1 0 1 0 0 0;0 0 0 0 1 1 1 0 0 0]
505,A*,1.0118670463562012,47,[1 1 1 0 0 0 0 0 0 0;1 0 1 0 0 0 0 0 0 0;1 0 1 1 0 0 0 0 0 0;1 3 0 1 0 0 0 0 0 0;1 0 1 1 0 0 0 0 0 0;1 3 1 1 0 0 1 1 1 0;1 0 0 1 1 1 1 0 1 1;1 0 2 3 0 2 0 2 0 1;1 0 3 0 0 0 0 2 5 1;1 1 1 1 1 1 1 1 1 1]
505,DFS,0.506899356842041,185,[1 1 1 0 0 0 0 0 0 0;1 0 1 0 0 0 0 0 0 0;1 0 1 1 0 0 0 0 0 0;1 3 0 1 0 0 0 0 0 0;1 0 1 1 0 0 0 0 0 0;1 3 1 1 0 0 1 1 1 0;1 0 0 1 1 1 1 0 1 1;1 0 2 3 0 2 0 2 0 1;1 0 3 0 0 0 0 2 5 1;1 1 1 1 1 1 1 1 1 1]
505,BFS,0.7685813903808594,47,[1 1 1 0 0 0 0 0 0 0;1 0 1 0 0 0 0 0 0 0;1 0 1 1 0 0 0 0 0 0;1 3 0 1 0 0 0 0 0 0;1 0 1 1 0 0 0 0 0 0;1 3 1 1 0 0 1 1 1 0;1 0 0 1 1 1 1 0 1 1;1 0 2 3 0 2 0 2 0 1;1 0 3 0 0 0 0 2 5 1;1 1 1 1 1 1 1 1 1 1]
506,A*,0.41649651527404785,37,[0 0 0 0 0 0 0 0 0 0;0 0 0 0 0 0 0 0 0 0;0 0 0 0 0 0 0 0 0 0;0 0 0 0 1 1 1 1 0 0;0 0 0 1 1 0 5 1 0 0;1 1 1 1 0 2 1 1 0 0;1 3 0 0 1 0 0 1 1 1;1 2 2 0 2 3 0 1 0 1;1 3 0 0 3 0 0 0 0 1;1 1 1 1 1 1 1 1 1 1]
506,DFS,0.13470149040222168,41,[0 0 0 0 0 0 0 0 0 0;0 0 0 0 0 0 0 0 0 0;0 0 0 0 0 0 0 0 0 0;0 0 0 0 1 1 1 1 0 0;0 0 0 1 1 0 5 1 0 0;1 1 1 1 0 2 1 1 0 0;1 3 0 0 1 0 0 1 1 1;1 2 2 0 2 3 0 1 0 1;1 3 0 0 3 0 0 0 0 1;1 1 1 1 1 1 1 1 1 1]
506,BFS,0.2110142707824707,37,[0 0 0 0 0 0 0 0 0 0;0 0 0 0 0 0 0 0 0 0;0 0 0 0 0 0 0 0 0 0;0 0 0 0 1 1 1 1 0 0;0 0 0 1 1 0 5 1 0 0;1 1 1 1 0 2 1 1 0 0;1 3 0 0 1 0 0 1 1 1;1 2 2 0 2 3 0 1 0 1;1 3 0 0 3 0 0 0 0 1;1 1 1 1 1 1 1 1 1 1]
507,A*,0.9121289253234863,69,[0 0 0 0 0 0 0 0 0 0;0 0 0 0 0 0 0 0 0 0;0 0 0 0 0 0 1 1 1 1;0 0 0 0 0 0 1 0 3 1;0 0 0 0 0 1 1 2 0 1;0 0 0 0 0 1 0 3 3 1;0 0 0 0 1 1 2 0 0 1;0 0 0 1 1 0 2 3 2 1;0 0 0 1 5 0 0 0 0 1;0 0 0 1 1 1 1 1 1 1]
507,DFS,0.24288558959960938,152,[0 0 0 0 0 0 0 0 0 0;0 0 0 0 0 0 0 0 0 0;0 0 0 0 0 0 1 1 1 1;0 0 0 0 0 0 1 0 3 1;0 0 0 0 0 1 1 2 0 1;0 0 0 0 0 1 0 3 3 1;0 0 0 0 1 1 2 0 0 1;0 0 0 1 1 0 2 3 2 1;0 0 0 1 5 0 0 0 0 1;0 0 0 1 1 1 1 1 1 1]
507,BFS,0.3141474723815918,69,[0 0 0 0 0 0 0 0 0 0;0 0 0 0 0 0 0 0 0 0;0 0 0 0 0 0 1 1 1 1;0 0 0 0 0 0 1 0 3 1;0 0 0 0 0 1 1 2 0 1;0 0 0 0 0 1 0 3 3 1;0 0 0 0 1 1 2 0 0 1;0 0 0 1 1 0 2 3 2 1;0 0 0 1 5 0 0 0 0 1;0 0 0 1 1 1 1 1 1 1]
508,A*,0.9813346862792969,47,[1 1 1 0 0 0 0 0 0 0;1 0 1 0 0 0 0 0 0 0;1 0 1 1 0 0 0 0 0 0;1 3 0 1 0 0 0 0 0 0;1 0 1 1 0 0 0 0 0 0;1 3 1 1 0 0 1 1 1 0;1 0 0 1 1 1 1 0 1 1;1 0 2 3 0 2 0 2 0 1;1 0 3 0 0 0 0 2 5 1;1 1 1 1 1 1 1 1 1 1]
508,DFS,0.5176510810852051,185,[1 1 1 0 0 0 0 0 0 0;1 0 1 0 0 0 0 0 0 0;1 0 1 1 0 0 0 0 0 0;1 3 0 1 0 0 0 0 0 0;1 0 1 1 0 0 0 0 0 0;1 3 1 1 0 0 1 1 1 0;1 0 0 1 1 1 1 0 1 1;1 0 2 3 0 2 0 2 0 1;1 0 3 0 0 0 0 2 5 1;1 1 1 1 1 1 1 1 1 1]
508,BFS,0.7492024898529053,47,[1 1 1 0 0 0 0 0 0 0;1 0 1 0 0 0 0 0 0 0;1 0 1 1 0 0 0 0 0 0;1 3 0 1 0 0 0 0 0 0;1 0 1 1 0 0 0 0 0 0;1 3 1 1 0 0 1 1 1 0;1 0 0 1 1 1 1 0 1 1;1 0 2 3 0 2 0 2 0 1;1 0 3 0 0 0 0 2 5 1;1 1 1 1 1 1 1 1 1 1]
509,A*,0.29523420333862305,30,[1 1 1 0 0 0 0 0 0 0;1 0 1 1 1 1 1 0 0 0;1 0 0 3 0 0 1 0 0 0;1 3 2 2 0 2 1 1 0 0;1 0 2 5 1 0 0 1 0 0;1 0 1 1 0 3 1 1 0 0;1 3 1 1 0 0 1 0 0 0;1 0 1 1 0 0 1 0 0 0;1 1 1 1 0 0 1 0 0 0;0 0 0 1 1 1 1 0 0 0]
509,DFS,0.14958620071411133,34,[1 1 1 0 0 0 0 0 0 0;1 0 1 1 1 1 1 0 0 0;1 0 0 3 0 0 1 0 0 0;1 3 2 2 0 2 1 1 0 0;1 0 2 5 1 0 0 1 0 0;1 0 1 1 0 3 1 1 0 0;1 3 1 1 0 0 1 0 0 0;1 0 1 1 0 0 1 0 0 0;1 1 1 1 0 0 1 0 0 0;0 0 0 1 1 1 1 0 0 0]
509,BFS,0.22176527976989746,30,[1 1 1 0 0 0 0 0 0 0;1 0 1 1 1 1 1 0 0 0;1 0 0 3 0 0 1 0 0 0;1 3 2 2 0 2 1 1 0 0;1 0 2 5 1 0 0 1 0 0;1 0 1 1 0 3 1 1 0 0;1 3 1 1 0 0 1 0 0 0;1 0 1 1 0 0 1 0 0 0;1 1 1 1 0 0 1 0 0 0;0 0 0 1 1 1 1 0 0 0]
510,A*,7.64554500579834,73,[0 0 1 1 1 1 1 1 1 1;0 0 1 0 0 0 3 2 0 1;0 0 1 1 5 2 0 0 3 1;0 0 0 1 1 1 0 2 0 1;0 0 0 0 0 1 2 0 0 1;0 0 0 0 0 1 0 0 1 1;0 0 0 0 0 1 1 0 0 1;0 0 0 1 1 1 0 0 3 1;0 0 0 1 0 0 0 3 0 1;0 0 0 1 1 1 1 1 1 1]
510,DFS,2.2905876636505127,215,[0 0 1 1 1 1 1 1 1 1;0 0 1 0 0 0 3 2 0 1;0 0 1 1 5 2 0 0 3 1;0 0 0 1 1 1 0 2 0 1;0 0 0 0 0 1 2 0 0 1;0 0 0 0 0 1 0 0 1 1;0 0 0 0 0 1 1 0 0 1;0 0 0 1 1 1 0 0 3 1;0 0 0 1 0 0 0 3 0 1;0 0 0 1 1 1 1 1 1 1]
510,BFS,4.997802734375,73,[0 0 1 1 1 1 1 1 1 1;0 0 1 0 0 0 3 2 0 1;0 0 1 1 5 2 0 0 3 1;0 0 0 1 1 1 0 2 0 1;0 0 0 0 0 1 2 0 0 1;0 0 0 0 0 1 0 0 1 1;0 0 0 0 0 1 1 0 0 1;0 0 0 1 1 1 0 0 3 1;0 0 0 1 0 0 0 3 0 1;0 0 0 1 1 1 1 1 1 1]
511,A*,11.817986965179443,68,[0 0 0 0 0 1 1 1 1 1;0 0 0 0 0 1 0 0 0 1;0 0 0 0 0 1 0 0 0 1;0 0 0 0 0 1 1 5 3 1;0 0 0 0 0 0 1 0 0 1;0 1 1 1 1 1 1 3 0 1;0 1 0 2 0 2 0 0 0 1;0 1 0 2 0 1 1 2 0 1;0 1 0 0 3 0 3 0 0 1;0 1 1 1 1 1 1 1 1 1]
511,DFS,3.3570163249969482,2283,[0 0 0 0 0 1 1 1 1 1;0 0 0 0 0 1 0 0 0 1;0 0 0 0 0 1 0 0 0 1;0 0 0 0 0 1 1 5 3 1;0 0 0 0 0 0 1 0 0 1;0 1 1 1 1 1 1 3 0 1;0 1 0 2 0 2 0 0 0 1;0 1 0 2 0 1 1 2 0 1;0 1 0 0 3 0 3 0 0 1;0 1 1 1 1 1 1 1 1 1]
511,BFS,17.392841815948486,68,[0 0 0 0 0 1 1 1 1 1;0 0 0 0 0 1 0 0 0 1;0 0 0 0 0 1 0 0 0 1;0 0 0 0 0 1 1 5 3 1;0 0 0 0 0 0 1 0 0 1;0 1 1 1 1 1 1 3 0 1;0 1 0 2 0 2 0 0 0 1;0 1 0 2 0 1 1 2 0 1;0 1 0 0 3 0 3 0 0 1;0 1 1 1 1 1 1 1 1 1]
512,A*,5.048661947250366,56,[0 0 0 0 1 1 1 1 1 1;0 0 0 0 1 0 0 0 0 1;0 0 0 0 1 3 2 0 5 1;0 0 0 0 1 1 2 0 0 1;0 0 0 0 0 1 0 2 0 1;0 0 0 0 1 1 0 0 0 1;0 0 0 0 1 0 1 3 0 1;0 0 0 0 1 0 2 3 1 1;0 0 0 0 1 0 0 3 1 0;0 0 0 0 1 1 1 1 1 0]
512,DFS,1.4093351364135742,150,[0 0 0 0 1 1 1 1 1 1;0 0 0 0 1 0 0 0 0 1;0 0 0 0 1 3 2 0 5 1;0 0 0 0 1 1 2 0 0 1;0 0 0 0 0 1 0 2 0 1;0 0 0 0 1 1 0 0 0 1;0 0 0 0 1 0 1 3 0 1;0 0 0 0 1 0 2 3 1 1;0 0 0 0 1 0 0 3 1 0;0 0 0 0 1 1 1 1 1 0]
512,BFS,3.101186513900757,56,[0 0 0 0 1 1 1 1 1 1;0 0 0 0 1 0 0 0 0 1;0 0 0 0 1 3 2 0 5 1;0 0 0 0 1 1 2 0 0 1;0 0 0 0 0 1 0 2 0 1;0 0 0 0 1 1 0 0 0 1;0 0 0 0 1 0 1 3 0 1;0 0 0 0 1 0 2 3 1 1;0 0 0 0 1 0 0 3 1 0;0 0 0 0 1 1 1 1 1 0]
513,A*,3.6518664360046387,59,[1 1 1 1 1 1 1 1 1 1;1 0 3 0 0 0 2 0 3 1;1 3 0 0 0 1 0 0 0 1;1 0 2 1 1 1 0 3 0 1;1 0 0 1 0 1 1 2 0 1;1 0 0 1 0 0 1 0 0 1;1 1 1 1 0 0 1 1 2 1;0 0 0 0 0 0 0 1 5 1;0 0 0 0 0 0 0 1 1 1;0 0 0 0 0 0 0 0 0 0]
513,DFS,1.2339136600494385,157,[1 1 1 1 1 1 1 1 1 1;1 0 3 0 0 0 2 0 3 1;1 3 0 0 0 1 0 0 0 1;1 0 2 1 1 1 0 3 0 1;1 0 0 1 0 1 1 2 0 1;1 0 0 1 0 0 1 0 0 1;1 1 1 1 0 0 1 1 2 1;0 0 0 0 0 0 0 1 5 1;0 0 0 0 0 0 0 1 1 1;0 0 0 0 0 0 0 0 0 0]
513,BFS,2.5433349609375,59,[1 1 1 1 1 1 1 1 1 1;1 0 3 0 0 0 2 0 3 1;1 3 0 0 0 1 0 0 0 1;1 0 2 1 1 1 0 3 0 1;1 0 0 1 0 1 1 2 0 1;1 0 0 1 0 0 1 0 0 1;1 1 1 1 0 0 1 1 2 1;0 0 0 0 0 0 0 1 5 1;0 0 0 0 0 0 0 1 1 1;0 0 0 0 0 0 0 0 0 0]
514,A*,1.8879265785217285,44,[0 0 0 0 0 0 0 0 0 0;0 0 0 0 0 0 0 0 0 0;0 0 0 1 1 1 0 0 0 0;0 0 0 1 5 1 0 0 0 0;1 1 1 1 2 1 1 0 0 0;1 0 1 0 0 0 1 0 0 0;1 0 2 2 0 1 1 1 0 0;1 0 2 3 3 0 0 1 1 1;1 0 3 3 0 0 0 0 0 1;1 1 1 1 1 1 1 1 1 1]
514,DFS,1.1123158931732178,111,[0 0 0 0 0 0 0 0 0 0;0 0 0 0 0 0 0 0 0 0;0 0 0 1 1 1 0 0 0 0;0 0 0 1 5 1 0 0 0 0;1 1 1 1 2 1 1 0 0 0;1 0 1 0 0 0 1 0 0 0;1 0 2 2 0 1 1 1 0 0;1 0 2 3 3 0 0 1 1 1;1 0 3 3 0 0 0 0 0 1;1 1 1 1 1 1 1 1 1 1]
514,BFS,1.5290851593017578,44,[0 0 0 0 0 0 0 0 0 0;0 0 0 0 0 0 0 0 0 0;0 0 0 1 1 1 0 0 0 0;0 0 0 1 5 1 0 0 0 0;1 1 1 1 2 1 1 0 0 0;1 0 1 0 0 0 1 0 0 0;1 0 2 2 0 1 1 1 0 0;1 0 2 3 3 0 0 1 1 1;1 0 3 3 0 0 0 0 0 1;1 1 1 1 1 1 1 1 1 1]
515,A*,0.8039147853851318,62,[0 0 0 0 0 0 0 0 0 0;0 0 0 0 0 0 0 0 0 0;0 0 0 0 0 0 0 0 0 0;1 1 1 1 0 0 0 0 0 0;1 0 0 1 0 0 0 0 0 0;1 0 0 1 1 0 1 1 1 1;1 3 2 5 1 1 1 0 0 1;1 0 2 2 1 0 2 0 0 1;1 0 0 0 3 3 0 0 3 1;1 1 1 1 1 1 1 1 1 1]
515,DFS,0.21613717079162598,180,[0 0 0 0 0 0 0 0 0 0;0 0 0 0 0 0 0 0 0 0;0 0 0 0 0 0 0 0 0 0;1 1 1 1 0 0 0 0 0 0;1 0 0 1 0 0 0 0 0 0;1 0 0 1 1 0 1 1 1 1;1 3 2 5 1 1 1 0 0 1;1 0 2 2 1 0 2 0 0 1;1 0 0 0 3 3 0 0 3 1;1 1 1 1 1 1 1 1 1 1]
515,BFS,0.301163911819458,62,[0 0 0 0 0 0 0 0 0 0;0 0 0 0 0 0 0 0 0 0;0 0 0 0 0 0 0 0 0 0;1 1 1 1 0 0 0 0 0 0;1 0 0 1 0 0 0 0 0 0;1 0 0 1 1 0 1 1 1 1;1 3 2 5 1 1 1 0 0 1;1 0 2 2 1 0 2 0 0 1;1 0 0 0 3 3 0 0 3 1;1 1 1 1 1 1 1 1 1 1]
516,A*,3.1415457725524902,56,[0 0 0 0 0 0 1 1 1 1;0 0 0 0 0 0 1 0 3 1;0 0 0 0 0 0 1 2 0 1;0 0 0 0 1 1 1 0 0 1;0 0 0 0 1 0 0 2 0 1;0 0 0 0 1 1 0 3 3 1;0 0 1 1 1 1 0 1 2 1;0 0 1 0 0 0 0 2 5 1;0 0 1 0 3 0 0 0 1 1;0 0 1 1 1 1 1 1 1 0]
516,DFS,1.5785982608795166,271,[0 0 0 0 0 0 1 1 1 1;0 0 0 0 0 0 1 0 3 1;0 0 0 0 0 0 1 2 0 1;0 0 0 0 1 1 1 0 0 1;0 0 0 0 1 0 0 2 0 1;0 0 0 0 1 1 0 3 3 1;0 0 1 1 1 1 0 1 2 1;0 0 1 0 0 0 0 2 5 1;0 0 1 0 3 0 0 0 1 1;0 0 1 1 1 1 1 1 1 0]
516,BFS,1.7748513221740723,56,[0 0 0 0 0 0 1 1 1 1;0 0 0 0 0 0 1 0 3 1;0 0 0 0 0 0 1 2 0 1;0 0 0 0 1 1 1 0 0 1;0 0 0 0 1 0 0 2 0 1;0 0 0 0 1 1 0 3 3 1;0 0 1 1 1 1 0 1 2 1;0 0 1 0 0 0 0 2 5 1;0 0 1 0 3 0 0 0 1 1;0 0 1 1 1 1 1 1 1 0]
517,A*,6.586427688598633,56,[0 0 0 0 0 0 1 1 1 1;0 0 0 0 0 0 1 0 0 1;1 1 1 1 1 1 1 2 0 1;1 0 0 0 0 1 1 3 0 1;1 0 0 5 1 1 1 0 0 1;1 0 0 0 0 0 0 1 0 1;1 1 0 1 0 2 2 2 3 1;0 1 1 1 1 3 3 0 0 1;0 0 1 0 0 0 0 0 0 1;0 0 1 1 1 1 1 1 1 1]
517,DFS,3.0059447288513184,121,[0 0 0 0 0 0 1 1 1 1;0 0 0 0 0 0 1 0 0 1;1 1 1 1 1 1 1 2 0 1;1 0 0 0 0 1 1 3 0 1;1 0 0 5 1 1 1 0 0 1;1 0 0 0 0 0 0 1 0 1;1 1 0 1 0 2 2 2 3 1;0 1 1 1 1 3 3 0 0 1;0 0 1 0 0 0 0 0 0 1;0 0 1 1 1 1 1 1 1 1]
517,BFS,5.432352304458618,56,[0 0 0 0 0 0 1 1 1 1;0 0 0 0 0 0 1 0 0 1;1 1 1 1 1 1 1 2 0 1;1 0 0 0 0 1 1 3 0 1;1 0 0 5 1 1 1 0 0 1;1 0 0 0 0 0 0 1 0 1;1 1 0 1 0 2 2 2 3 1;0 1 1 1 1 3 3 0 0 1;0 0 1 0 0 0 0 0 0 1;0 0 1 1 1 1 1 1 1 1]
518,A*,1.8740668296813965,79,[0 0 0 0 0 0 0 0 0 0;0 0 0 0 0 0 0 0 0 0;0 1 1 1 0 0 1 1 1 1;1 1 0 1 1 1 1 3 0 1;1 0 0 0 2 0 2 0 0 1;1 0 0 2 3 0 0 0 0 1;1 1 3 1 1 1 1 0 3 1;1 0 2 1 1 0 1 1 1 1;1 0 0 0 0 0 5 0 0 1;1 1 1 1 1 1 1 1 1 1]
518,DFS,0.8530189990997314,321,[0 0 0 0 0 0 0 0 0 0;0 0 0 0 0 0 0 0 0 0;0 1 1 1 0 0 1 1 1 1;1 1 0 1 1 1 1 3 0 1;1 0 0 0 2 0 2 0 0 1;1 0 0 2 3 0 0 0 0 1;1 1 3 1 1 1 1 0 3 1;1 0 2 1 1 0 1 1 1 1;1 0 0 0 0 0 5 0 0 1;1 1 1 1 1 1 1 1 1 1]
518,BFS,0.8724319934844971,79,[0 0 0 0 0 0 0 0 0 0;0 0 0 0 0 0 0 0 0 0;0 1 1 1 0 0 1 1 1 1;1 1 0 1 1 1 1 3 0 1;1 0 0 0 2 0 2 0 0 1;1 0 0 2 3 0 0 0 0 1;1 1 3 1 1 1 1 0 3 1;1 0 2 1 1 0 1 1 1 1;1 0 0 0 0 0 5 0 0 1;1 1 1 1 1 1 1 1 1 1]
519,A*,39.5739061832428,72,[0 1 1 1 1 1 1 1 1 0;0 1 0 0 0 0 0 0 1 0;0 1 0 0 3 0 0 0 1 0;0 1 3 0 1 1 1 1 1 0;1 1 1 0 1 1 1 1 0 0;1 0 2 3 0 3 0 1 1 1;1 0 2 0 0 0 2 0 0 1;1 0 1 2 0 1 0 0 0 1;1 5 0 0 1 1 1 1 1 1;1 1 1 1 1 0 0 0 0 0]
519,DFS,16.355337142944336,1374,[0 1 1 1 1 1 1 1 1 0;0 1 0 0 0 0 0 0 1 0;0 1 0 0 3 0 0 0 1 0;0 1 3 0 1 1 1 1 1 0;1 1 1 0 1 1 1 1 0 0;1 0 2 3 0 3 0 1 1 1;1 0 2 0 0 0 2 0 0 1;1 0 1 2 0 1 0 0 0 1;1 5 0 0 1 1 1 1 1 1;1 1 1 1 1 0 0 0 0 0]
519,BFS,86.08672332763672,72,[0 1 1 1 1 1 1 1 1 0;0 1 0 0 0 0 0 0 1 0;0 1 0 0 3 0 0 0 1 0;0 1 3 0 1 1 1 1 1 0;1 1 1 0 1 1 1 1 0 0;1 0 2 3 0 3 0 1 1 1;1 0 2 0 0 0 2 0 0 1;1 0 1 2 0 1 0 0 0 1;1 5 0 0 1 1 1 1 1 1;1 1 1 1 1 0 0 0 0 0]
520,A*,3.8759028911590576,63,[0 0 0 0 0 0 0 1 1 1;0 0 0 0 0 0 1 1 0 1;0 0 0 1 1 1 1 3 0 1;0 0 0 1 5 2 3 2 0 1;0 0 0 1 1 0 0 0 0 1;0 1 1 1 1 1 1 2 3 1;1 1 0 1 1 1 1 0 0 1;1 0 0 0 0 0 1 2 0 1;1 0 0 0 0 3 0 0 0 1;1 1 1 1 1 1 1 1 1 1]
520,DFS,1.5084905624389648,667,[0 0 0 0 0 0 0 1 1 1;0 0 0 0 0 0 1 1 0 1;0 0 0 1 1 1 1 3 0 1;0 0 0 1 5 2 3 2 0 1;0 0 0 1 1 0 0 0 0 1;0 1 1 1 1 1 1 2 3 1;1 1 0 1 1 1 1 0 0 1;1 0 0 0 0 0 1 2 0 1;1 0 0 0 0 3 0 0 0 1;1 1 1 1 1 1 1 1 1 1]
520,BFS,2.966615676879883,63,[0 0 0 0 0 0 0 1 1 1;0 0 0 0 0 0 1 1 0 1;0 0 0 1 1 1 1 3 0 1;0 0 0 1 5 2 3 2 0 1;0 0 0 1 1 0 0 0 0 1;0 1 1 1 1 1 1 2 3 1;1 1 0 1 1 1 1 0 0 1;1 0 0 0 0 0 1 2 0 1;1 0 0 0 0 3 0 0 0 1;1 1 1 1 1 1 1 1 1 1]
521,A*,231.45888018608093,81,[0 0 0 0 1 1 1 1 1 1;0 0 0 0 1 0 0 0 5 1;1 1 1 1 1 0 3 2 0 1;1 0 0 0 3 0 0 1 0 1;1 0 0 0 1 3 1 0 0 1;1 0 0 1 1 1 1 0 0 1;1 0 0 1 1 1 1 2 0 1;1 0 2 0 0 0 0 2 0 1;1 0 3 0 0 0 0 0 0 1;1 1 1 1 1 1 1 1 1 1]
521,DFS,59.6021831035614,4784,[0 0 0 0 1 1 1 1 1 1;0 0 0 0 1 0 0 0 5 1;1 1 1 1 1 0 3 2 0 1;1 0 0 0 3 0 0 1 0 1;1 0 0 0 1 3 1 0 0 1;1 0 0 1 1 1 1 0 0 1;1 0 0 1 1 1 1 2 0 1;1 0 2 0 0 0 0 2 0 1;1 0 3 0 0 0 0 0 0 1;1 1 1 1 1 1 1 1 1 1]
521,BFS,5892.2790541648865,81,[0 0 0 0 1 1 1 1 1 1;0 0 0 0 1 0 0 0 5 1;1 1 1 1 1 0 3 2 0 1;1 0 0 0 3 0 0 1 0 1;1 0 0 0 1 3 1 0 0 1;1 0 0 1 1 1 1 0 0 1;1 0 0 1 1 1 1 2 0 1;1 0 2 0 0 0 0 2 0 1;1 0 3 0 0 0 0 0 0 1;1 1 1 1 1 1 1 1 1 1]
522,A*,7.89766001701355,70,[0 1 1 1 1 1 1 1 1 1;1 1 0 0 0 0 0 0 0 1;1 3 2 0 3 0 3 0 0 1;1 0 0 1 1 1 1 1 1 1;1 0 0 0 1 0 0 0 0 0;1 0 0 1 1 1 1 1 0 0;1 1 2 0 2 0 0 1 0 0;0 1 5 2 0 3 1 1 1 1;0 1 1 0 0 0 0 0 0 1;0 0 1 1 1 1 1 1 1 1]
522,DFS,2.3914172649383545,202,[0 1 1 1 1 1 1 1 1 1;1 1 0 0 0 0 0 0 0 1;1 3 2 0 3 0 3 0 0 1;1 0 0 1 1 1 1 1 1 1;1 0 0 0 1 0 0 0 0 0;1 0 0 1 1 1 1 1 0 0;1 1 2 0 2 0 0 1 0 0;0 1 5 2 0 3 1 1 1 1;0 1 1 0 0 0 0 0 0 1;0 0 1 1 1 1 1 1 1 1]
522,BFS,4.909778833389282,70,[0 1 1 1 1 1 1 1 1 1;1 1 0 0 0 0 0 0 0 1;1 3 2 0 3 0 3 0 0 1;1 0 0 1 1 1 1 1 1 1;1 0 0 0 1 0 0 0 0 0;1 0 0 1 1 1 1 1 0 0;1 1 2 0 2 0 0 1 0 0;0 1 5 2 0 3 1 1 1 1;0 1 1 0 0 0 0 0 0 1;0 0 1 1 1 1 1 1 1 1]
523,A*,5.194570779800415,61,[0 0 0 0 0 0 0 0 0 0;0 0 0 0 0 0 0 0 0 0;0 0 0 0 0 0 0 0 0 0;0 1 1 1 1 0 0 0 0 0;0 1 0 0 1 0 0 0 0 0;0 1 2 0 1 1 1 1 1 1;1 1 0 0 1 0 1 5 0 1;1 0 2 0 3 0 3 2 0 1;1 0 3 3 0 0 0 2 0 1;1 1 1 1 1 1 1 1 1 1]
523,DFS,1.430577039718628,185,[0 0 0 0 0 0 0 0 0 0;0 0 0 0 0 0 0 0 0 0;0 0 0 0 0 0 0 0 0 0;0 1 1 1 1 0 0 0 0 0;0 1 0 0 1 0 0 0 0 0;0 1 2 0 1 1 1 1 1 1;1 1 0 0 1 0 1 5 0 1;1 0 2 0 3 0 3 2 0 1;1 0 3 3 0 0 0 2 0 1;1 1 1 1 1 1 1 1 1 1]
523,BFS,2.8165903091430664,61,[0 0 0 0 0 0 0 0 0 0;0 0 0 0 0 0 0 0 0 0;0 0 0 0 0 0 0 0 0 0;0 1 1 1 1 0 0 0 0 0;0 1 0 0 1 0 0 0 0 0;0 1 2 0 1 1 1 1 1 1;1 1 0 0 1 0 1 5 0 1;1 0 2 0 3 0 3 2 0 1;1 0 3 3 0 0 0 2 0 1;1 1 1 1 1 1 1 1 1 1]
524,A*,0.22814083099365234,38,[1 1 1 1 1 1 1 1 1 0;1 0 2 0 3 3 0 0 1 0;1 0 0 3 2 0 2 0 1 0;1 1 1 1 1 1 0 5 1 0;0 0 0 0 0 1 2 0 1 0;0 0 0 0 0 1 3 1 1 0;0 0 0 0 0 1 1 1 0 0;0 0 0 0 0 0 0 0 0 0;0 0 0 0 0 0 0 0 0 0;0 0 0 0 0 0 0 0 0 0]
524,DFS,0.057525634765625,92,[1 1 1 1 1 1 1 1 1 0;1 0 2 0 3 3 0 0 1 0;1 0 0 3 2 0 2 0 1 0;1 1 1 1 1 1 0 5 1 0;0 0 0 0 0 1 2 0 1 0;0 0 0 0 0 1 3 1 1 0;0 0 0 0 0 1 1 1 0 0;0 0 0 0 0 0 0 0 0 0;0 0 0 0 0 0 0 0 0 0;0 0 0 0 0 0 0 0 0 0]
524,BFS,0.10331583023071289,38,[1 1 1 1 1 1 1 1 1 0;1 0 2 0 3 3 0 0 1 0;1 0 0 3 2 0 2 0 1 0;1 1 1 1 1 1 0 5 1 0;0 0 0 0 0 1 2 0 1 0;0 0 0 0 0 1 3 1 1 0;0 0 0 0 0 1 1 1 0 0;0 0 0 0 0 0 0 0 0 0;0 0 0 0 0 0 0 0 0 0;0 0 0 0 0 0 0 0 0 0]
525,A*,59.16852807998657,75,[1 1 1 1 1 1 1 1 1 1;1 0 0 0 5 1 1 0 0 1;1 1 0 2 2 0 1 3 0 1;0 1 1 1 0 2 1 0 0 1;0 0 1 0 0 3 0 0 3 1;0 0 1 0 0 1 0 0 0 1;0 0 1 0 0 0 1 0 0 1;0 0 1 1 2 0 3 0 0 1;0 0 0 1 0 0 0 0 0 1;0 0 0 1 1 1 1 1 1 1]
525,DFS,35.66227436065674,5000,[1 1 1 1 1 1 1 1 1 1;1 0 0 0 5 1 1 0 0 1;1 1 0 2 2 0 1 3 0 1;0 1 1 1 0 2 1 0 0 1;0 0 1 0 0 3 0 0 3 1;0 0 1 0 0 1 0 0 0 1;0 0 1 0 0 0 1 0 0 1;0 0 1 1 2 0 3 0 0 1;0 0 0 1 0 0 0 0 0 1;0 0 0 1 1 1 1 1 1 1]
525,BFS,168.9246997833252,75,[1 1 1 1 1 1 1 1 1 1;1 0 0 0 5 1 1 0 0 1;1 1 0 2 2 0 1 3 0 1;0 1 1 1 0 2 1 0 0 1;0 0 1 0 0 3 0 0 3 1;0 0 1 0 0 1 0 0 0 1;0 0 1 0 0 0 1 0 0 1;0 0 1 1 2 0 3 0 0 1;0 0 0 1 0 0 0 0 0 1;0 0 0 1 1 1 1 1 1 1]
526,A*,3.7781994342803955,41,[1 1 1 1 1 1 1 1 1 0;1 0 0 0 0 0 0 3 1 0;1 0 3 2 0 0 1 1 1 0;1 0 3 3 1 1 1 0 0 0;1 0 2 0 0 1 0 0 0 0;1 0 2 0 0 1 0 0 0 0;1 0 1 2 0 1 0 0 0 0;1 1 1 5 1 1 0 0 0 0;0 0 1 1 1 0 0 0 0 0;0 0 0 0 0 0 0 0 0 0]
526,DFS,2.3345296382904053,825,[1 1 1 1 1 1 1 1 1 0;1 0 0 0 0 0 0 3 1 0;1 0 3 2 0 0 1 1 1 0;1 0 3 3 1 1 1 0 0 0;1 0 2 0 0 1 0 0 0 0;1 0 2 0 0 1 0 0 0 0;1 0 1 2 0 1 0 0 0 0;1 1 1 5 1 1 0 0 0 0;0 0 1 1 1 0 0 0 0 0;0 0 0 0 0 0 0 0 0 0]
526,BFS,4.9657886028289795,41,[1 1 1 1 1 1 1 1 1 0;1 0 0 0 0 0 0 3 1 0;1 0 3 2 0 0 1 1 1 0;1 0 3 3 1 1 1 0 0 0;1 0 2 0 0 1 0 0 0 0;1 0 2 0 0 1 0 0 0 0;1 0 1 2 0 1 0 0 0 0;1 1 1 5 1 1 0 0 0 0;0 0 1 1 1 0 0 0 0 0;0 0 0 0 0 0 0 0 0 0]
527,A*,7.0739569664001465,60,[0 0 1 1 1 1 1 1 1 0;1 1 1 0 0 0 1 5 1 1;1 3 3 0 0 3 2 0 0 1;1 0 2 0 0 0 2 0 1 1;1 0 2 1 1 1 1 1 1 0;1 3 0 1 0 0 0 0 0 0;1 0 1 1 0 0 0 0 0 0;1 0 1 1 0 0 0 0 0 0;1 0 0 1 0 0 0 0 0 0;1 1 1 1 0 0 0 0 0 0]
527,DFS,2.045283794403076,128,[0 0 1 1 1 1 1 1 1 0;1 1 1 0 0 0 1 5 1 1;1 3 3 0 0 3 2 0 0 1;1 0 2 0 0 0 2 0 1 1;1 0 2 1 1 1 1 1 1 0;1 3 0 1 0 0 0 0 0 0;1 0 1 1 0 0 0 0 0 0;1 0 1 1 0 0 0 0 0 0;1 0 0 1 0 0 0 0 0 0;1 1 1 1 0 0 0 0 0 0]
527,BFS,4.211124897003174,60,[0 0 1 1 1 1 1 1 1 0;1 1 1 0 0 0 1 5 1 1;1 3 3 0 0 3 2 0 0 1;1 0 2 0 0 0 2 0 1 1;1 0 2 1 1 1 1 1 1 0;1 3 0 1 0 0 0 0 0 0;1 0 1 1 0 0 0 0 0 0;1 0 1 1 0 0 0 0 0 0;1 0 0 1 0 0 0 0 0 0;1 1 1 1 0 0 0 0 0 0]
528,A*,8.93289589881897,57,[0 0 0 0 1 1 1 0 0 0;0 0 1 1 1 0 1 1 1 1;0 0 1 0 0 2 3 0 0 1;0 0 1 1 0 0 0 1 1 1;0 0 1 1 0 1 3 1 0 0;0 0 1 0 0 1 3 1 1 0;0 0 1 0 0 0 2 0 1 0;1 1 1 1 2 2 0 3 1 1;1 5 0 0 0 0 0 0 0 1;1 1 1 1 1 1 1 1 1 1]
528,DFS,2.6687684059143066,99,[0 0 0 0 1 1 1 0 0 0;0 0 1 1 1 0 1 1 1 1;0 0 1 0 0 2 3 0 0 1;0 0 1 1 0 0 0 1 1 1;0 0 1 1 0 1 3 1 0 0;0 0 1 0 0 1 3 1 1 0;0 0 1 0 0 0 2 0 1 0;1 1 1 1 2 2 0 3 1 1;1 5 0 0 0 0 0 0 0 1;1 1 1 1 1 1 1 1 1 1]
528,BFS,9.380232810974121,57,[0 0 0 0 1 1 1 0 0 0;0 0 1 1 1 0 1 1 1 1;0 0 1 0 0 2 3 0 0 1;0 0 1 1 0 0 0 1 1 1;0 0 1 1 0 1 3 1 0 0;0 0 1 0 0 1 3 1 1 0;0 0 1 0 0 0 2 0 1 0;1 1 1 1 2 2 0 3 1 1;1 5 0 0 0 0 0 0 0 1;1 1 1 1 1 1 1 1 1 1]
529,A*,4.656303644180298,31,[0 0 0 0 0 0 0 0 0 0;1 1 1 0 0 0 0 0 0 0;1 3 1 0 0 0 0 0 0 0;1 0 1 1 1 1 1 0 0 0;1 0 0 0 0 0 1 1 0 0;1 0 0 2 0 2 0 1 0 0;1 0 0 0 0 0 3 1 0 0;1 0 3 3 2 2 1 1 0 0;1 0 0 0 0 5 0 1 0 0;1 1 1 1 1 1 1 1 0 0]
529,DFS,2.6040475368499756,1032,[0 0 0 0 0 0 0 0 0 0;1 1 1 0 0 0 0 0 0 0;1 3 1 0 0 0 0 0 0 0;1 0 1 1 1 1 1 0 0 0;1 0 0 0 0 0 1 1 0 0;1 0 0 2 0 2 0 1 0 0;1 0 0 0 0 0 3 1 0 0;1 0 3 3 2 2 1 1 0 0;1 0 0 0 0 5 0 1 0 0;1 1 1 1 1 1 1 1 0 0]
529,BFS,15.328241109848022,31,[0 0 0 0 0 0 0 0 0 0;1 1 1 0 0 0 0 0 0 0;1 3 1 0 0 0 0 0 0 0;1 0 1 1 1 1 1 0 0 0;1 0 0 0 0 0 1 1 0 0;1 0 0 2 0 2 0 1 0 0;1 0 0 0 0 0 3 1 0 0;1 0 3 3 2 2 1 1 0 0;1 0 0 0 0 5 0 1 0 0;1 1 1 1 1 1 1 1 0 0]
530,A*,11.98118257522583,96,[1 1 1 1 1 1 1 0 0 0;1 0 0 1 1 0 1 1 1 1;1 0 2 2 0 0 3 3 0 1;1 0 0 1 0 0 0 0 0 1;1 3 0 1 1 1 1 1 1 1;1 0 2 1 0 0 0 0 0 0;1 5 0 1 1 1 1 1 1 0;1 3 2 0 0 0 0 0 1 0;1 0 0 1 0 0 1 1 1 0;1 1 1 1 1 1 1 0 0 0]
530,DFS,4.321627855300903,880,[1 1 1 1 1 1 1 0 0 0;1 0 0 1 1 0 1 1 1 1;1 0 2 2 0 0 3 3 0 1;1 0 0 1 0 0 0 0 0 1;1 3 0 1 1 1 1 1 1 1;1 0 2 1 0 0 0 0 0 0;1 5 0 1 1 1 1 1 1 0;1 3 2 0 0 0 0 0 1 0;1 0 0 1 0 0 1 1 1 0;1 1 1 1 1 1 1 0 0 0]
530,BFS,8.67930793762207,96,[1 1 1 1 1 1 1 0 0 0;1 0 0 1 1 0 1 1 1 1;1 0 2 2 0 0 3 3 0 1;1 0 0 1 0 0 0 0 0 1;1 3 0 1 1 1 1 1 1 1;1 0 2 1 0 0 0 0 0 0;1 5 0 1 1 1 1 1 1 0;1 3 2 0 0 0 0 0 1 0;1 0 0 1 0 0 1 1 1 0;1 1 1 1 1 1 1 0 0 0]
531,A*,40.44700574874878,74,[1 1 1 1 1 1 1 1 1 1;1 0 0 0 0 0 0 0 0 1;1 0 1 0 0 0 0 0 5 1;1 0 0 1 1 1 1 0 3 1;1 0 0 1 1 1 1 0 0 1;1 0 1 1 1 0 0 0 3 1;1 0 2 0 2 2 0 0 0 1;1 0 0 0 3 0 2 0 0 1;1 1 1 1 1 1 1 0 3 1;0 0 0 0 0 0 1 1 1 1]
531,DFS,52.23162794113159,1620,[1 1 1 1 1 1 1 1 1 1;1 0 0 0 0 0 0 0 0 1;1 0 1 0 0 0 0 0 5 1;1 0 0 1 1 1 1 0 3 1;1 0 0 1 1 1 1 0 0 1;1 0 1 1 1 0 0 0 3 1;1 0 2 0 2 2 0 0 0 1;1 0 0 0 3 0 2 0 0 1;1 1 1 1 1 1 1 0 3 1;0 0 0 0 0 0 1 1 1 1]
531,BFS,2282.495500087738,74,[1 1 1 1 1 1 1 1 1 1;1 0 0 0 0 0 0 0 0 1;1 0 1 0 0 0 0 0 5 1;1 0 0 1 1 1 1 0 3 1;1 0 0 1 1 1 1 0 0 1;1 0 1 1 1 0 0 0 3 1;1 0 2 0 2 2 0 0 0 1;1 0 0 0 3 0 2 0 0 1;1 1 1 1 1 1 1 0 3 1;0 0 0 0 0 0 1 1 1 1]
532,A*,15.110174179077148,59,[0 0 0 1 1 1 1 1 1 1;0 0 0 1 0 0 0 0 0 1;0 0 0 1 1 5 2 2 1 1;0 0 0 0 1 1 0 0 1 1;0 0 0 0 0 1 0 3 0 1;0 0 0 0 0 1 3 0 0 1;0 0 1 1 1 1 0 2 1 1;1 1 1 0 1 0 0 2 0 1;1 0 0 0 3 0 0 0 3 1;1 1 1 1 1 1 1 1 1 1]
532,DFS,3.394045352935791,469,[0 0 0 1 1 1 1 1 1 1;0 0 0 1 0 0 0 0 0 1;0 0 0 1 1 5 2 2 1 1;0 0 0 0 1 1 0 0 1 1;0 0 0 0 0 1 0 3 0 1;0 0 0 0 0 1 3 0 0 1;0 0 1 1 1 1 0 2 1 1;1 1 1 0 1 0 0 2 0 1;1 0 0 0 3 0 0 0 3 1;1 1 1 1 1 1 1 1 1 1]
532,BFS,18.040632486343384,59,[0 0 0 1 1 1 1 1 1 1;0 0 0 1 0 0 0 0 0 1;0 0 0 1 1 5 2 2 1 1;0 0 0 0 1 1 0 0 1 1;0 0 0 0 0 1 0 3 0 1;0 0 0 0 0 1 3 0 0 1;0 0 1 1 1 1 0 2 1 1;1 1 1 0 1 0 0 2 0 1;1 0 0 0 3 0 0 0 3 1;1 1 1 1 1 1 1 1 1 1]
533,A*,2.7832417488098145,53,[1 1 1 1 1 1 1 1 1 0;1 3 3 0 0 0 3 0 1 0;1 0 2 2 0 1 0 5 1 0;1 0 1 0 0 0 1 1 1 0;1 0 0 1 0 0 1 0 0 0;1 0 2 0 2 1 1 0 0 0;1 0 0 0 0 1 0 0 0 0;1 1 0 3 1 1 0 0 0 0;0 1 1 1 1 0 0 0 0 0;0 0 0 0 0 0 0 0 0 0]
533,DFS,0.7989957332611084,153,[1 1 1 1 1 1 1 1 1 0;1 3 3 0 0 0 3 0 1 0;1 0 2 2 0 1 0 5 1 0;1 0 1 0 0 0 1 1 1 0;1 0 0 1 0 0 1 0 0 0;1 0 2 0 2 1 1 0 0 0;1 0 0 0 0 1 0 0 0 0;1 1 0 3 1 1 0 0 0 0;0 1 1 1 1 0 0 0 0 0;0 0 0 0 0 0 0 0 0 0]
533,BFS,2.5416836738586426,53,[1 1 1 1 1 1 1 1 1 0;1 3 3 0 0 0 3 0 1 0;1 0 2 2 0 1 0 5 1 0;1 0 1 0 0 0 1 1 1 0;1 0 0 1 0 0 1 0 0 0;1 0 2 0 2 1 1 0 0 0;1 0 0 0 0 1 0 0 0 0;1 1 0 3 1 1 0 0 0 0;0 1 1 1 1 0 0 0 0 0;0 0 0 0 0 0 0 0 0 0]
534,A*,5.533881902694702,87,[0 0 0 0 0 0 0 0 0 0;0 0 0 0 0 0 0 0 0 0;0 0 0 0 0 0 0 0 0 0;0 1 1 1 1 0 0 0 0 0;1 1 0 0 1 0 1 1 1 1;1 0 0 1 1 1 1 0 0 1;1 3 2 2 0 0 0 2 5 1;1 0 3 0 2 3 0 1 0 1;1 0 0 3 0 0 1 1 1 1;1 1 1 1 1 1 1 0 0 0]
534,DFS,1.5137803554534912,133,[0 0 0 0 0 0 0 0 0 0;0 0 0 0 0 0 0 0 0 0;0 0 0 0 0 0 0 0 0 0;0 1 1 1 1 0 0 0 0 0;1 1 0 0 1 0 1 1 1 1;1 0 0 1 1 1 1 0 0 1;1 3 2 2 0 0 0 2 5 1;1 0 3 0 2 3 0 1 0 1;1 0 0 3 0 0 1 1 1 1;1 1 1 1 1 1 1 0 0 0]
534,BFS,2.771212100982666,87,[0 0 0 0 0 0 0 0 0 0;0 0 0 0 0 0 0 0 0 0;0 0 0 0 0 0 0 0 0 0;0 1 1 1 1 0 0 0 0 0;1 1 0 0 1 0 1 1 1 1;1 0 0 1 1 1 1 0 0 1;1 3 2 2 0 0 0 2 5 1;1 0 3 0 2 3 0 1 0 1;1 0 0 3 0 0 1 1 1 1;1 1 1 1 1 1 1 0 0 0]
535,A*,0.34956812858581543,38,[0 0 0 1 1 1 1 1 1 1;0 0 0 1 0 0 0 0 0 1;0 0 0 1 0 2 0 0 0 1;0 0 0 1 1 1 1 0 0 1;1 1 1 0 0 0 1 0 0 1;1 0 1 1 1 1 1 1 0 1;1 0 3 0 0 0 0 3 0 1;1 3 2 0 1 0 2 2 3 1;1 0 0 1 1 1 0 5 1 1;1 1 1 1 0 1 1 1 1 0]
535,DFS,2.474513292312622,191,[0 0 0 1 1 1 1 1 1 1;0 0 0 1 0 0 0 0 0 1;0 0 0 1 0 2 0 0 0 1;0 0 0 1 1 1 1 0 0 1;1 1 1 0 0 0 1 0 0 1;1 0 1 1 1 1 1 1 0 1;1 0 3 0 0 0 0 3 0 1;1 3 2 0 1 0 2 2 3 1;1 0 0 1 1 1 0 5 1 1;1 1 1 1 0 1 1 1 1 0]
535,BFS,0.648618221282959,38,[0 0 0 1 1 1 1 1 1 1;0 0 0 1 0 0 0 0 0 1;0 0 0 1 0 2 0 0 0 1;0 0 0 1 1 1 1 0 0 1;1 1 1 0 0 0 1 0 0 1;1 0 1 1 1 1 1 1 0 1;1 0 3 0 0 0 0 3 0 1;1 3 2 0 1 0 2 2 3 1;1 0 0 1 1 1 0 5 1 1;1 1 1 1 0 1 1 1 1 0]
536,A*,8.790226936340332,82,[0 0 0 0 0 0 0 1 1 1;0 0 0 0 0 0 0 1 0 1;0 0 1 1 1 1 1 1 0 1;0 0 1 3 0 1 1 0 0 1;0 0 1 0 3 3 1 0 0 1;0 0 1 0 0 0 1 1 0 1;0 0 1 0 0 0 0 0 0 1;0 0 1 1 2 1 2 2 0 1;0 0 1 5 3 0 2 0 0 1;0 0 1 1 1 1 1 1 1 1]
536,DFS,1.3346633911132812,254,[0 0 0 0 0 0 0 1 1 1;0 0 0 0 0 0 0 1 0 1;0 0 1 1 1 1 1 1 0 1;0 0 1 3 0 1 1 0 0 1;0 0 1 0 3 3 1 0 0 1;0 0 1 0 0 0 1 1 0 1;0 0 1 0 0 0 0 0 0 1;0 0 1 1 2 1 2 2 0 1;0 0 1 5 3 0 2 0 0 1;0 0 1 1 1 1 1 1 1 1]
536,BFS,6.007060289382935,82,[0 0 0 0 0 0 0 1 1 1;0 0 0 0 0 0 0 1 0 1;0 0 1 1 1 1 1 1 0 1;0 0 1 3 0 1 1 0 0 1;0 0 1 0 3 3 1 0 0 1;0 0 1 0 0 0 1 1 0 1;0 0 1 0 0 0 0 0 0 1;0 0 1 1 2 1 2 2 0 1;0 0 1 5 3 0 2 0 0 1;0 0 1 1 1 1 1 1 1 1]
537,A*,0.6479151248931885,31,[1 1 1 1 1 0 0 0 0 0;1 0 0 0 1 0 0 0 0 0;1 0 3 0 1 0 0 0 0 0;1 0 0 1 1 0 0 0 0 0;1 0 0 3 1 0 0 0 0 0;1 0 2 2 1 0 0 0 0 0;1 3 0 0 1 1 1 1 1 1;1 0 2 0 3 0 0 2 5 1;1 0 0 0 1 0 0 0 1 1;1 1 1 1 1 1 1 1 1 0]
537,DFS,0.44002652168273926,943,[1 1 1 1 1 0 0 0 0 0;1 0 0 0 1 0 0 0 0 0;1 0 3 0 1 0 0 0 0 0;1 0 0 1 1 0 0 0 0 0;1 0 0 3 1 0 0 0 0 0;1 0 2 2 1 0 0 0 0 0;1 3 0 0 1 1 1 1 1 1;1 0 2 0 3 0 0 2 5 1;1 0 0 0 1 0 0 0 1 1;1 1 1 1 1 1 1 1 1 0]
537,BFS,1.4282917976379395,31,[1 1 1 1 1 0 0 0 0 0;1 0 0 0 1 0 0 0 0 0;1 0 3 0 1 0 0 0 0 0;1 0 0 1 1 0 0 0 0 0;1 0 0 3 1 0 0 0 0 0;1 0 2 2 1 0 0 0 0 0;1 3 0 0 1 1 1 1 1 1;1 0 2 0 3 0 0 2 5 1;1 0 0 0 1 0 0 0 1 1;1 1 1 1 1 1 1 1 1 0]
538,A*,3.229050397872925,40,[0 0 0 0 1 1 1 1 1 1;0 0 0 0 1 0 0 0 0 1;0 0 0 0 1 3 0 0 0 1;0 0 1 1 1 0 1 3 0 1;0 0 1 0 3 0 0 2 0 1;0 0 1 2 0 2 1 0 0 1;0 1 1 0 0 0 1 1 1 1;0 1 5 2 0 1 1 1 0 0;0 1 1 3 0 0 0 1 0 0;0 0 1 1 1 1 1 1 0 0]
538,DFS,3.3290178775787354,102,[0 0 0 0 1 1 1 1 1 1;0 0 0 0 1 0 0 0 0 1;0 0 0 0 1 3 0 0 0 1;0 0 1 1 1 0 1 3 0 1;0 0 1 0 3 0 0 2 0 1;0 0 1 2 0 2 1 0 0 1;0 1 1 0 0 0 1 1 1 1;0 1 5 2 0 1 1 1 0 0;0 1 1 3 0 0 0 1 0 0;0 0 1 1 1 1 1 1 0 0]
538,BFS,4.0157012939453125,40,[0 0 0 0 1 1 1 1 1 1;0 0 0 0 1 0 0 0 0 1;0 0 0 0 1 3 0 0 0 1;0 0 1 1 1 0 1 3 0 1;0 0 1 0 3 0 0 2 0 1;0 0 1 2 0 2 1 0 0 1;0 1 1 0 0 0 1 1 1 1;0 1 5 2 0 1 1 1 0 0;0 1 1 3 0 0 0 1 0 0;0 0 1 1 1 1 1 1 0 0]
539,A*,75.41583633422852,60,[1 1 1 1 1 1 1 1 1 1;1 0 0 3 0 0 0 0 0 1;1 0 0 0 1 0 1 0 0 1;1 1 2 0 1 1 1 1 0 1;0 1 0 0 2 0 0 0 0 1;0 1 1 0 3 0 0 0 0 1;0 1 0 0 3 1 0 2 0 1;0 1 1 1 1 1 5 2 3 1;0 0 0 0 0 1 1 0 0 1;0 0 0 0 0 0 1 1 1 1]
539,DFS,39.11021137237549,3927,[1 1 1 1 1 1 1 1 1 1;1 0 0 3 0 0 0 0 0 1;1 0 0 0 1 0 1 0 0 1;1 1 2 0 1 1 1 1 0 1;0 1 0 0 2 0 0 0 0 1;0 1 1 0 3 0 0 0 0 1;0 1 0 0 3 1 0 2 0 1;0 1 1 1 1 1 5 2 3 1;0 0 0 0 0 1 1 0 0 1;0 0 0 0 0 0 1 1 1 1]
539,BFS,1061.312994003296,60,[1 1 1 1 1 1 1 1 1 1;1 0 0 3 0 0 0 0 0 1;1 0 0 0 1 0 1 0 0 1;1 1 2 0 1 1 1 1 0 1;0 1 0 0 2 0 0 0 0 1;0 1 1 0 3 0 0 0 0 1;0 1 0 0 3 1 0 2 0 1;0 1 1 1 1 1 5 2 3 1;0 0 0 0 0 1 1 0 0 1;0 0 0 0 0 0 1 1 1 1]
540,A*,8.898537874221802,54,[0 1 1 1 1 1 0 0 0 0;1 1 0 3 0 1 1 0 0 0;1 3 0 3 0 0 1 0 0 0;1 0 2 0 0 1 1 0 0 0;1 0 1 0 2 0 1 0 0 0;1 0 1 0 3 0 1 1 1 1;1 1 1 2 0 1 1 0 0 1;0 0 1 0 2 0 1 1 0 1;0 0 1 1 5 0 0 0 0 1;0 0 0 1 1 1 1 1 1 1]
540,DFS,3.053488254547119,274,[0 1 1 1 1 1 0 0 0 0;1 1 0 3 0 1 1 0 0 0;1 3 0 3 0 0 1 0 0 0;1 0 2 0 0 1 1 0 0 0;1 0 1 0 2 0 1 0 0 0;1 0 1 0 3 0 1 1 1 1;1 1 1 2 0 1 1 0 0 1;0 0 1 0 2 0 1 1 0 1;0 0 1 1 5 0 0 0 0 1;0 0 0 1 1 1 1 1 1 1]
540,BFS,8.03046703338623,54,[0 1 1 1 1 1 0 0 0 0;1 1 0 3 0 1 1 0 0 0;1 3 0 3 0 0 1 0 0 0;1 0 2 0 0 1 1 0 0 0;1 0 1 0 2 0 1 0 0 0;1 0 1 0 3 0 1 1 1 1;1 1 1 2 0 1 1 0 0 1;0 0 1 0 2 0 1 1 0 1;0 0 1 1 5 0 0 0 0 1;0 0 0 1 1 1 1 1 1 1]
541,A*,0.41160082817077637,32,[0 0 0 0 0 0 0 0 0 0;0 0 0 0 0 0 0 0 0 0;0 0 0 0 0 0 0 0 0 0;0 0 0 0 0 0 0 0 0 0;0 0 0 0 0 0 1 1 1 1;0 0 0 1 1 1 1 3 0 1;0 0 1 1 0 0 1 3 2 1;1 1 1 0 2 0 0 2 3 1;1 0 3 0 0 0 0 2 5 1;1 1 1 1 1 1 1 1 1 1]
541,DFS,0.10935592651367188,72,[0 0 0 0 0 0 0 0 0 0;0 0 0 0 0 0 0 0 0 0;0 0 0 0 0 0 0 0 0 0;0 0 0 0 0 0 0 0 0 0;0 0 0 0 0 0 1 1 1 1;0 0 0 1 1 1 1 3 0 1;0 0 1 1 0 0 1 3 2 1;1 1 1 0 2 0 0 2 3 1;1 0 3 0 0 0 0 2 5 1;1 1 1 1 1 1 1 1 1 1]
541,BFS,0.19878244400024414,32,[0 0 0 0 0 0 0 0 0 0;0 0 0 0 0 0 0 0 0 0;0 0 0 0 0 0 0 0 0 0;0 0 0 0 0 0 0 0 0 0;0 0 0 0 0 0 1 1 1 1;0 0 0 1 1 1 1 3 0 1;0 0 1 1 0 0 1 3 2 1;1 1 1 0 2 0 0 2 3 1;1 0 3 0 0 0 0 2 5 1;1 1 1 1 1 1 1 1 1 1]
542,A*,23.14267873764038,64,[0 0 1 1 1 1 1 1 1 1;1 1 1 0 0 0 0 0 0 1;1 0 1 3 0 0 0 0 0 1;1 0 1 0 0 1 1 3 5 1;1 0 0 0 0 0 1 1 0 1;1 0 2 0 0 0 1 0 0 1;1 1 1 1 2 1 1 1 0 1;0 0 1 0 0 3 0 2 0 1;0 0 1 1 0 0 3 2 0 1;0 0 0 1 1 1 1 1 1 1]
542,DFS,31.65229558944702,2315,[0 0 1 1 1 1 1 1 1 1;1 1 1 0 0 0 0 0 0 1;1 0 1 3 0 0 0 0 0 1;1 0 1 0 0 1 1 3 5 1;1 0 0 0 0 0 1 1 0 1;1 0 2 0 0 0 1 0 0 1;1 1 1 1 2 1 1 1 0 1;0 0 1 0 0 3 0 2 0 1;0 0 1 1 0 0 3 2 0 1;0 0 0 1 1 1 1 1 1 1]
542,BFS,67.78176736831665,64,[0 0 1 1 1 1 1 1 1 1;1 1 1 0 0 0 0 0 0 1;1 0 1 3 0 0 0 0 0 1;1 0 1 0 0 1 1 3 5 1;1 0 0 0 0 0 1 1 0 1;1 0 2 0 0 0 1 0 0 1;1 1 1 1 2 1 1 1 0 1;0 0 1 0 0 3 0 2 0 1;0 0 1 1 0 0 3 2 0 1;0 0 0 1 1 1 1 1 1 1]
543,A*,2.0268115997314453,75,[1 1 1 1 1 1 0 0 0 0;1 3 2 0 0 1 0 0 0 0;1 0 0 0 1 1 0 0 0 0;1 0 3 0 0 1 0 0 0 0;1 3 1 0 2 1 1 1 0 0;1 1 0 0 3 2 5 1 0 0;0 1 1 0 2 0 1 1 0 0;0 0 1 0 0 0 1 0 0 0;0 0 1 0 1 1 1 0 0 0;0 0 1 1 1 0 0 0 0 0]
543,DFS,0.6121900081634521,175,[1 1 1 1 1 1 0 0 0 0;1 3 2 0 0 1 0 0 0 0;1 0 0 0 1 1 0 0 0 0;1 0 3 0 0 1 0 0 0 0;1 3 1 0 2 1 1 1 0 0;1 1 0 0 3 2 5 1 0 0;0 1 1 0 2 0 1 1 0 0;0 0 1 0 0 0 1 0 0 0;0 0 1 0 1 1 1 0 0 0;0 0 1 1 1 0 0 0 0 0]
543,BFS,0.8486127853393555,75,[1 1 1 1 1 1 0 0 0 0;1 3 2 0 0 1 0 0 0 0;1 0 0 0 1 1 0 0 0 0;1 0 3 0 0 1 0 0 0 0;1 3 1 0 2 1 1 1 0 0;1 1 0 0 3 2 5 1 0 0;0 1 1 0 2 0 1 1 0 0;0 0 1 0 0 0 1 0 0 0;0 0 1 0 1 1 1 0 0 0;0 0 1 1 1 0 0 0 0 0]
544,A*,8.036668062210083,57,[0 0 0 0 0 0 0 0 0 0;1 1 1 0 0 0 0 0 0 0;1 0 1 1 1 1 1 1 1 1;1 0 0 0 3 0 0 0 0 1;1 0 0 1 0 0 1 0 3 1;1 0 1 1 1 1 1 2 0 1;1 0 1 1 1 1 1 0 0 1;1 0 2 5 2 0 0 0 3 1;1 0 0 1 0 2 0 3 0 1;1 1 1 1 1 1 1 1 1 1]
544,DFS,3.442415952682495,1076,[0 0 0 0 0 0 0 0 0 0;1 1 1 0 0 0 0 0 0 0;1 0 1 1 1 1 1 1 1 1;1 0 0 0 3 0 0 0 0 1;1 0 0 1 0 0 1 0 3 1;1 0 1 1 1 1 1 2 0 1;1 0 1 1 1 1 1 0 0 1;1 0 2 5 2 0 0 0 3 1;1 0 0 1 0 2 0 3 0 1;1 1 1 1 1 1 1 1 1 1]
544,BFS,8.436897277832031,57,[0 0 0 0 0 0 0 0 0 0;1 1 1 0 0 0 0 0 0 0;1 0 1 1 1 1 1 1 1 1;1 0 0 0 3 0 0 0 0 1;1 0 0 1 0 0 1 0 3 1;1 0 1 1 1 1 1 2 0 1;1 0 1 1 1 1 1 0 0 1;1 0 2 5 2 0 0 0 3 1;1 0 0 1 0 2 0 3 0 1;1 1 1 1 1 1 1 1 1 1]
545,A*,3.0547826290130615,50,[1 1 1 1 1 0 0 0 0 0;1 0 0 0 1 1 1 1 0 0;1 3 0 0 0 2 0 1 1 0;1 0 3 3 0 1 3 0 1 0;1 0 2 0 1 1 0 0 1 0;1 0 0 1 1 0 0 1 1 0;1 0 2 1 1 0 0 1 0 0;1 0 0 1 1 0 2 1 0 0;1 0 1 1 1 1 5 1 0 0;1 1 1 0 0 1 1 1 0 0]
545,DFS,1.331876277923584,92,[1 1 1 1 1 0 0 0 0 0;1 0 0 0 1 1 1 1 0 0;1 3 0 0 0 2 0 1 1 0;1 0 3 3 0 1 3 0 1 0;1 0 2 0 1 1 0 0 1 0;1 0 0 1 1 0 0 1 1 0;1 0 2 1 1 0 0 1 0 0;1 0 0 1 1 0 2 1 0 0;1 0 1 1 1 1 5 1 0 0;1 1 1 0 0 1 1 1 0 0]
545,BFS,2.332913398742676,50,[1 1 1 1 1 0 0 0 0 0;1 0 0 0 1 1 1 1 0 0;1 3 0 0 0 2 0 1 1 0;1 0 3 3 0 1 3 0 1 0;1 0 2 0 1 1 0 0 1 0;1 0 0 1 1 0 0 1 1 0;1 0 2 1 1 0 0 1 0 0;1 0 0 1 1 0 2 1 0 0;1 0 1 1 1 1 5 1 0 0;1 1 1 0 0 1 1 1 0 0]
546,A*,2.0285494327545166,45,[0 0 0 0 0 0 0 0 0 0;1 1 1 1 0 0 0 0 0 0;1 0 0 1 1 1 1 0 0 0;1 0 2 1 1 5 1 0 0 0;1 0 3 1 1 2 1 1 0 0;1 0 2 1 0 0 0 1 0 0;1 0 2 3 0 3 0 1 0 0;1 3 0 0 0 0 1 1 0 0;1 0 1 1 1 1 1 0 0 0;1 1 1 0 0 0 0 0 0 0]
546,DFS,1.6788997650146484,71,[0 0 0 0 0 0 0 0 0 0;1 1 1 1 0 0 0 0 0 0;1 0 0 1 1 1 1 0 0 0;1 0 2 1 1 5 1 0 0 0;1 0 3 1 1 2 1 1 0 0;1 0 2 1 0 0 0 1 0 0;1 0 2 3 0 3 0 1 0 0;1 3 0 0 0 0 1 1 0 0;1 0 1 1 1 1 1 0 0 0;1 1 1 0 0 0 0 0 0 0]
546,BFS,1.3836400508880615,45,[0 0 0 0 0 0 0 0 0 0;1 1 1 1 0 0 0 0 0 0;1 0 0 1 1 1 1 0 0 0;1 0 2 1 1 5 1 0 0 0;1 0 3 1 1 2 1 1 0 0;1 0 2 1 0 0 0 1 0 0;1 0 2 3 0 3 0 1 0 0;1 3 0 0 0 0 1 1 0 0;1 0 1 1 1 1 1 0 0 0;1 1 1 0 0 0 0 0 0 0]
547,A*,8.230944871902466,92,[1 1 1 1 1 1 1 1 1 1;1 0 0 0 0 0 0 0 0 1;1 0 2 2 0 2 0 3 0 1;1 3 0 1 1 1 1 1 1 1;1 3 0 1 0 0 0 0 0 0;1 0 1 1 0 0 0 0 0 0;1 0 1 1 1 1 0 0 0 0;1 0 0 2 5 1 0 0 0 0;1 3 0 0 1 1 0 0 0 0;1 1 1 1 1 0 0 0 0 0]
547,DFS,2.5535154342651367,146,[1 1 1 1 1 1 1 1 1 1;1 0 0 0 0 0 0 0 0 1;1 0 2 2 0 2 0 3 0 1;1 3 0 1 1 1 1 1 1 1;1 3 0 1 0 0 0 0 0 0;1 0 1 1 0 0 0 0 0 0;1 0 1 1 1 1 0 0 0 0;1 0 0 2 5 1 0 0 0 0;1 3 0 0 1 1 0 0 0 0;1 1 1 1 1 0 0 0 0 0]
547,BFS,5.013980865478516,92,[1 1 1 1 1 1 1 1 1 1;1 0 0 0 0 0 0 0 0 1;1 0 2 2 0 2 0 3 0 1;1 3 0 1 1 1 1 1 1 1;1 3 0 1 0 0 0 0 0 0;1 0 1 1 0 0 0 0 0 0;1 0 1 1 1 1 0 0 0 0;1 0 0 2 5 1 0 0 0 0;1 3 0 0 1 1 0 0 0 0;1 1 1 1 1 0 0 0 0 0]
548,A*,12.424306631088257,46,[0 0 0 0 0 0 0 0 0 0;0 0 1 1 1 1 1 0 0 0;1 1 1 0 0 0 1 0 0 0;1 0 0 2 0 1 1 0 0 0;1 5 2 0 0 1 1 0 0 0;1 1 0 1 1 3 1 1 1 1;1 0 0 0 0 0 0 0 0 1;1 3 0 0 1 0 0 2 0 1;1 0 0 2 0 0 3 0 3 1;1 1 1 1 1 1 1 1 1 1]
548,DFS,4.588761568069458,720,[0 0 0 0 0 0 0 0 0 0;0 0 1 1 1 1 1 0 0 0;1 1 1 0 0 0 1 0 0 0;1 0 0 2 0 1 1 0 0 0;1 5 2 0 0 1 1 0 0 0;1 1 0 1 1 3 1 1 1 1;1 0 0 0 0 0 0 0 0 1;1 3 0 0 1 0 0 2 0 1;1 0 0 2 0 0 3 0 3 1;1 1 1 1 1 1 1 1 1 1]
548,BFS,37.629504680633545,46,[0 0 0 0 0 0 0 0 0 0;0 0 1 1 1 1 1 0 0 0;1 1 1 0 0 0 1 0 0 0;1 0 0 2 0 1 1 0 0 0;1 5 2 0 0 1 1 0 0 0;1 1 0 1 1 3 1 1 1 1;1 0 0 0 0 0 0 0 0 1;1 3 0 0 1 0 0 2 0 1;1 0 0 2 0 0 3 0 3 1;1 1 1 1 1 1 1 1 1 1]
549,A*,1.032334804534912,54,[0 0 0 0 1 1 1 1 0 0;0 0 0 1 1 0 3 1 1 0;0 0 0 1 0 0 0 3 1 0;0 0 0 1 0 2 0 0 1 0;0 0 0 1 1 2 0 1 1 0;0 0 0 0 1 0 2 1 0 0;1 1 1 1 1 0 0 1 1 0;1 0 0 0 1 3 2 0 1 0;1 0 0 0 3 0 5 1 1 0;1 1 1 1 1 1 1 1 0 0]
549,DFS,0.4801146984100342,181,[0 0 0 0 1 1 1 1 0 0;0 0 0 1 1 0 3 1 1 0;0 0 0 1 0 0 0 3 1 0;0 0 0 1 0 2 0 0 1 0;0 0 0 1 1 2 0 1 1 0;0 0 0 0 1 0 2 1 0 0;1 1 1 1 1 0 0 1 1 0;1 0 0 0 1 3 2 0 1 0;1 0 0 0 3 0 5 1 1 0;1 1 1 1 1 1 1 1 0 0]
549,BFS,0.6023716926574707,54,[0 0 0 0 1 1 1 1 0 0;0 0 0 1 1 0 3 1 1 0;0 0 0 1 0 0 0 3 1 0;0 0 0 1 0 2 0 0 1 0;0 0 0 1 1 2 0 1 1 0;0 0 0 0 1 0 2 1 0 0;1 1 1 1 1 0 0 1 1 0;1 0 0 0 1 3 2 0 1 0;1 0 0 0 3 0 5 1 1 0;1 1 1 1 1 1 1 1 0 0]
550,A*,1.7965893745422363,45,[1 1 1 1 1 1 1 1 1 1;1 0 0 0 0 2 0 3 0 1;1 0 0 0 0 0 1 2 3 1;1 1 0 0 1 1 1 0 0 1;0 1 1 1 1 1 0 0 3 1;0 0 0 0 0 1 3 0 0 1;0 0 0 0 0 1 0 2 2 1;0 0 0 0 0 1 1 5 0 1;0 0 0 0 0 0 1 1 1 1;0 0 0 0 0 0 0 0 0 0]
550,DFS,0.6581273078918457,265,[1 1 1 1 1 1 1 1 1 1;1 0 0 0 0 2 0 3 0 1;1 0 0 0 0 0 1 2 3 1;1 1 0 0 1 1 1 0 0 1;0 1 1 1 1 1 0 0 3 1;0 0 0 0 0 1 3 0 0 1;0 0 0 0 0 1 0 2 2 1;0 0 0 0 0 1 1 5 0 1;0 0 0 0 0 0 1 1 1 1;0 0 0 0 0 0 0 0 0 0]
550,BFS,1.1836073398590088,45,[1 1 1 1 1 1 1 1 1 1;1 0 0 0 0 2 0 3 0 1;1 0 0 0 0 0 1 2 3 1;1 1 0 0 1 1 1 0 0 1;0 1 1 1 1 1 0 0 3 1;0 0 0 0 0 1 3 0 0 1;0 0 0 0 0 1 0 2 2 1;0 0 0 0 0 1 1 5 0 1;0 0 0 0 0 0 1 1 1 1;0 0 0 0 0 0 0 0 0 0]
551,A*,8.39447832107544,63,[1 1 1 1 1 0 0 0 0 0;1 0 3 0 1 0 0 0 0 0;1 0 0 0 1 0 0 0 0 0;1 0 2 1 1 1 1 0 0 0;1 0 3 0 2 0 1 0 0 0;1 0 0 1 2 3 1 0 0 0;1 0 1 1 5 0 1 1 1 0;1 0 0 1 3 2 1 0 1 1;1 0 0 0 0 0 0 0 0 1;1 1 1 1 1 1 1 1 1 1]
551,DFS,3.149052619934082,183,[1 1 1 1 1 0 0 0 0 0;1 0 3 0 1 0 0 0 0 0;1 0 0 0 1 0 0 0 0 0;1 0 2 1 1 1 1 0 0 0;1 0 3 0 2 0 1 0 0 0;1 0 0 1 2 3 1 0 0 0;1 0 1 1 5 0 1 1 1 0;1 0 0 1 3 2 1 0 1 1;1 0 0 0 0 0 0 0 0 1;1 1 1 1 1 1 1 1 1 1]
551,BFS,6.908174753189087,63,[1 1 1 1 1 0 0 0 0 0;1 0 3 0 1 0 0 0 0 0;1 0 0 0 1 0 0 0 0 0;1 0 2 1 1 1 1 0 0 0;1 0 3 0 2 0 1 0 0 0;1 0 0 1 2 3 1 0 0 0;1 0 1 1 5 0 1 1 1 0;1 0 0 1 3 2 1 0 1 1;1 0 0 0 0 0 0 0 0 1;1 1 1 1 1 1 1 1 1 1]
552,A*,0.8475475311279297,65,[1 1 1 1 1 1 1 1 1 1;1 0 0 3 3 0 0 3 0 1;1 0 2 2 0 1 0 0 0 1;1 0 0 1 0 1 1 1 0 1;1 0 1 1 0 2 5 1 0 1;1 1 1 1 0 0 1 0 0 1;0 0 1 1 2 1 1 0 0 1;0 0 1 0 0 0 0 0 0 1;0 0 1 0 0 3 1 1 0 1;0 0 1 1 1 1 1 1 1 1]
552,DFS,0.16141748428344727,299,[1 1 1 1 1 1 1 1 1 1;1 0 0 3 3 0 0 3 0 1;1 0 2 2 0 1 0 0 0 1;1 0 0 1 0 1 1 1 0 1;1 0 1 1 0 2 5 1 0 1;1 1 1 1 0 0 1 0 0 1;0 0 1 1 2 1 1 0 0 1;0 0 1 0 0 0 0 0 0 1;0 0 1 0 0 3 1 1 0 1;0 0 1 1 1 1 1 1 1 1]
552,BFS,0.7572805881500244,65,[1 1 1 1 1 1 1 1 1 1;1 0 0 3 3 0 0 3 0 1;1 0 2 2 0 1 0 0 0 1;1 0 0 1 0 1 1 1 0 1;1 0 1 1 0 2 5 1 0 1;1 1 1 1 0 0 1 0 0 1;0 0 1 1 2 1 1 0 0 1;0 0 1 0 0 0 0 0 0 1;0 0 1 0 0 3 1 1 0 1;0 0 1 1 1 1 1 1 1 1]
553,A*,7.828850507736206,73,[0 1 1 1 1 1 1 1 1 1;0 1 0 0 0 0 0 0 0 1;0 1 1 0 3 0 0 2 0 1;0 0 1 0 2 2 1 1 1 1;0 0 1 1 0 2 0 1 1 0;0 0 0 1 3 0 0 3 1 0;0 0 0 1 1 5 0 3 1 0;0 0 0 0 1 1 1 1 1 0;0 0 0 0 0 0 0 0 0 0;0 0 0 0 0 0 0 0 0 0]
553,DFS,1.5941221714019775,248,[0 1 1 1 1 1 1 1 1 1;0 1 0 0 0 0 0 0 0 1;0 1 1 0 3 0 0 2 0 1;0 0 1 0 2 2 1 1 1 1;0 0 1 1 0 2 0 1 1 0;0 0 0 1 3 0 0 3 1 0;0 0 0 1 1 5 0 3 1 0;0 0 0 0 1 1 1 1 1 0;0 0 0 0 0 0 0 0 0 0;0 0 0 0 0 0 0 0 0 0]
553,BFS,5.0627195835113525,73,[0 1 1 1 1 1 1 1 1 1;0 1 0 0 0 0 0 0 0 1;0 1 1 0 3 0 0 2 0 1;0 0 1 0 2 2 1 1 1 1;0 0 1 1 0 2 0 1 1 0;0 0 0 1 3 0 0 3 1 0;0 0 0 1 1 5 0 3 1 0;0 0 0 0 1 1 1 1 1 0;0 0 0 0 0 0 0 0 0 0;0 0 0 0 0 0 0 0 0 0]
554,A*,0.9719908237457275,43,[1 1 1 1 0 0 0 0 0 0;1 3 0 1 0 0 0 0 0 0;1 0 1 1 0 0 0 0 0 0;1 0 0 1 0 0 0 0 0 0;1 0 2 1 1 1 1 1 0 0;1 0 0 1 1 0 5 1 0 0;1 0 3 0 2 0 1 1 0 0;1 0 3 2 1 0 1 0 0 0;1 0 0 2 0 3 1 0 0 0;1 1 1 1 1 1 1 0 0 0]
554,DFS,0.30192112922668457,317,[1 1 1 1 0 0 0 0 0 0;1 3 0 1 0 0 0 0 0 0;1 0 1 1 0 0 0 0 0 0;1 0 0 1 0 0 0 0 0 0;1 0 2 1 1 1 1 1 0 0;1 0 0 1 1 0 5 1 0 0;1 0 3 0 2 0 1 1 0 0;1 0 3 2 1 0 1 0 0 0;1 0 0 2 0 3 1 0 0 0;1 1 1 1 1 1 1 0 0 0]
554,BFS,0.5214567184448242,43,[1 1 1 1 0 0 0 0 0 0;1 3 0 1 0 0 0 0 0 0;1 0 1 1 0 0 0 0 0 0;1 0 0 1 0 0 0 0 0 0;1 0 2 1 1 1 1 1 0 0;1 0 0 1 1 0 5 1 0 0;1 0 3 0 2 0 1 1 0 0;1 0 3 2 1 0 1 0 0 0;1 0 0 2 0 3 1 0 0 0;1 1 1 1 1 1 1 0 0 0]
555,A*,0.4087355136871338,36,[0 0 0 0 0 1 1 1 1 1;0 0 0 0 0 1 0 0 0 1;0 0 0 0 0 1 0 0 0 1;0 0 0 0 0 1 1 0 3 1;0 0 1 1 1 1 1 0 2 1;0 0 1 5 2 0 0 2 3 1;1 1 1 1 1 0 2 3 3 1;1 0 1 1 1 1 1 1 0 1;1 0 0 0 0 0 0 0 0 1;1 1 1 1 1 1 1 1 1 1]
555,DFS,0.205704927444458,40,[0 0 0 0 0 1 1 1 1 1;0 0 0 0 0 1 0 0 0 1;0 0 0 0 0 1 0 0 0 1;0 0 0 0 0 1 1 0 3 1;0 0 1 1 1 1 1 0 2 1;0 0 1 5 2 0 0 2 3 1;1 1 1 1 1 0 2 3 3 1;1 0 1 1 1 1 1 1 0 1;1 0 0 0 0 0 0 0 0 1;1 1 1 1 1 1 1 1 1 1]
555,BFS,0.24106216430664062,36,[0 0 0 0 0 1 1 1 1 1;0 0 0 0 0 1 0 0 0 1;0 0 0 0 0 1 0 0 0 1;0 0 0 0 0 1 1 0 3 1;0 0 1 1 1 1 1 0 2 1;0 0 1 5 2 0 0 2 3 1;1 1 1 1 1 0 2 3 3 1;1 0 1 1 1 1 1 1 0 1;1 0 0 0 0 0 0 0 0 1;1 1 1 1 1 1 1 1 1 1]
556,A*,1.7147283554077148,67,[0 0 0 0 0 0 0 0 0 0;0 0 0 0 0 0 1 1 1 1;0 0 0 0 0 0 1 0 0 1;0 1 1 1 1 1 1 2 0 1;0 1 0 0 0 0 3 0 0 1;0 1 3 2 0 1 3 2 0 1;0 1 1 5 1 1 1 3 0 1;0 1 1 2 1 0 0 1 0 1;0 1 0 0 0 0 0 0 0 1;0 1 1 1 1 1 1 1 1 1]
556,DFS,0.8469085693359375,124,[0 0 0 0 0 0 0 0 0 0;0 0 0 0 0 0 1 1 1 1;0 0 0 0 0 0 1 0 0 1;0 1 1 1 1 1 1 2 0 1;0 1 0 0 0 0 3 0 0 1;0 1 3 2 0 1 3 2 0 1;0 1 1 5 1 1 1 3 0 1;0 1 1 2 1 0 0 1 0 1;0 1 0 0 0 0 0 0 0 1;0 1 1 1 1 1 1 1 1 1]
556,BFS,0.9260485172271729,67,[0 0 0 0 0 0 0 0 0 0;0 0 0 0 0 0 1 1 1 1;0 0 0 0 0 0 1 0 0 1;0 1 1 1 1 1 1 2 0 1;0 1 0 0 0 0 3 0 0 1;0 1 3 2 0 1 3 2 0 1;0 1 1 5 1 1 1 3 0 1;0 1 1 2 1 0 0 1 0 1;0 1 0 0 0 0 0 0 0 1;0 1 1 1 1 1 1 1 1 1]
557,A*,0.6716108322143555,34,[0 0 0 0 0 0 0 0 0 0;0 0 0 0 0 0 0 0 0 0;0 0 0 0 0 0 0 0 0 0;1 1 1 1 0 0 0 0 0 0;1 5 3 1 0 0 0 0 0 0;1 2 0 1 1 1 0 0 0 0;1 3 2 0 0 1 1 0 0 0;1 0 0 2 2 0 1 0 0 0;1 0 3 3 0 0 1 0 0 0;1 1 1 1 1 1 1 0 0 0]
557,DFS,0.15355992317199707,38,[0 0 0 0 0 0 0 0 0 0;0 0 0 0 0 0 0 0 0 0;0 0 0 0 0 0 0 0 0 0;1 1 1 1 0 0 0 0 0 0;1 5 3 1 0 0 0 0 0 0;1 2 0 1 1 1 0 0 0 0;1 3 2 0 0 1 1 0 0 0;1 0 0 2 2 0 1 0 0 0;1 0 3 3 0 0 1 0 0 0;1 1 1 1 1 1 1 0 0 0]
557,BFS,0.22823214530944824,34,[0 0 0 0 0 0 0 0 0 0;0 0 0 0 0 0 0 0 0 0;0 0 0 0 0 0 0 0 0 0;1 1 1 1 0 0 0 0 0 0;1 5 3 1 0 0 0 0 0 0;1 2 0 1 1 1 0 0 0 0;1 3 2 0 0 1 1 0 0 0;1 0 0 2 2 0 1 0 0 0;1 0 3 3 0 0 1 0 0 0;1 1 1 1 1 1 1 0 0 0]
558,A*,0.23227310180664062,38,[1 1 1 1 1 1 1 1 1 0;1 0 2 0 3 3 0 0 1 0;1 0 0 3 2 0 2 0 1 0;1 1 1 1 1 1 0 5 1 0;0 0 0 0 0 1 2 0 1 0;0 0 0 0 0 1 3 1 1 0;0 0 0 0 0 1 1 1 0 0;0 0 0 0 0 0 0 0 0 0;0 0 0 0 0 0 0 0 0 0;0 0 0 0 0 0 0 0 0 0]
558,DFS,0.05523419380187988,92,[1 1 1 1 1 1 1 1 1 0;1 0 2 0 3 3 0 0 1 0;1 0 0 3 2 0 2 0 1 0;1 1 1 1 1 1 0 5 1 0;0 0 0 0 0 1 2 0 1 0;0 0 0 0 0 1 3 1 1 0;0 0 0 0 0 1 1 1 0 0;0 0 0 0 0 0 0 0 0 0;0 0 0 0 0 0 0 0 0 0;0 0 0 0 0 0 0 0 0 0]
558,BFS,0.10326099395751953,38,[1 1 1 1 1 1 1 1 1 0;1 0 2 0 3 3 0 0 1 0;1 0 0 3 2 0 2 0 1 0;1 1 1 1 1 1 0 5 1 0;0 0 0 0 0 1 2 0 1 0;0 0 0 0 0 1 3 1 1 0;0 0 0 0 0 1 1 1 0 0;0 0 0 0 0 0 0 0 0 0;0 0 0 0 0 0 0 0 0 0;0 0 0 0 0 0 0 0 0 0]
559,A*,1.2011489868164062,33,[0 0 0 0 0 0 0 0 0 0;0 0 0 0 0 0 0 0 0 0;0 0 0 0 0 0 0 0 0 0;0 0 1 1 1 1 1 1 1 1;0 0 1 0 0 1 1 0 5 1;0 0 1 0 2 1 1 2 2 1;0 0 1 0 3 1 0 0 3 1;0 0 1 0 3 0 2 3 0 1;0 0 1 0 0 0 0 0 0 1;0 0 1 1 1 1 1 1 1 1]
559,DFS,1.1513516902923584,167,[0 0 0 0 0 0 0 0 0 0;0 0 0 0 0 0 0 0 0 0;0 0 0 0 0 0 0 0 0 0;0 0 1 1 1 1 1 1 1 1;0 0 1 0 0 1 1 0 5 1;0 0 1 0 2 1 1 2 2 1;0 0 1 0 3 1 0 0 3 1;0 0 1 0 3 0 2 3 0 1;0 0 1 0 0 0 0 0 0 1;0 0 1 1 1 1 1 1 1 1]
559,BFS,1.1664950847625732,33,[0 0 0 0 0 0 0 0 0 0;0 0 0 0 0 0 0 0 0 0;0 0 0 0 0 0 0 0 0 0;0 0 1 1 1 1 1 1 1 1;0 0 1 0 0 1 1 0 5 1;0 0 1 0 2 1 1 2 2 1;0 0 1 0 3 1 0 0 3 1;0 0 1 0 3 0 2 3 0 1;0 0 1 0 0 0 0 0 0 1;0 0 1 1 1 1 1 1 1 1]
560,A*,7.05228590965271,50,[0 0 0 1 1 1 1 1 1 1;0 1 1 1 0 1 1 3 0 1;0 1 5 2 0 0 0 2 0 1;0 1 1 1 2 2 3 0 0 1;0 0 1 1 0 1 1 1 0 1;0 0 1 0 0 0 1 3 3 1;0 0 1 0 0 0 0 0 0 1;0 0 1 1 1 0 0 0 0 1;0 0 0 0 1 1 1 1 1 1;0 0 0 0 0 0 0 0 0 0]
560,DFS,6.445672512054443,1418,[0 0 0 1 1 1 1 1 1 1;0 1 1 1 0 1 1 3 0 1;0 1 5 2 0 0 0 2 0 1;0 1 1 1 2 2 3 0 0 1;0 0 1 1 0 1 1 1 0 1;0 0 1 0 0 0 1 3 3 1;0 0 1 0 0 0 0 0 0 1;0 0 1 1 1 0 0 0 0 1;0 0 0 0 1 1 1 1 1 1;0 0 0 0 0 0 0 0 0 0]
560,BFS,14.498900175094604,50,[0 0 0 1 1 1 1 1 1 1;0 1 1 1 0 1 1 3 0 1;0 1 5 2 0 0 0 2 0 1;0 1 1 1 2 2 3 0 0 1;0 0 1 1 0 1 1 1 0 1;0 0 1 0 0 0 1 3 3 1;0 0 1 0 0 0 0 0 0 1;0 0 1 1 1 0 0 0 0 1;0 0 0 0 1 1 1 1 1 1;0 0 0 0 0 0 0 0 0 0]
561,A*,1.919847011566162,51,[1 1 1 1 0 0 0 0 0 0;1 0 3 1 1 1 0 0 0 0;1 0 2 0 0 1 0 0 0 0;1 0 2 0 3 1 0 0 0 0;1 0 1 0 0 1 1 0 0 0;1 0 0 1 0 0 1 0 0 0;1 0 3 0 2 1 1 0 0 0;1 0 2 1 5 1 0 0 0 0;1 3 0 1 1 1 0 0 0 0;1 1 1 1 0 0 0 0 0 0]
561,DFS,0.6103765964508057,123,[1 1 1 1 0 0 0 0 0 0;1 0 3 1 1 1 0 0 0 0;1 0 2 0 0 1 0 0 0 0;1 0 2 0 3 1 0 0 0 0;1 0 1 0 0 1 1 0 0 0;1 0 0 1 0 0 1 0 0 0;1 0 3 0 2 1 1 0 0 0;1 0 2 1 5 1 0 0 0 0;1 3 0 1 1 1 0 0 0 0;1 1 1 1 0 0 0 0 0 0]
561,BFS,1.2614235877990723,51,[1 1 1 1 0 0 0 0 0 0;1 0 3 1 1 1 0 0 0 0;1 0 2 0 0 1 0 0 0 0;1 0 2 0 3 1 0 0 0 0;1 0 1 0 0 1 1 0 0 0;1 0 0 1 0 0 1 0 0 0;1 0 3 0 2 1 1 0 0 0;1 0 2 1 5 1 0 0 0 0;1 3 0 1 1 1 0 0 0 0;1 1 1 1 0 0 0 0 0 0]
562,A*,0.2673757076263428,55,[1 1 1 1 1 0 0 0 0 0;1 3 0 0 1 0 0 0 0 0;1 0 0 0 1 0 0 0 0 0;1 3 2 0 1 0 0 0 0 0;1 0 2 1 1 0 0 0 0 0;1 0 3 1 0 0 0 0 0 0;1 0 2 1 1 0 0 0 0 0;1 3 2 5 1 0 0 0 0 0;1 0 0 1 1 0 0 0 0 0;1 1 1 1 0 0 0 0 0 0]
562,DFS,0.10957908630371094,168,[1 1 1 1 1 0 0 0 0 0;1 3 0 0 1 0 0 0 0 0;1 0 0 0 1 0 0 0 0 0;1 3 2 0 1 0 0 0 0 0;1 0 2 1 1 0 0 0 0 0;1 0 3 1 0 0 0 0 0 0;1 0 2 1 1 0 0 0 0 0;1 3 2 5 1 0 0 0 0 0;1 0 0 1 1 0 0 0 0 0;1 1 1 1 0 0 0 0 0 0]
562,BFS,0.1288607120513916,55,[1 1 1 1 1 0 0 0 0 0;1 3 0 0 1 0 0 0 0 0;1 0 0 0 1 0 0 0 0 0;1 3 2 0 1 0 0 0 0 0;1 0 2 1 1 0 0 0 0 0;1 0 3 1 0 0 0 0 0 0;1 0 2 1 1 0 0 0 0 0;1 3 2 5 1 0 0 0 0 0;1 0 0 1 1 0 0 0 0 0;1 1 1 1 0 0 0 0 0 0]
563,A*,9.484505891799927,94,[1 1 1 1 1 1 0 0 0 0;1 0 0 0 0 1 0 0 0 0;1 0 0 2 0 1 0 0 0 0;1 0 1 1 1 1 0 0 0 0;1 0 0 1 0 0 0 0 0 0;1 0 1 1 1 1 0 1 1 1;1 0 3 1 0 1 1 1 0 1;1 5 2 0 0 2 0 2 0 1;1 3 0 3 0 3 0 0 0 1;1 1 1 1 1 1 1 1 1 1]
563,DFS,2.2289621829986572,362,[1 1 1 1 1 1 0 0 0 0;1 0 0 0 0 1 0 0 0 0;1 0 0 2 0 1 0 0 0 0;1 0 1 1 1 1 0 0 0 0;1 0 0 1 0 0 0 0 0 0;1 0 1 1 1 1 0 1 1 1;1 0 3 1 0 1 1 1 0 1;1 5 2 0 0 2 0 2 0 1;1 3 0 3 0 3 0 0 0 1;1 1 1 1 1 1 1 1 1 1]
563,BFS,6.10125994682312,94,[1 1 1 1 1 1 0 0 0 0;1 0 0 0 0 1 0 0 0 0;1 0 0 2 0 1 0 0 0 0;1 0 1 1 1 1 0 0 0 0;1 0 0 1 0 0 0 0 0 0;1 0 1 1 1 1 0 1 1 1;1 0 3 1 0 1 1 1 0 1;1 5 2 0 0 2 0 2 0 1;1 3 0 3 0 3 0 0 0 1;1 1 1 1 1 1 1 1 1 1]
564,A*,3.8716092109680176,62,[1 1 1 1 1 1 1 1 1 1;1 0 0 0 0 0 0 0 0 1;1 0 2 0 2 0 2 3 0 1;1 1 0 1 0 1 1 1 0 1;0 1 1 1 1 1 0 0 0 1;0 0 0 0 0 1 3 0 0 1;0 0 0 0 0 1 1 0 0 1;0 0 0 0 0 1 0 2 3 1;0 0 0 0 0 1 5 0 3 1;0 0 0 0 0 1 1 1 1 1]
564,DFS,1.2801508903503418,352,[1 1 1 1 1 1 1 1 1 1;1 0 0 0 0 0 0 0 0 1;1 0 2 0 2 0 2 3 0 1;1 1 0 1 0 1 1 1 0 1;0 1 1 1 1 1 0 0 0 1;0 0 0 0 0 1 3 0 0 1;0 0 0 0 0 1 1 0 0 1;0 0 0 0 0 1 0 2 3 1;0 0 0 0 0 1 5 0 3 1;0 0 0 0 0 1 1 1 1 1]
564,BFS,2.4621641635894775,62,[1 1 1 1 1 1 1 1 1 1;1 0 0 0 0 0 0 0 0 1;1 0 2 0 2 0 2 3 0 1;1 1 0 1 0 1 1 1 0 1;0 1 1 1 1 1 0 0 0 1;0 0 0 0 0 1 3 0 0 1;0 0 0 0 0 1 1 0 0 1;0 0 0 0 0 1 0 2 3 1;0 0 0 0 0 1 5 0 3 1;0 0 0 0 0 1 1 1 1 1]
565,A*,20.757107257843018,69,[0 0 1 1 1 1 0 0 0 0;0 1 1 0 0 1 0 0 0 0;0 1 0 3 1 1 1 1 1 1;0 1 3 2 5 0 0 2 0 1;0 1 0 0 2 1 0 0 0 1;0 1 0 0 0 1 1 1 0 1;0 1 1 3 2 1 0 0 0 1;0 1 3 0 0 0 0 0 0 1;0 1 1 0 1 0 0 0 0 1;0 0 1 1 1 1 1 1 1 1]
565,DFS,6.992067098617554,355,[0 0 1 1 1 1 0 0 0 0;0 1 1 0 0 1 0 0 0 0;0 1 0 3 1 1 1 1 1 1;0 1 3 2 5 0 0 2 0 1;0 1 0 0 2 1 0 0 0 1;0 1 0 0 0 1 1 1 0 1;0 1 1 3 2 1 0 0 0 1;0 1 3 0 0 0 0 0 0 1;0 1 1 0 1 0 0 0 0 1;0 0 1 1 1 1 1 1 1 1]
565,BFS,54.591819286346436,69,[0 0 1 1 1 1 0 0 0 0;0 1 1 0 0 1 0 0 0 0;0 1 0 3 1 1 1 1 1 1;0 1 3 2 5 0 0 2 0 1;0 1 0 0 2 1 0 0 0 1;0 1 0 0 0 1 1 1 0 1;0 1 1 3 2 1 0 0 0 1;0 1 3 0 0 0 0 0 0 1;0 1 1 0 1 0 0 0 0 1;0 0 1 1 1 1 1 1 1 1]
566,A*,18.883467435836792,92,[0 0 1 1 1 1 0 0 0 0;0 0 1 0 0 1 1 1 1 0;0 1 1 2 0 0 0 0 1 0;1 1 0 0 0 0 0 0 1 0;1 0 2 0 1 1 1 0 1 1;1 0 0 0 1 1 0 0 0 1;1 1 2 1 1 1 1 0 3 1;1 3 0 0 3 0 1 0 2 1;1 0 0 0 0 5 3 0 0 1;1 1 1 1 1 1 1 1 1 1]
566,DFS,8.743967294692993,1196,[0 0 1 1 1 1 0 0 0 0;0 0 1 0 0 1 1 1 1 0;0 1 1 2 0 0 0 0 1 0;1 1 0 0 0 0 0 0 1 0;1 0 2 0 1 1 1 0 1 1;1 0 0 0 1 1 0 0 0 1;1 1 2 1 1 1 1 0 3 1;1 3 0 0 3 0 1 0 2 1;1 0 0 0 0 5 3 0 0 1;1 1 1 1 1 1 1 1 1 1]
566,BFS,20.69620180130005,92,[0 0 1 1 1 1 0 0 0 0;0 0 1 0 0 1 1 1 1 0;0 1 1 2 0 0 0 0 1 0;1 1 0 0 0 0 0 0 1 0;1 0 2 0 1 1 1 0 1 1;1 0 0 0 1 1 0 0 0 1;1 1 2 1 1 1 1 0 3 1;1 3 0 0 3 0 1 0 2 1;1 0 0 0 0 5 3 0 0 1;1 1 1 1 1 1 1 1 1 1]
567,A*,8.632003545761108,53,[1 1 1 1 1 1 1 1 1 1;1 0 0 0 0 0 0 0 0 1;1 0 0 3 3 2 2 0 1 1;1 5 2 0 0 0 2 0 1 0;1 0 1 1 1 3 3 1 1 0;1 1 1 0 1 1 0 1 0 0;0 0 0 0 0 1 1 1 0 0;0 0 0 0 0 0 0 0 0 0;0 0 0 0 0 0 0 0 0 0;0 0 0 0 0 0 0 0 0 0]
567,DFS,2.6039812564849854,191,[1 1 1 1 1 1 1 1 1 1;1 0 0 0 0 0 0 0 0 1;1 0 0 3 3 2 2 0 1 1;1 5 2 0 0 0 2 0 1 0;1 0 1 1 1 3 3 1 1 0;1 1 1 0 1 1 0 1 0 0;0 0 0 0 0 1 1 1 0 0;0 0 0 0 0 0 0 0 0 0;0 0 0 0 0 0 0 0 0 0;0 0 0 0 0 0 0 0 0 0]
567,BFS,7.348534107208252,53,[1 1 1 1 1 1 1 1 1 1;1 0 0 0 0 0 0 0 0 1;1 0 0 3 3 2 2 0 1 1;1 5 2 0 0 0 2 0 1 0;1 0 1 1 1 3 3 1 1 0;1 1 1 0 1 1 0 1 0 0;0 0 0 0 0 1 1 1 0 0;0 0 0 0 0 0 0 0 0 0;0 0 0 0 0 0 0 0 0 0;0 0 0 0 0 0 0 0 0 0]
568,A*,0.5224473476409912,89,[1 1 1 1 1 1 1 1 1 1;1 0 0 0 0 0 0 0 0 1;1 1 2 0 1 0 1 0 3 1;1 1 0 1 1 1 1 1 0 1;1 3 0 1 0 0 1 1 0 1;1 0 0 1 0 1 1 0 0 1;1 0 0 1 1 1 3 0 2 1;1 2 0 1 0 1 0 2 5 1;1 3 0 0 0 0 0 1 1 1;1 1 1 1 1 1 1 1 0 0]
568,DFS,0.10731124877929688,320,[1 1 1 1 1 1 1 1 1 1;1 0 0 0 0 0 0 0 0 1;1 1 2 0 1 0 1 0 3 1;1 1 0 1 1 1 1 1 0 1;1 3 0 1 0 0 1 1 0 1;1 0 0 1 0 1 1 0 0 1;1 0 0 1 1 1 3 0 2 1;1 2 0 1 0 1 0 2 5 1;1 3 0 0 0 0 0 1 1 1;1 1 1 1 1 1 1 1 0 0]
568,BFS,0.24688935279846191,89,[1 1 1 1 1 1 1 1 1 1;1 0 0 0 0 0 0 0 0 1;1 1 2 0 1 0 1 0 3 1;1 1 0 1 1 1 1 1 0 1;1 3 0 1 0 0 1 1 0 1;1 0 0 1 0 1 1 0 0 1;1 0 0 1 1 1 3 0 2 1;1 2 0 1 0 1 0 2 5 1;1 3 0 0 0 0 0 1 1 1;1 1 1 1 1 1 1 1 0 0]
569,A*,11.533393383026123,78,[1 1 1 1 0 0 0 0 0 0;1 0 0 1 1 0 0 0 0 0;1 0 0 0 1 0 0 0 0 0;1 0 0 1 1 0 0 0 0 0;1 0 1 1 0 0 1 1 1 1;1 0 3 1 1 1 1 0 3 1;1 0 0 0 3 0 2 2 3 1;1 0 0 2 0 0 0 2 5 1;1 0 0 0 1 1 1 1 1 1;1 1 1 1 1 0 0 0 0 0]
569,DFS,4.091092824935913,328,[1 1 1 1 0 0 0 0 0 0;1 0 0 1 1 0 0 0 0 0;1 0 0 0 1 0 0 0 0 0;1 0 0 1 1 0 0 0 0 0;1 0 1 1 0 0 1 1 1 1;1 0 3 1 1 1 1 0 3 1;1 0 0 0 3 0 2 2 3 1;1 0 0 2 0 0 0 2 5 1;1 0 0 0 1 1 1 1 1 1;1 1 1 1 1 0 0 0 0 0]
569,BFS,7.835381746292114,78,[1 1 1 1 0 0 0 0 0 0;1 0 0 1 1 0 0 0 0 0;1 0 0 0 1 0 0 0 0 0;1 0 0 1 1 0 0 0 0 0;1 0 1 1 0 0 1 1 1 1;1 0 3 1 1 1 1 0 3 1;1 0 0 0 3 0 2 2 3 1;1 0 0 2 0 0 0 2 5 1;1 0 0 0 1 1 1 1 1 1;1 1 1 1 1 0 0 0 0 0]
570,A*,11.190369367599487,96,[1 1 1 1 1 1 1 0 0 0;1 0 0 1 1 0 1 1 1 1;1 0 2 2 0 0 3 3 0 1;1 0 0 1 0 0 0 0 0 1;1 3 0 1 1 1 1 1 1 1;1 0 2 1 0 0 0 0 0 0;1 5 0 1 1 1 1 1 1 0;1 3 2 0 0 0 0 0 1 0;1 0 0 1 0 0 1 1 1 0;1 1 1 1 1 1 1 0 0 0]
570,DFS,4.852021217346191,880,[1 1 1 1 1 1 1 0 0 0;1 0 0 1 1 0 1 1 1 1;1 0 2 2 0 0 3 3 0 1;1 0 0 1 0 0 0 0 0 1;1 3 0 1 1 1 1 1 1 1;1 0 2 1 0 0 0 0 0 0;1 5 0 1 1 1 1 1 1 0;1 3 2 0 0 0 0 0 1 0;1 0 0 1 0 0 1 1 1 0;1 1 1 1 1 1 1 0 0 0]
570,BFS,8.696842908859253,96,[1 1 1 1 1 1 1 0 0 0;1 0 0 1 1 0 1 1 1 1;1 0 2 2 0 0 3 3 0 1;1 0 0 1 0 0 0 0 0 1;1 3 0 1 1 1 1 1 1 1;1 0 2 1 0 0 0 0 0 0;1 5 0 1 1 1 1 1 1 0;1 3 2 0 0 0 0 0 1 0;1 0 0 1 0 0 1 1 1 0;1 1 1 1 1 1 1 0 0 0]
571,A*,0.39939427375793457,34,[1 1 1 1 1 1 1 1 1 1;1 0 3 2 3 0 0 0 0 1;1 0 0 2 3 2 0 3 1 1;1 0 0 0 1 1 1 1 1 0;1 1 2 1 1 0 0 0 0 0;0 1 5 1 0 0 0 0 0 0;0 1 1 1 0 0 0 0 0 0;0 0 0 0 0 0 0 0 0 0;0 0 0 0 0 0 0 0 0 0;0 0 0 0 0 0 0 0 0 0]
571,DFS,0.2685682773590088,36,[1 1 1 1 1 1 1 1 1 1;1 0 3 2 3 0 0 0 0 1;1 0 0 2 3 2 0 3 1 1;1 0 0 0 1 1 1 1 1 0;1 1 2 1 1 0 0 0 0 0;0 1 5 1 0 0 0 0 0 0;0 1 1 1 0 0 0 0 0 0;0 0 0 0 0 0 0 0 0 0;0 0 0 0 0 0 0 0 0 0;0 0 0 0 0 0 0 0 0 0]
571,BFS,0.2955813407897949,34,[1 1 1 1 1 1 1 1 1 1;1 0 3 2 3 0 0 0 0 1;1 0 0 2 3 2 0 3 1 1;1 0 0 0 1 1 1 1 1 0;1 1 2 1 1 0 0 0 0 0;0 1 5 1 0 0 0 0 0 0;0 1 1 1 0 0 0 0 0 0;0 0 0 0 0 0 0 0 0 0;0 0 0 0 0 0 0 0 0 0;0 0 0 0 0 0 0 0 0 0]
572,A*,3.770028591156006,55,[1 1 1 0 0 0 0 0 0 0;1 0 1 1 0 0 0 0 0 0;1 5 0 1 0 0 0 0 0 0;1 0 3 1 0 0 0 0 0 0;1 0 0 1 0 0 0 0 0 0;1 0 2 1 1 1 0 0 0 0;1 0 2 0 0 1 1 0 0 0;1 0 2 2 3 0 1 0 0 0;1 0 0 3 3 0 1 0 0 0;1 1 1 1 1 1 1 0 0 0]
572,DFS,1.165755033493042,169,[1 1 1 0 0 0 0 0 0 0;1 0 1 1 0 0 0 0 0 0;1 5 0 1 0 0 0 0 0 0;1 0 3 1 0 0 0 0 0 0;1 0 0 1 0 0 0 0 0 0;1 0 2 1 1 1 0 0 0 0;1 0 2 0 0 1 1 0 0 0;1 0 2 2 3 0 1 0 0 0;1 0 0 3 3 0 1 0 0 0;1 1 1 1 1 1 1 0 0 0]
572,BFS,2.2679989337921143,55,[1 1 1 0 0 0 0 0 0 0;1 0 1 1 0 0 0 0 0 0;1 5 0 1 0 0 0 0 0 0;1 0 3 1 0 0 0 0 0 0;1 0 0 1 0 0 0 0 0 0;1 0 2 1 1 1 0 0 0 0;1 0 2 0 0 1 1 0 0 0;1 0 2 2 3 0 1 0 0 0;1 0 0 3 3 0 1 0 0 0;1 1 1 1 1 1 1 0 0 0]
573,A*,9.835580348968506,76,[1 1 1 0 0 0 0 0 0 0;1 5 1 0 0 0 0 0 0 0;1 2 1 1 0 0 1 1 1 1;1 0 0 1 0 0 1 0 0 1;1 0 2 1 0 0 1 2 0 1;1 0 0 1 0 0 1 0 0 1;1 3 3 1 1 1 1 0 3 1;1 0 3 2 0 0 0 0 0 1;1 0 0 0 0 1 1 0 0 1;1 1 1 1 1 1 1 1 1 1]
573,DFS,4.065014123916626,534,[1 1 1 0 0 0 0 0 0 0;1 5 1 0 0 0 0 0 0 0;1 2 1 1 0 0 1 1 1 1;1 0 0 1 0 0 1 0 0 1;1 0 2 1 0 0 1 2 0 1;1 0 0 1 0 0 1 0 0 1;1 3 3 1 1 1 1 0 3 1;1 0 3 2 0 0 0 0 0 1;1 0 0 0 0 1 1 0 0 1;1 1 1 1 1 1 1 1 1 1]
573,BFS,8.743827104568481,76,[1 1 1 0 0 0 0 0 0 0;1 5 1 0 0 0 0 0 0 0;1 2 1 1 0 0 1 1 1 1;1 0 0 1 0 0 1 0 0 1;1 0 2 1 0 0 1 2 0 1;1 0 0 1 0 0 1 0 0 1;1 3 3 1 1 1 1 0 3 1;1 0 3 2 0 0 0 0 0 1;1 0 0 0 0 1 1 0 0 1;1 1 1 1 1 1 1 1 1 1]
574,A*,3.987017869949341,65,[1 1 1 1 0 0 0 0 0 0;1 0 3 1 0 0 0 0 0 0;1 0 5 1 0 0 0 0 0 0;1 0 2 1 1 1 0 0 0 0;1 0 3 2 0 1 1 0 0 0;1 0 2 2 3 0 1 0 0 0;1 0 3 0 0 0 1 1 1 1;1 0 1 1 1 1 0 0 0 1;1 0 0 0 0 0 0 0 0 1;1 1 1 1 1 1 1 1 1 1]
574,DFS,1.0428025722503662,180,[1 1 1 1 0 0 0 0 0 0;1 0 3 1 0 0 0 0 0 0;1 0 5 1 0 0 0 0 0 0;1 0 2 1 1 1 0 0 0 0;1 0 3 2 0 1 1 0 0 0;1 0 2 2 3 0 1 0 0 0;1 0 3 0 0 0 1 1 1 1;1 0 1 1 1 1 0 0 0 1;1 0 0 0 0 0 0 0 0 1;1 1 1 1 1 1 1 1 1 1]
574,BFS,2.0341246128082275,65,[1 1 1 1 0 0 0 0 0 0;1 0 3 1 0 0 0 0 0 0;1 0 5 1 0 0 0 0 0 0;1 0 2 1 1 1 0 0 0 0;1 0 3 2 0 1 1 0 0 0;1 0 2 2 3 0 1 0 0 0;1 0 3 0 0 0 1 1 1 1;1 0 1 1 1 1 0 0 0 1;1 0 0 0 0 0 0 0 0 1;1 1 1 1 1 1 1 1 1 1]
575,A*,6.599059820175171,55,[0 0 0 0 0 0 0 0 0 0;0 0 0 0 0 0 0 0 0 0;0 0 0 0 0 0 0 0 0 0;1 1 1 0 0 0 0 0 0 0;1 0 1 1 1 1 1 1 1 0;1 0 0 1 1 0 5 3 1 1;1 0 0 1 1 3 2 3 0 1;1 0 2 0 2 2 3 1 0 1;1 0 0 0 0 0 0 0 0 1;1 1 1 1 1 1 1 1 1 1]
575,DFS,2.37215518951416,375,[0 0 0 0 0 0 0 0 0 0;0 0 0 0 0 0 0 0 0 0;0 0 0 0 0 0 0 0 0 0;1 1 1 0 0 0 0 0 0 0;1 0 1 1 1 1 1 1 1 0;1 0 0 1 1 0 5 3 1 1;1 0 0 1 1 3 2 3 0 1;1 0 2 0 2 2 3 1 0 1;1 0 0 0 0 0 0 0 0 1;1 1 1 1 1 1 1 1 1 1]
575,BFS,5.916071891784668,55,[0 0 0 0 0 0 0 0 0 0;0 0 0 0 0 0 0 0 0 0;0 0 0 0 0 0 0 0 0 0;1 1 1 0 0 0 0 0 0 0;1 0 1 1 1 1 1 1 1 0;1 0 0 1 1 0 5 3 1 1;1 0 0 1 1 3 2 3 0 1;1 0 2 0 2 2 3 1 0 1;1 0 0 0 0 0 0 0 0 1;1 1 1 1 1 1 1 1 1 1]
576,A*,5.670694351196289,89,[1 1 1 1 1 1 1 1 1 1;1 0 1 0 0 1 1 0 3 1;1 0 2 3 3 0 0 0 0 1;1 5 2 2 0 0 0 2 0 1;1 0 3 1 1 1 1 1 1 1;1 0 0 1 0 0 0 0 0 0;1 1 1 1 0 0 0 0 0 0;0 0 0 0 0 0 0 0 0 0;0 0 0 0 0 0 0 0 0 0;0 0 0 0 0 0 0 0 0 0]
576,DFS,1.4758517742156982,431,[1 1 1 1 1 1 1 1 1 1;1 0 1 0 0 1 1 0 3 1;1 0 2 3 3 0 0 0 0 1;1 5 2 2 0 0 0 2 0 1;1 0 3 1 1 1 1 1 1 1;1 0 0 1 0 0 0 0 0 0;1 1 1 1 0 0 0 0 0 0;0 0 0 0 0 0 0 0 0 0;0 0 0 0 0 0 0 0 0 0;0 0 0 0 0 0 0 0 0 0]
576,BFS,2.4428679943084717,89,[1 1 1 1 1 1 1 1 1 1;1 0 1 0 0 1 1 0 3 1;1 0 2 3 3 0 0 0 0 1;1 5 2 2 0 0 0 2 0 1;1 0 3 1 1 1 1 1 1 1;1 0 0 1 0 0 0 0 0 0;1 1 1 1 0 0 0 0 0 0;0 0 0 0 0 0 0 0 0 0;0 0 0 0 0 0 0 0 0 0;0 0 0 0 0 0 0 0 0 0]
577,A*,8.712729930877686,80,[1 1 1 0 0 0 0 0 0 0;1 0 1 1 0 0 0 0 0 0;1 0 5 1 0 0 0 0 0 0;1 0 2 1 0 0 0 0 0 0;1 3 0 1 1 1 1 1 1 1;1 0 2 0 0 1 1 0 0 1;1 2 0 3 3 3 0 2 0 1;1 0 0 0 0 1 0 0 0 1;1 1 1 1 1 1 1 1 0 1;0 0 0 0 0 0 0 1 1 1]
577,DFS,3.0766448974609375,324,[1 1 1 0 0 0 0 0 0 0;1 0 1 1 0 0 0 0 0 0;1 0 5 1 0 0 0 0 0 0;1 0 2 1 0 0 0 0 0 0;1 3 0 1 1 1 1 1 1 1;1 0 2 0 0 1 1 0 0 1;1 2 0 3 3 3 0 2 0 1;1 0 0 0 0 1 0 0 0 1;1 1 1 1 1 1 1 1 0 1;0 0 0 0 0 0 0 1 1 1]
577,BFS,7.208454370498657,80,[1 1 1 0 0 0 0 0 0 0;1 0 1 1 0 0 0 0 0 0;1 0 5 1 0 0 0 0 0 0;1 0 2 1 0 0 0 0 0 0;1 3 0 1 1 1 1 1 1 1;1 0 2 0 0 1 1 0 0 1;1 2 0 3 3 3 0 2 0 1;1 0 0 0 0 1 0 0 0 1;1 1 1 1 1 1 1 1 0 1;0 0 0 0 0 0 0 1 1 1]
578,A*,0.33226633071899414,34,[0 0 0 0 0 0 0 0 0 0;0 0 0 0 0 0 0 0 0 0;0 0 0 0 0 0 0 0 0 0;0 0 0 0 0 0 0 0 0 0;0 0 0 0 0 0 0 0 0 0;1 1 1 1 0 0 1 1 1 1;1 5 0 1 1 1 1 0 0 1;1 0 2 0 0 2 0 2 3 1;1 0 3 0 2 3 0 3 0 1;1 1 1 1 1 1 1 1 1 1]
578,DFS,0.06695747375488281,74,[0 0 0 0 0 0 0 0 0 0;0 0 0 0 0 0 0 0 0 0;0 0 0 0 0 0 0 0 0 0;0 0 0 0 0 0 0 0 0 0;0 0 0 0 0 0 0 0 0 0;1 1 1 1 0 0 1 1 1 1;1 5 0 1 1 1 1 0 0 1;1 0 2 0 0 2 0 2 3 1;1 0 3 0 2 3 0 3 0 1;1 1 1 1 1 1 1 1 1 1]
578,BFS,0.21328186988830566,34,[0 0 0 0 0 0 0 0 0 0;0 0 0 0 0 0 0 0 0 0;0 0 0 0 0 0 0 0 0 0;0 0 0 0 0 0 0 0 0 0;0 0 0 0 0 0 0 0 0 0;1 1 1 1 0 0 1 1 1 1;1 5 0 1 1 1 1 0 0 1;1 0 2 0 0 2 0 2 3 1;1 0 3 0 2 3 0 3 0 1;1 1 1 1 1 1 1 1 1 1]
579,A*,12.168556213378906,52,[1 1 1 1 1 1 1 1 1 0;1 0 0 0 0 3 0 0 1 0;1 0 0 1 0 2 0 0 1 0;1 1 1 1 1 3 2 0 1 0;0 0 0 0 1 2 2 0 1 0;0 0 0 0 1 0 0 0 1 0;0 0 0 0 1 1 0 5 1 0;0 0 1 1 1 0 3 0 1 0;0 0 1 0 3 0 0 0 1 0;0 0 1 1 1 1 1 1 1 0]
579,DFS,5.855583429336548,273,[1 1 1 1 1 1 1 1 1 0;1 0 0 0 0 3 0 0 1 0;1 0 0 1 0 2 0 0 1 0;1 1 1 1 1 3 2 0 1 0;0 0 0 0 1 2 2 0 1 0;0 0 0 0 1 0 0 0 1 0;0 0 0 0 1 1 0 5 1 0;0 0 1 1 1 0 3 0 1 0;0 0 1 0 3 0 0 0 1 0;0 0 1 1 1 1 1 1 1 0]
579,BFS,16.461976289749146,52,[1 1 1 1 1 1 1 1 1 0;1 0 0 0 0 3 0 0 1 0;1 0 0 1 0 2 0 0 1 0;1 1 1 1 1 3 2 0 1 0;0 0 0 0 1 2 2 0 1 0;0 0 0 0 1 0 0 0 1 0;0 0 0 0 1 1 0 5 1 0;0 0 1 1 1 0 3 0 1 0;0 0 1 0 3 0 0 0 1 0;0 0 1 1 1 1 1 1 1 0]
580,A*,48.96871256828308,101,[1 1 1 1 1 0 0 0 0 0;1 0 0 0 1 0 0 0 0 0;1 0 2 2 1 1 1 1 0 0;1 0 0 0 0 2 5 1 1 1;1 0 3 0 2 0 1 0 0 1;1 1 0 0 1 0 1 0 0 1;0 1 1 1 0 3 1 3 0 1;0 0 0 1 0 0 0 0 0 1;0 0 0 1 1 0 0 3 0 1;0 0 0 0 1 1 1 1 1 1]
580,DFS,14.445215463638306,1226,[1 1 1 1 1 0 0 0 0 0;1 0 0 0 1 0 0 0 0 0;1 0 2 2 1 1 1 1 0 0;1 0 0 0 0 2 5 1 1 1;1 0 3 0 2 0 1 0 0 1;1 1 0 0 1 0 1 0 0 1;0 1 1 1 0 3 1 3 0 1;0 0 0 1 0 0 0 0 0 1;0 0 0 1 1 0 0 3 0 1;0 0 0 0 1 1 1 1 1 1]
580,BFS,69.1283209323883,101,[1 1 1 1 1 0 0 0 0 0;1 0 0 0 1 0 0 0 0 0;1 0 2 2 1 1 1 1 0 0;1 0 0 0 0 2 5 1 1 1;1 0 3 0 2 0 1 0 0 1;1 1 0 0 1 0 1 0 0 1;0 1 1 1 0 3 1 3 0 1;0 0 0 1 0 0 0 0 0 1;0 0 0 1 1 0 0 3 0 1;0 0 0 0 1 1 1 1 1 1]
581,A*,0.25057172775268555,31,[0 0 0 0 0 0 0 1 1 1;0 1 1 1 1 1 1 1 3 1;0 1 5 2 0 0 0 0 0 1;0 1 1 0 2 3 0 2 0 1;0 0 1 1 1 1 1 2 0 1;0 0 0 0 0 0 1 0 0 1;0 0 0 0 0 0 1 3 3 1;0 0 0 0 0 0 1 0 0 1;0 0 0 0 0 0 1 1 1 1;0 0 0 0 0 0 0 0 0 0]
581,DFS,0.32393884658813477,85,[0 0 0 0 0 0 0 1 1 1;0 1 1 1 1 1 1 1 3 1;0 1 5 2 0 0 0 0 0 1;0 1 1 0 2 3 0 2 0 1;0 0 1 1 1 1 1 2 0 1;0 0 0 0 0 0 1 0 0 1;0 0 0 0 0 0 1 3 3 1;0 0 0 0 0 0 1 0 0 1;0 0 0 0 0 0 1 1 1 1;0 0 0 0 0 0 0 0 0 0]
581,BFS,0.22738265991210938,31,[0 0 0 0 0 0 0 1 1 1;0 1 1 1 1 1 1 1 3 1;0 1 5 2 0 0 0 0 0 1;0 1 1 0 2 3 0 2 0 1;0 0 1 1 1 1 1 2 0 1;0 0 0 0 0 0 1 0 0 1;0 0 0 0 0 0 1 3 3 1;0 0 0 0 0 0 1 0 0 1;0 0 0 0 0 0 1 1 1 1;0 0 0 0 0 0 0 0 0 0]
582,A*,1.1248178482055664,42,[1 1 1 1 1 1 1 1 0 0;1 3 0 1 1 0 5 1 0 0;1 0 2 0 2 0 3 1 0 0;1 0 3 0 0 2 0 1 0 0;1 0 0 1 1 1 1 1 1 1;1 0 1 1 0 0 1 0 0 1;1 0 3 1 1 1 1 0 0 1;1 0 2 1 0 1 1 0 0 1;1 0 0 0 0 0 0 0 0 1;1 1 1 1 1 1 1 1 1 1]
582,DFS,0.9755232334136963,97,[1 1 1 1 1 1 1 1 0 0;1 3 0 1 1 0 5 1 0 0;1 0 2 0 2 0 3 1 0 0;1 0 3 0 0 2 0 1 0 0;1 0 0 1 1 1 1 1 1 1;1 0 1 1 0 0 1 0 0 1;1 0 3 1 1 1 1 0 0 1;1 0 2 1 0 1 1 0 0 1;1 0 0 0 0 0 0 0 0 1;1 1 1 1 1 1 1 1 1 1]
582,BFS,0.9426348209381104,42,[1 1 1 1 1 1 1 1 0 0;1 3 0 1 1 0 5 1 0 0;1 0 2 0 2 0 3 1 0 0;1 0 3 0 0 2 0 1 0 0;1 0 0 1 1 1 1 1 1 1;1 0 1 1 0 0 1 0 0 1;1 0 3 1 1 1 1 0 0 1;1 0 2 1 0 1 1 0 0 1;1 0 0 0 0 0 0 0 0 1;1 1 1 1 1 1 1 1 1 1]
583,A*,1.4471776485443115,80,[0 0 0 0 0 0 0 0 0 0;0 0 0 0 0 0 0 0 0 0;0 0 0 0 0 0 0 1 1 1;0 0 0 0 0 0 1 1 0 1;0 0 0 0 1 1 1 0 3 1;0 0 0 0 1 0 1 2 0 1;0 0 0 1 1 0 2 3 0 1;0 0 0 1 0 2 3 2 0 1;0 0 0 1 5 0 3 0 0 1;0 0 0 1 1 1 1 1 1 1]
583,DFS,0.4147007465362549,148,[0 0 0 0 0 0 0 0 0 0;0 0 0 0 0 0 0 0 0 0;0 0 0 0 0 0 0 1 1 1;0 0 0 0 0 0 1 1 0 1;0 0 0 0 1 1 1 0 3 1;0 0 0 0 1 0 1 2 0 1;0 0 0 1 1 0 2 3 0 1;0 0 0 1 0 2 3 2 0 1;0 0 0 1 5 0 3 0 0 1;0 0 0 1 1 1 1 1 1 1]
583,BFS,0.6150081157684326,80,[0 0 0 0 0 0 0 0 0 0;0 0 0 0 0 0 0 0 0 0;0 0 0 0 0 0 0 1 1 1;0 0 0 0 0 0 1 1 0 1;0 0 0 0 1 1 1 0 3 1;0 0 0 0 1 0 1 2 0 1;0 0 0 1 1 0 2 3 0 1;0 0 0 1 0 2 3 2 0 1;0 0 0 1 5 0 3 0 0 1;0 0 0 1 1 1 1 1 1 1]
584,A*,14.423213720321655,69,[0 0 0 0 0 0 0 0 0 0;0 0 0 0 0 0 0 0 0 0;0 0 0 0 0 0 1 1 1 1;1 1 1 0 0 0 1 0 0 1;1 0 1 1 1 1 1 1 0 1;1 0 0 1 1 0 0 0 0 1;1 3 2 1 0 2 1 1 3 1;1 0 2 3 2 0 0 3 0 1;1 0 0 0 0 0 0 0 5 1;1 1 1 1 1 1 1 1 1 1]
584,DFS,4.196947813034058,351,[0 0 0 0 0 0 0 0 0 0;0 0 0 0 0 0 0 0 0 0;0 0 0 0 0 0 1 1 1 1;1 1 1 0 0 0 1 0 0 1;1 0 1 1 1 1 1 1 0 1;1 0 0 1 1 0 0 0 0 1;1 3 2 1 0 2 1 1 3 1;1 0 2 3 2 0 0 3 0 1;1 0 0 0 0 0 0 0 5 1;1 1 1 1 1 1 1 1 1 1]
584,BFS,12.271089792251587,69,[0 0 0 0 0 0 0 0 0 0;0 0 0 0 0 0 0 0 0 0;0 0 0 0 0 0 1 1 1 1;1 1 1 0 0 0 1 0 0 1;1 0 1 1 1 1 1 1 0 1;1 0 0 1 1 0 0 0 0 1;1 3 2 1 0 2 1 1 3 1;1 0 2 3 2 0 0 3 0 1;1 0 0 0 0 0 0 0 5 1;1 1 1 1 1 1 1 1 1 1]
585,A*,6.601989030838013,65,[0 0 0 0 0 0 1 1 1 1;0 0 0 0 0 0 1 0 0 1;0 0 0 0 0 1 1 2 0 1;0 1 1 1 1 1 3 0 0 1;0 1 0 0 0 1 0 0 0 1;0 1 0 0 0 1 0 0 3 1;0 1 0 2 1 1 1 1 0 1;1 1 0 0 0 1 0 2 0 1;1 5 2 0 0 3 0 0 3 1;1 1 1 1 1 1 1 1 1 1]
585,DFS,2.1196513175964355,223,[0 0 0 0 0 0 1 1 1 1;0 0 0 0 0 0 1 0 0 1;0 0 0 0 0 1 1 2 0 1;0 1 1 1 1 1 3 0 0 1;0 1 0 0 0 1 0 0 0 1;0 1 0 0 0 1 0 0 3 1;0 1 0 2 1 1 1 1 0 1;1 1 0 0 0 1 0 2 0 1;1 5 2 0 0 3 0 0 3 1;1 1 1 1 1 1 1 1 1 1]
585,BFS,6.694727182388306,65,[0 0 0 0 0 0 1 1 1 1;0 0 0 0 0 0 1 0 0 1;0 0 0 0 0 1 1 2 0 1;0 1 1 1 1 1 3 0 0 1;0 1 0 0 0 1 0 0 0 1;0 1 0 0 0 1 0 0 3 1;0 1 0 2 1 1 1 1 0 1;1 1 0 0 0 1 0 2 0 1;1 5 2 0 0 3 0 0 3 1;1 1 1 1 1 1 1 1 1 1]
586,A*,8.67754864692688,54,[0 1 1 1 1 1 0 0 0 0;1 1 0 3 0 1 1 0 0 0;1 3 0 3 0 0 1 0 0 0;1 0 2 0 0 1 1 0 0 0;1 0 1 0 2 0 1 0 0 0;1 0 1 0 3 0 1 1 1 1;1 1 1 2 0 1 1 0 0 1;0 0 1 0 2 0 1 1 0 1;0 0 1 1 5 0 0 0 0 1;0 0 0 1 1 1 1 1 1 1]
586,DFS,2.9232568740844727,274,[0 1 1 1 1 1 0 0 0 0;1 1 0 3 0 1 1 0 0 0;1 3 0 3 0 0 1 0 0 0;1 0 2 0 0 1 1 0 0 0;1 0 1 0 2 0 1 0 0 0;1 0 1 0 3 0 1 1 1 1;1 1 1 2 0 1 1 0 0 1;0 0 1 0 2 0 1 1 0 1;0 0 1 1 5 0 0 0 0 1;0 0 0 1 1 1 1 1 1 1]
586,BFS,8.020247459411621,54,[0 1 1 1 1 1 0 0 0 0;1 1 0 3 0 1 1 0 0 0;1 3 0 3 0 0 1 0 0 0;1 0 2 0 0 1 1 0 0 0;1 0 1 0 2 0 1 0 0 0;1 0 1 0 3 0 1 1 1 1;1 1 1 2 0 1 1 0 0 1;0 0 1 0 2 0 1 1 0 1;0 0 1 1 5 0 0 0 0 1;0 0 0 1 1 1 1 1 1 1]
587,A*,1.0391521453857422,51,[1 1 1 1 1 1 0 0 0 0;1 0 3 1 0 1 0 0 0 0;1 0 2 1 0 1 0 0 0 0;1 0 0 0 0 1 1 1 1 1;1 3 1 0 0 1 0 0 3 1;1 0 1 1 1 0 0 1 0 1;1 0 0 0 0 2 2 2 0 1;1 0 0 1 0 0 5 3 0 1;1 1 1 1 1 1 1 1 1 1;0 0 0 0 0 0 0 0 0 0]
587,DFS,0.1035149097442627,182,[1 1 1 1 1 1 0 0 0 0;1 0 3 1 0 1 0 0 0 0;1 0 2 1 0 1 0 0 0 0;1 0 0 0 0 1 1 1 1 1;1 3 1 0 0 1 0 0 3 1;1 0 1 1 1 0 0 1 0 1;1 0 0 0 0 2 2 2 0 1;1 0 0 1 0 0 5 3 0 1;1 1 1 1 1 1 1 1 1 1;0 0 0 0 0 0 0 0 0 0]
587,BFS,0.938180685043335,51,[1 1 1 1 1 1 0 0 0 0;1 0 3 1 0 1 0 0 0 0;1 0 2 1 0 1 0 0 0 0;1 0 0 0 0 1 1 1 1 1;1 3 1 0 0 1 0 0 3 1;1 0 1 1 1 0 0 1 0 1;1 0 0 0 0 2 2 2 0 1;1 0 0 1 0 0 5 3 0 1;1 1 1 1 1 1 1 1 1 1;0 0 0 0 0 0 0 0 0 0]
588,A*,1.4837086200714111,38,[0 0 0 0 0 0 0 0 0 0;0 0 0 0 0 0 0 0 0 0;0 0 0 0 0 0 1 1 1 0;0 0 1 1 1 1 1 0 1 1;0 0 1 0 0 1 1 5 0 1;0 0 1 0 2 0 3 2 2 1;0 0 1 0 3 0 2 0 0 1;0 0 1 1 1 1 1 0 3 1;0 0 0 0 1 0 3 0 0 1;0 0 0 0 1 1 1 1 1 1]
588,DFS,0.46359944343566895,63,[0 0 0 0 0 0 0 0 0 0;0 0 0 0 0 0 0 0 0 0;0 0 0 0 0 0 1 1 1 0;0 0 1 1 1 1 1 0 1 1;0 0 1 0 0 1 1 5 0 1;0 0 1 0 2 0 3 2 2 1;0 0 1 0 3 0 2 0 0 1;0 0 1 1 1 1 1 0 3 1;0 0 0 0 1 0 3 0 0 1;0 0 0 0 1 1 1 1 1 1]
588,BFS,0.7637038230895996,38,[0 0 0 0 0 0 0 0 0 0;0 0 0 0 0 0 0 0 0 0;0 0 0 0 0 0 1 1 1 0;0 0 1 1 1 1 1 0 1 1;0 0 1 0 0 1 1 5 0 1;0 0 1 0 2 0 3 2 2 1;0 0 1 0 3 0 2 0 0 1;0 0 1 1 1 1 1 0 3 1;0 0 0 0 1 0 3 0 0 1;0 0 0 0 1 1 1 1 1 1]
589,A*,3.056743860244751,49,[0 0 0 0 0 0 0 0 0 0;1 1 1 0 0 0 0 0 0 0;1 0 1 0 0 0 0 0 0 0;1 3 1 1 1 1 1 1 1 1;1 0 1 0 0 1 1 0 0 1;1 0 0 0 0 3 2 2 0 1;1 0 3 2 0 0 0 2 5 1;1 1 1 3 0 1 1 1 1 1;0 0 1 1 0 1 0 0 0 0;0 0 0 1 1 1 0 0 0 0]
589,DFS,1.1245877742767334,201,[0 0 0 0 0 0 0 0 0 0;1 1 1 0 0 0 0 0 0 0;1 0 1 0 0 0 0 0 0 0;1 3 1 1 1 1 1 1 1 1;1 0 1 0 0 1 1 0 0 1;1 0 0 0 0 3 2 2 0 1;1 0 3 2 0 0 0 2 5 1;1 1 1 3 0 1 1 1 1 1;0 0 1 1 0 1 0 0 0 0;0 0 0 1 1 1 0 0 0 0]
589,BFS,2.4110329151153564,49,[0 0 0 0 0 0 0 0 0 0;1 1 1 0 0 0 0 0 0 0;1 0 1 0 0 0 0 0 0 0;1 3 1 1 1 1 1 1 1 1;1 0 1 0 0 1 1 0 0 1;1 0 0 0 0 3 2 2 0 1;1 0 3 2 0 0 0 2 5 1;1 1 1 3 0 1 1 1 1 1;0 0 1 1 0 1 0 0 0 0;0 0 0 1 1 1 0 0 0 0]
590,A*,1.6179306507110596,55,[0 0 0 0 0 0 0 0 0 0;0 0 0 0 0 0 0 0 0 0;0 0 0 0 0 0 0 0 0 0;0 0 1 1 1 1 1 1 1 1;0 0 1 0 0 0 0 3 0 1;0 0 1 3 0 0 0 2 2 1;0 0 1 5 2 0 2 0 0 1;0 0 1 1 1 1 1 0 3 1;0 0 0 0 0 0 1 3 0 1;0 0 0 0 0 0 1 1 1 1]
590,DFS,0.5216805934906006,617,[0 0 0 0 0 0 0 0 0 0;0 0 0 0 0 0 0 0 0 0;0 0 0 0 0 0 0 0 0 0;0 0 1 1 1 1 1 1 1 1;0 0 1 0 0 0 0 3 0 1;0 0 1 3 0 0 0 2 2 1;0 0 1 5 2 0 2 0 0 1;0 0 1 1 1 1 1 0 3 1;0 0 0 0 0 0 1 3 0 1;0 0 0 0 0 0 1 1 1 1]
590,BFS,0.7275917530059814,55,[0 0 0 0 0 0 0 0 0 0;0 0 0 0 0 0 0 0 0 0;0 0 0 0 0 0 0 0 0 0;0 0 1 1 1 1 1 1 1 1;0 0 1 0 0 0 0 3 0 1;0 0 1 3 0 0 0 2 2 1;0 0 1 5 2 0 2 0 0 1;0 0 1 1 1 1 1 0 3 1;0 0 0 0 0 0 1 3 0 1;0 0 0 0 0 0 1 1 1 1]
591,A*,1.6604180335998535,61,[1 1 1 1 1 1 1 1 1 1;1 0 0 0 0 3 0 2 0 1;1 0 0 2 0 1 1 3 0 1;1 1 0 3 1 1 1 2 0 1;1 1 0 2 0 1 1 0 0 1;1 0 0 3 0 1 1 1 0 1;1 0 0 1 1 1 1 0 5 1;1 1 1 1 0 0 1 0 0 1;0 0 0 0 0 0 1 0 0 1;0 0 0 0 0 0 1 1 1 1]
591,DFS,0.4461686611175537,83,[1 1 1 1 1 1 1 1 1 1;1 0 0 0 0 3 0 2 0 1;1 0 0 2 0 1 1 3 0 1;1 1 0 3 1 1 1 2 0 1;1 1 0 2 0 1 1 0 0 1;1 0 0 3 0 1 1 1 0 1;1 0 0 1 1 1 1 0 5 1;1 1 1 1 0 0 1 0 0 1;0 0 0 0 0 0 1 0 0 1;0 0 0 0 0 0 1 1 1 1]
591,BFS,1.0639729499816895,61,[1 1 1 1 1 1 1 1 1 1;1 0 0 0 0 3 0 2 0 1;1 0 0 2 0 1 1 3 0 1;1 1 0 3 1 1 1 2 0 1;1 1 0 2 0 1 1 0 0 1;1 0 0 3 0 1 1 1 0 1;1 0 0 1 1 1 1 0 5 1;1 1 1 1 0 0 1 0 0 1;0 0 0 0 0 0 1 0 0 1;0 0 0 0 0 0 1 1 1 1]
592,A*,186.09244108200073,79,[1 1 1 1 1 1 1 1 1 1;1 0 0 3 0 0 3 0 0 1;1 1 0 2 0 1 0 3 0 1;1 1 0 1 1 1 1 0 0 1;1 3 0 0 0 1 1 0 0 1;1 0 0 0 0 0 0 2 0 1;1 1 2 0 0 0 0 0 0 1;0 1 5 2 0 1 1 1 1 1;0 1 1 0 0 1 0 0 0 0;0 0 1 1 1 1 0 0 0 0]
592,DFS,89.10477375984192,4981,[1 1 1 1 1 1 1 1 1 1;1 0 0 3 0 0 3 0 0 1;1 1 0 2 0 1 0 3 0 1;1 1 0 1 1 1 1 0 0 1;1 3 0 0 0 1 1 0 0 1;1 0 0 0 0 0 0 2 0 1;1 1 2 0 0 0 0 0 0 1;0 1 5 2 0 1 1 1 1 1;0 1 1 0 0 1 0 0 0 0;0 0 1 1 1 1 0 0 0 0]
592,BFS,3857.6558253765106,79,[1 1 1 1 1 1 1 1 1 1;1 0 0 3 0 0 3 0 0 1;1 1 0 2 0 1 0 3 0 1;1 1 0 1 1 1 1 0 0 1;1 3 0 0 0 1 1 0 0 1;1 0 0 0 0 0 0 2 0 1;1 1 2 0 0 0 0 0 0 1;0 1 5 2 0 1 1 1 1 1;0 1 1 0 0 1 0 0 0 0;0 0 1 1 1 1 0 0 0 0]
593,A*,9.061676740646362,94,[1 1 1 1 1 1 0 0 0 0;1 0 0 0 0 1 0 0 0 0;1 0 0 2 0 1 0 0 0 0;1 0 1 1 1 1 0 0 0 0;1 0 0 1 0 0 0 0 0 0;1 0 1 1 1 1 0 1 1 1;1 0 3 1 0 1 1 1 0 1;1 5 2 0 0 2 0 2 0 1;1 3 0 3 0 3 0 0 0 1;1 1 1 1 1 1 1 1 1 1]
593,DFS,2.2279534339904785,362,[1 1 1 1 1 1 0 0 0 0;1 0 0 0 0 1 0 0 0 0;1 0 0 2 0 1 0 0 0 0;1 0 1 1 1 1 0 0 0 0;1 0 0 1 0 0 0 0 0 0;1 0 1 1 1 1 0 1 1 1;1 0 3 1 0 1 1 1 0 1;1 5 2 0 0 2 0 2 0 1;1 3 0 3 0 3 0 0 0 1;1 1 1 1 1 1 1 1 1 1]
593,BFS,6.2278733253479,94,[1 1 1 1 1 1 0 0 0 0;1 0 0 0 0 1 0 0 0 0;1 0 0 2 0 1 0 0 0 0;1 0 1 1 1 1 0 0 0 0;1 0 0 1 0 0 0 0 0 0;1 0 1 1 1 1 0 1 1 1;1 0 3 1 0 1 1 1 0 1;1 5 2 0 0 2 0 2 0 1;1 3 0 3 0 3 0 0 0 1;1 1 1 1 1 1 1 1 1 1]
594,A*,1.3563816547393799,52,[0 0 1 1 1 1 1 1 1 1;0 0 1 0 0 0 0 0 3 1;0 0 1 0 0 2 3 2 0 1;0 0 1 1 2 2 0 1 1 1;0 0 0 1 5 1 0 0 1 0;0 0 0 1 1 0 0 1 1 0;0 0 0 0 1 1 0 0 1 0;0 0 0 0 1 0 3 1 1 1;0 0 0 0 1 0 0 0 3 1;0 0 0 0 1 1 1 1 1 1]
594,DFS,0.43773579597473145,128,[0 0 1 1 1 1 1 1 1 1;0 0 1 0 0 0 0 0 3 1;0 0 1 0 0 2 3 2 0 1;0 0 1 1 2 2 0 1 1 1;0 0 0 1 5 1 0 0 1 0;0 0 0 1 1 0 0 1 1 0;0 0 0 0 1 1 0 0 1 0;0 0 0 0 1 0 3 1 1 1;0 0 0 0 1 0 0 0 3 1;0 0 0 0 1 1 1 1 1 1]
594,BFS,0.6231160163879395,52,[0 0 1 1 1 1 1 1 1 1;0 0 1 0 0 0 0 0 3 1;0 0 1 0 0 2 3 2 0 1;0 0 1 1 2 2 0 1 1 1;0 0 0 1 5 1 0 0 1 0;0 0 0 1 1 0 0 1 1 0;0 0 0 0 1 1 0 0 1 0;0 0 0 0 1 0 3 1 1 1;0 0 0 0 1 0 0 0 3 1;0 0 0 0 1 1 1 1 1 1]
595,A*,3.9084417819976807,70,[1 1 1 1 1 1 1 1 1 1;1 0 0 0 0 0 0 0 3 1;1 0 2 0 2 0 0 3 0 1;1 1 1 1 1 1 1 1 0 1;0 0 0 0 0 1 1 0 0 1;0 0 0 1 1 1 0 1 0 1;0 0 0 1 5 2 0 3 0 1;0 0 0 1 1 3 0 2 0 1;0 0 0 1 0 0 0 0 0 1;0 0 0 1 1 1 1 1 1 1]
595,DFS,1.2347943782806396,166,[1 1 1 1 1 1 1 1 1 1;1 0 0 0 0 0 0 0 3 1;1 0 2 0 2 0 0 3 0 1;1 1 1 1 1 1 1 1 0 1;0 0 0 0 0 1 1 0 0 1;0 0 0 1 1 1 0 1 0 1;0 0 0 1 5 2 0 3 0 1;0 0 0 1 1 3 0 2 0 1;0 0 0 1 0 0 0 0 0 1;0 0 0 1 1 1 1 1 1 1]
595,BFS,2.5694892406463623,70,[1 1 1 1 1 1 1 1 1 1;1 0 0 0 0 0 0 0 3 1;1 0 2 0 2 0 0 3 0 1;1 1 1 1 1 1 1 1 0 1;0 0 0 0 0 1 1 0 0 1;0 0 0 1 1 1 0 1 0 1;0 0 0 1 5 2 0 3 0 1;0 0 0 1 1 3 0 2 0 1;0 0 0 1 0 0 0 0 0 1;0 0 0 1 1 1 1 1 1 1]
596,A*,1.8172674179077148,45,[0 0 0 0 0 1 1 1 0 0;0 0 0 0 0 1 5 1 1 1;0 0 0 0 1 1 2 0 0 1;0 0 0 0 1 0 0 2 0 1;0 0 0 0 1 0 0 1 0 1;0 0 0 1 1 0 2 2 3 1;0 0 0 1 0 3 0 0 0 1;0 0 0 1 1 0 3 3 0 1;0 0 0 0 1 0 0 0 0 1;0 0 0 0 1 1 1 1 1 1]
596,DFS,2.26362681388855,3095,[0 0 0 0 0 1 1 1 0 0;0 0 0 0 0 1 5 1 1 1;0 0 0 0 1 1 2 0 0 1;0 0 0 0 1 0 0 2 0 1;0 0 0 0 1 0 0 1 0 1;0 0 0 1 1 0 2 2 3 1;0 0 0 1 0 3 0 0 0 1;0 0 0 1 1 0 3 3 0 1;0 0 0 0 1 0 0 0 0 1;0 0 0 0 1 1 1 1 1 1]
596,BFS,4.942057371139526,45,[0 0 0 0 0 1 1 1 0 0;0 0 0 0 0 1 5 1 1 1;0 0 0 0 1 1 2 0 0 1;0 0 0 0 1 0 0 2 0 1;0 0 0 0 1 0 0 1 0 1;0 0 0 1 1 0 2 2 3 1;0 0 0 1 0 3 0 0 0 1;0 0 0 1 1 0 3 3 0 1;0 0 0 0 1 0 0 0 0 1;0 0 0 0 1 1 1 1 1 1]
597,A*,11.048516035079956,64,[1 1 1 1 1 1 1 1 1 1;1 0 0 3 0 3 0 0 0 1;1 0 2 0 1 0 3 0 0 1;1 0 2 0 0 1 1 0 0 1;1 1 0 3 0 1 1 2 0 1;0 1 1 1 1 1 1 0 0 1;0 0 0 0 0 0 1 2 0 1;0 0 0 0 0 0 1 0 5 1;0 0 0 0 0 0 1 1 1 1;0 0 0 0 0 0 0 0 0 0]
597,DFS,5.766581058502197,616,[1 1 1 1 1 1 1 1 1 1;1 0 0 3 0 3 0 0 0 1;1 0 2 0 1 0 3 0 0 1;1 0 2 0 0 1 1 0 0 1;1 1 0 3 0 1 1 2 0 1;0 1 1 1 1 1 1 0 0 1;0 0 0 0 0 0 1 2 0 1;0 0 0 0 0 0 1 0 5 1;0 0 0 0 0 0 1 1 1 1;0 0 0 0 0 0 0 0 0 0]
597,BFS,18.988784551620483,64,[1 1 1 1 1 1 1 1 1 1;1 0 0 3 0 3 0 0 0 1;1 0 2 0 1 0 3 0 0 1;1 0 2 0 0 1 1 0 0 1;1 1 0 3 0 1 1 2 0 1;0 1 1 1 1 1 1 0 0 1;0 0 0 0 0 0 1 2 0 1;0 0 0 0 0 0 1 0 5 1;0 0 0 0 0 0 1 1 1 1;0 0 0 0 0 0 0 0 0 0]
598,A*,42.19532370567322,92,[1 1 1 1 1 0 0 0 0 0;1 3 0 0 1 0 0 0 0 0;1 0 3 0 1 0 0 0 0 0;1 0 0 0 1 1 1 0 0 0;1 0 0 1 0 0 1 1 0 0;1 3 2 0 2 0 0 1 1 1;1 1 0 1 0 2 0 1 5 1;1 1 3 1 2 0 0 1 0 1;1 0 0 0 0 0 0 0 0 1;1 1 1 1 1 1 1 1 1 1]
598,DFS,13.954475402832031,1115,[1 1 1 1 1 0 0 0 0 0;1 3 0 0 1 0 0 0 0 0;1 0 3 0 1 0 0 0 0 0;1 0 0 0 1 1 1 0 0 0;1 0 0 1 0 0 1 1 0 0;1 3 2 0 2 0 0 1 1 1;1 1 0 1 0 2 0 1 5 1;1 1 3 1 2 0 0 1 0 1;1 0 0 0 0 0 0 0 0 1;1 1 1 1 1 1 1 1 1 1]
598,BFS,73.79197382926941,92,[1 1 1 1 1 0 0 0 0 0;1 3 0 0 1 0 0 0 0 0;1 0 3 0 1 0 0 0 0 0;1 0 0 0 1 1 1 0 0 0;1 0 0 1 0 0 1 1 0 0;1 3 2 0 2 0 0 1 1 1;1 1 0 1 0 2 0 1 5 1;1 1 3 1 2 0 0 1 0 1;1 0 0 0 0 0 0 0 0 1;1 1 1 1 1 1 1 1 1 1]
599,A*,4.051333427429199,82,[0 0 0 0 0 1 1 1 1 0;0 0 0 0 1 1 0 0 1 0;0 0 0 0 1 0 2 5 1 0;0 0 0 0 1 3 0 1 1 0;0 0 0 0 1 0 0 1 1 1;0 0 0 0 1 3 2 2 3 1;0 0 0 0 1 0 0 1 0 1;0 0 0 0 1 3 2 0 0 1;0 0 0 0 1 0 0 0 0 1;0 0 0 0 1 1 1 1 1 1]
599,DFS,0.9861025810241699,442,[0 0 0 0 0 1 1 1 1 0;0 0 0 0 1 1 0 0 1 0;0 0 0 0 1 0 2 5 1 0;0 0 0 0 1 3 0 1 1 0;0 0 0 0 1 0 0 1 1 1;0 0 0 0 1 3 2 2 3 1;0 0 0 0 1 0 0 1 0 1;0 0 0 0 1 3 2 0 0 1;0 0 0 0 1 0 0 0 0 1;0 0 0 0 1 1 1 1 1 1]
599,BFS,2.0506722927093506,82,[0 0 0 0 0 1 1 1 1 0;0 0 0 0 1 1 0 0 1 0;0 0 0 0 1 0 2 5 1 0;0 0 0 0 1 3 0 1 1 0;0 0 0 0 1 0 0 1 1 1;0 0 0 0 1 3 2 2 3 1;0 0 0 0 1 0 0 1 0 1;0 0 0 0 1 3 2 0 0 1;0 0 0 0 1 0 0 0 0 1;0 0 0 0 1 1 1 1 1 1]
600,A*,1.218458652496338,56,[1 1 1 1 1 1 1 1 1 1;1 3 0 0 5 0 3 2 3 1;1 0 2 0 2 0 0 0 0 1;1 1 1 1 1 1 1 3 0 1;0 0 0 0 0 0 1 2 0 1;0 0 0 0 0 0 1 0 0 1;0 0 0 0 0 0 1 1 1 1;0 0 0 0 0 0 0 0 0 0;0 0 0 0 0 0 0 0 0 0;0 0 0 0 0 0 0 0 0 0]
600,DFS,0.520726203918457,522,[1 1 1 1 1 1 1 1 1 1;1 3 0 0 5 0 3 2 3 1;1 0 2 0 2 0 0 0 0 1;1 1 1 1 1 1 1 3 0 1;0 0 0 0 0 0 1 2 0 1;0 0 0 0 0 0 1 0 0 1;0 0 0 0 0 0 1 1 1 1;0 0 0 0 0 0 0 0 0 0;0 0 0 0 0 0 0 0 0 0;0 0 0 0 0 0 0 0 0 0]
600,BFS,0.5917816162109375,56,[1 1 1 1 1 1 1 1 1 1;1 3 0 0 5 0 3 2 3 1;1 0 2 0 2 0 0 0 0 1;1 1 1 1 1 1 1 3 0 1;0 0 0 0 0 0 1 2 0 1;0 0 0 0 0 0 1 0 0 1;0 0 0 0 0 0 1 1 1 1;0 0 0 0 0 0 0 0 0 0;0 0 0 0 0 0 0 0 0 0;0 0 0 0 0 0 0 0 0 0]
601,A*,2.8192973136901855,53,[1 1 1 1 1 1 1 1 1 0;1 3 3 0 0 0 3 0 1 0;1 0 2 2 0 1 0 5 1 0;1 0 1 0 0 0 1 1 1 0;1 0 0 1 0 0 1 0 0 0;1 0 2 0 2 1 1 0 0 0;1 0 0 0 0 1 0 0 0 0;1 1 0 3 1 1 0 0 0 0;0 1 1 1 1 0 0 0 0 0;0 0 0 0 0 0 0 0 0 0]
601,DFS,0.819129228591919,153,[1 1 1 1 1 1 1 1 1 0;1 3 3 0 0 0 3 0 1 0;1 0 2 2 0 1 0 5 1 0;1 0 1 0 0 0 1 1 1 0;1 0 0 1 0 0 1 0 0 0;1 0 2 0 2 1 1 0 0 0;1 0 0 0 0 1 0 0 0 0;1 1 0 3 1 1 0 0 0 0;0 1 1 1 1 0 0 0 0 0;0 0 0 0 0 0 0 0 0 0]
601,BFS,2.4921114444732666,53,[1 1 1 1 1 1 1 1 1 0;1 3 3 0 0 0 3 0 1 0;1 0 2 2 0 1 0 5 1 0;1 0 1 0 0 0 1 1 1 0;1 0 0 1 0 0 1 0 0 0;1 0 2 0 2 1 1 0 0 0;1 0 0 0 0 1 0 0 0 0;1 1 0 3 1 1 0 0 0 0;0 1 1 1 1 0 0 0 0 0;0 0 0 0 0 0 0 0 0 0]
602,A*,2.655561685562134,38,[0 0 0 0 0 0 0 0 0 0;0 0 0 0 0 0 0 0 0 0;1 1 1 1 0 1 1 1 0 0;1 0 0 1 1 1 5 1 1 0;1 0 0 0 0 2 2 0 1 0;1 0 2 3 0 0 3 0 1 0;1 0 0 1 2 3 1 1 1 0;1 3 1 1 0 1 0 0 1 0;1 0 0 0 0 0 0 0 1 0;1 1 1 1 1 1 1 1 1 0]
602,DFS,1.6670000553131104,1068,[0 0 0 0 0 0 0 0 0 0;0 0 0 0 0 0 0 0 0 0;1 1 1 1 0 1 1 1 0 0;1 0 0 1 1 1 5 1 1 0;1 0 0 0 0 2 2 0 1 0;1 0 2 3 0 0 3 0 1 0;1 0 0 1 2 3 1 1 1 0;1 3 1 1 0 1 0 0 1 0;1 0 0 0 0 0 0 0 1 0;1 1 1 1 1 1 1 1 1 0]
602,BFS,4.858723402023315,38,[0 0 0 0 0 0 0 0 0 0;0 0 0 0 0 0 0 0 0 0;1 1 1 1 0 1 1 1 0 0;1 0 0 1 1 1 5 1 1 0;1 0 0 0 0 2 2 0 1 0;1 0 2 3 0 0 3 0 1 0;1 0 0 1 2 3 1 1 1 0;1 3 1 1 0 1 0 0 1 0;1 0 0 0 0 0 0 0 1 0;1 1 1 1 1 1 1 1 1 0]
603,A*,5.077746629714966,89,[1 1 1 1 1 1 1 1 1 1;1 0 1 0 0 1 1 0 3 1;1 0 2 3 3 0 0 0 0 1;1 5 2 2 0 0 0 2 0 1;1 0 3 1 1 1 1 1 1 1;1 0 0 1 0 0 0 0 0 0;1 1 1 1 0 0 0 0 0 0;0 0 0 0 0 0 0 0 0 0;0 0 0 0 0 0 0 0 0 0;0 0 0 0 0 0 0 0 0 0]
603,DFS,1.6546881198883057,431,[1 1 1 1 1 1 1 1 1 1;1 0 1 0 0 1 1 0 3 1;1 0 2 3 3 0 0 0 0 1;1 5 2 2 0 0 0 2 0 1;1 0 3 1 1 1 1 1 1 1;1 0 0 1 0 0 0 0 0 0;1 1 1 1 0 0 0 0 0 0;0 0 0 0 0 0 0 0 0 0;0 0 0 0 0 0 0 0 0 0;0 0 0 0 0 0 0 0 0 0]
603,BFS,2.338391065597534,89,[1 1 1 1 1 1 1 1 1 1;1 0 1 0 0 1 1 0 3 1;1 0 2 3 3 0 0 0 0 1;1 5 2 2 0 0 0 2 0 1;1 0 3 1 1 1 1 1 1 1;1 0 0 1 0 0 0 0 0 0;1 1 1 1 0 0 0 0 0 0;0 0 0 0 0 0 0 0 0 0;0 0 0 0 0 0 0 0 0 0;0 0 0 0 0 0 0 0 0 0]
604,A*,4.673442602157593,67,[0 0 0 0 0 0 0 0 0 0;0 0 0 0 0 0 0 0 0 0;0 0 0 0 0 0 0 0 0 0;0 0 0 0 0 0 1 1 1 1;0 0 0 0 0 1 1 0 0 1;1 1 1 1 0 1 5 2 0 1;1 0 0 1 1 1 0 2 3 1;1 0 2 0 1 0 3 2 0 1;1 0 0 3 0 0 0 3 0 1;1 1 1 1 1 1 1 1 1 1]
604,DFS,0.6269853115081787,167,[0 0 0 0 0 0 0 0 0 0;0 0 0 0 0 0 0 0 0 0;0 0 0 0 0 0 0 0 0 0;0 0 0 0 0 0 1 1 1 1;0 0 0 0 0 1 1 0 0 1;1 1 1 1 0 1 5 2 0 1;1 0 0 1 1 1 0 2 3 1;1 0 2 0 1 0 3 2 0 1;1 0 0 3 0 0 0 3 0 1;1 1 1 1 1 1 1 1 1 1]
604,BFS,2.5227622985839844,67,[0 0 0 0 0 0 0 0 0 0;0 0 0 0 0 0 0 0 0 0;0 0 0 0 0 0 0 0 0 0;0 0 0 0 0 0 1 1 1 1;0 0 0 0 0 1 1 0 0 1;1 1 1 1 0 1 5 2 0 1;1 0 0 1 1 1 0 2 3 1;1 0 2 0 1 0 3 2 0 1;1 0 0 3 0 0 0 3 0 1;1 1 1 1 1 1 1 1 1 1]
605,A*,6.964572191238403,61,[0 0 0 0 0 0 0 0 0 0;1 1 1 1 1 1 1 0 0 0;1 0 0 0 0 0 1 0 0 0;1 0 0 2 3 1 1 1 1 1;1 0 0 0 2 5 1 1 0 1;1 0 1 1 0 1 1 1 0 1;1 0 0 0 1 1 1 0 0 1;1 0 2 0 1 0 1 2 0 1;1 3 0 3 3 0 0 0 0 1;1 1 1 1 1 1 1 1 1 1]
605,DFS,1.8928844928741455,111,[0 0 0 0 0 0 0 0 0 0;1 1 1 1 1 1 1 0 0 0;1 0 0 0 0 0 1 0 0 0;1 0 0 2 3 1 1 1 1 1;1 0 0 0 2 5 1 1 0 1;1 0 1 1 0 1 1 1 0 1;1 0 0 0 1 1 1 0 0 1;1 0 2 0 1 0 1 2 0 1;1 3 0 3 3 0 0 0 0 1;1 1 1 1 1 1 1 1 1 1]
605,BFS,8.107576608657837,61,[0 0 0 0 0 0 0 0 0 0;1 1 1 1 1 1 1 0 0 0;1 0 0 0 0 0 1 0 0 0;1 0 0 2 3 1 1 1 1 1;1 0 0 0 2 5 1 1 0 1;1 0 1 1 0 1 1 1 0 1;1 0 0 0 1 1 1 0 0 1;1 0 2 0 1 0 1 2 0 1;1 3 0 3 3 0 0 0 0 1;1 1 1 1 1 1 1 1 1 1]
606,A*,65.23483729362488,88,[0 0 0 0 0 1 1 1 0 0;0 0 0 0 0 1 5 1 1 0;1 1 1 0 1 1 0 0 1 1;1 0 1 1 1 0 0 2 0 1;1 0 3 0 2 0 2 0 0 1;1 0 0 1 0 2 0 0 0 1;1 0 1 1 1 0 1 0 1 1;1 0 0 0 3 0 3 0 1 0;1 0 0 1 0 0 0 3 1 0;1 1 1 1 1 1 1 1 1 0]
606,DFS,15.547675609588623,2586,[0 0 0 0 0 1 1 1 0 0;0 0 0 0 0 1 5 1 1 0;1 1 1 0 1 1 0 0 1 1;1 0 1 1 1 0 0 2 0 1;1 0 3 0 2 0 2 0 0 1;1 0 0 1 0 2 0 0 0 1;1 0 1 1 1 0 1 0 1 1;1 0 0 0 3 0 3 0 1 0;1 0 0 1 0 0 0 3 1 0;1 1 1 1 1 1 1 1 1 0]
606,BFS,113.71240639686584,88,[0 0 0 0 0 1 1 1 0 0;0 0 0 0 0 1 5 1 1 0;1 1 1 0 1 1 0 0 1 1;1 0 1 1 1 0 0 2 0 1;1 0 3 0 2 0 2 0 0 1;1 0 0 1 0 2 0 0 0 1;1 0 1 1 1 0 1 0 1 1;1 0 0 0 3 0 3 0 1 0;1 0 0 1 0 0 0 3 1 0;1 1 1 1 1 1 1 1 1 0]
607,A*,5.495778322219849,43,[0 0 0 0 0 0 0 1 1 1;0 0 0 0 0 0 1 1 0 1;0 0 1 1 1 0 1 0 0 1;1 1 1 0 1 1 1 2 0 1;1 0 2 0 0 0 0 3 0 1;1 0 2 3 0 3 0 0 0 1;1 0 1 1 1 1 1 3 0 1;1 5 1 0 0 0 1 2 0 1;1 1 1 0 0 0 1 0 0 1;0 0 0 0 0 0 1 1 1 1]
607,DFS,6.985466957092285,1132,[0 0 0 0 0 0 0 1 1 1;0 0 0 0 0 0 1 1 0 1;0 0 1 1 1 0 1 0 0 1;1 1 1 0 1 1 1 2 0 1;1 0 2 0 0 0 0 3 0 1;1 0 2 3 0 3 0 0 0 1;1 0 1 1 1 1 1 3 0 1;1 5 1 0 0 0 1 2 0 1;1 1 1 0 0 0 1 0 0 1;0 0 0 0 0 0 1 1 1 1]
607,BFS,11.636042356491089,43,[0 0 0 0 0 0 0 1 1 1;0 0 0 0 0 0 1 1 0 1;0 0 1 1 1 0 1 0 0 1;1 1 1 0 1 1 1 2 0 1;1 0 2 0 0 0 0 3 0 1;1 0 2 3 0 3 0 0 0 1;1 0 1 1 1 1 1 3 0 1;1 5 1 0 0 0 1 2 0 1;1 1 1 0 0 0 1 0 0 1;0 0 0 0 0 0 1 1 1 1]
608,A*,13.74543833732605,82,[0 0 1 1 1 1 1 1 0 0;0 0 1 0 5 0 0 1 0 0;0 0 1 1 2 2 0 1 0 0;0 0 1 1 0 0 0 1 0 0;1 1 1 0 3 1 1 1 0 0;1 0 0 2 0 0 1 0 0 0;1 0 2 0 0 1 1 0 0 0;1 1 0 1 0 0 1 1 1 1;1 0 3 3 0 0 0 0 3 1;1 1 1 1 1 1 1 1 1 1]
608,DFS,2.7262306213378906,354,[0 0 1 1 1 1 1 1 0 0;0 0 1 0 5 0 0 1 0 0;0 0 1 1 2 2 0 1 0 0;0 0 1 1 0 0 0 1 0 0;1 1 1 0 3 1 1 1 0 0;1 0 0 2 0 0 1 0 0 0;1 0 2 0 0 1 1 0 0 0;1 1 0 1 0 0 1 1 1 1;1 0 3 3 0 0 0 0 3 1;1 1 1 1 1 1 1 1 1 1]
608,BFS,11.982073783874512,82,[0 0 1 1 1 1 1 1 0 0;0 0 1 0 5 0 0 1 0 0;0 0 1 1 2 2 0 1 0 0;0 0 1 1 0 0 0 1 0 0;1 1 1 0 3 1 1 1 0 0;1 0 0 2 0 0 1 0 0 0;1 0 2 0 0 1 1 0 0 0;1 1 0 1 0 0 1 1 1 1;1 0 3 3 0 0 0 0 3 1;1 1 1 1 1 1 1 1 1 1]
609,A*,24.647236824035645,86,[0 0 1 1 1 1 1 1 1 1;0 0 1 0 0 0 0 0 0 1;0 0 1 1 3 2 2 2 1 1;1 1 1 1 0 0 0 2 0 1;1 0 0 0 0 1 1 0 0 1;1 0 0 0 3 1 1 0 1 1;1 0 0 3 0 0 0 0 3 1;1 0 0 1 1 1 1 0 1 1;1 0 0 1 0 1 5 0 1 0;1 1 1 1 0 1 1 1 1 0]
609,DFS,12.57967758178711,382,[0 0 1 1 1 1 1 1 1 1;0 0 1 0 0 0 0 0 0 1;0 0 1 1 3 2 2 2 1 1;1 1 1 1 0 0 0 2 0 1;1 0 0 0 0 1 1 0 0 1;1 0 0 0 3 1 1 0 1 1;1 0 0 3 0 0 0 0 3 1;1 0 0 1 1 1 1 0 1 1;1 0 0 1 0 1 5 0 1 0;1 1 1 1 0 1 1 1 1 0]
609,BFS,46.06950640678406,86,[0 0 1 1 1 1 1 1 1 1;0 0 1 0 0 0 0 0 0 1;0 0 1 1 3 2 2 2 1 1;1 1 1 1 0 0 0 2 0 1;1 0 0 0 0 1 1 0 0 1;1 0 0 0 3 1 1 0 1 1;1 0 0 3 0 0 0 0 3 1;1 0 0 1 1 1 1 0 1 1;1 0 0 1 0 1 5 0 1 0;1 1 1 1 0 1 1 1 1 0]
610,A*,3.6740193367004395,45,[1 1 1 0 0 0 0 0 0 0;1 0 1 1 1 1 1 0 0 0;1 0 0 1 0 0 1 0 0 0;1 0 3 3 0 0 1 0 0 0;1 0 3 1 0 0 1 0 0 0;1 0 0 2 2 1 1 1 1 0;1 0 2 0 5 1 0 0 1 1;1 0 1 2 1 1 1 0 0 1;1 0 0 0 0 3 0 0 0 1;1 1 1 1 1 1 1 1 1 1]
610,DFS,3.5798497200012207,171,[1 1 1 0 0 0 0 0 0 0;1 0 1 1 1 1 1 0 0 0;1 0 0 1 0 0 1 0 0 0;1 0 3 3 0 0 1 0 0 0;1 0 3 1 0 0 1 0 0 0;1 0 0 2 2 1 1 1 1 0;1 0 2 0 5 1 0 0 1 1;1 0 1 2 1 1 1 0 0 1;1 0 0 0 0 3 0 0 0 1;1 1 1 1 1 1 1 1 1 1]
610,BFS,11.013360261917114,45,[1 1 1 0 0 0 0 0 0 0;1 0 1 1 1 1 1 0 0 0;1 0 0 1 0 0 1 0 0 0;1 0 3 3 0 0 1 0 0 0;1 0 3 1 0 0 1 0 0 0;1 0 0 2 2 1 1 1 1 0;1 0 2 0 5 1 0 0 1 1;1 0 1 2 1 1 1 0 0 1;1 0 0 0 0 3 0 0 0 1;1 1 1 1 1 1 1 1 1 1]
611,A*,0.15248966217041016,61,[0 0 0 0 0 0 0 0 0 0;0 0 0 0 0 0 0 0 0 0;0 0 0 0 1 1 1 0 0 0;0 0 1 1 1 5 1 1 1 1;1 1 1 0 0 2 0 0 0 1;1 0 0 1 1 3 0 1 0 1;1 0 2 0 1 1 1 0 0 1;1 0 2 0 1 1 1 2 0 1;1 3 0 0 3 3 0 0 0 1;1 1 1 1 1 1 1 1 1 1]
611,DFS,0.006232738494873047,65,[0 0 0 0 0 0 0 0 0 0;0 0 0 0 0 0 0 0 0 0;0 0 0 0 1 1 1 0 0 0;0 0 1 1 1 5 1 1 1 1;1 1 1 0 0 2 0 0 0 1;1 0 0 1 1 3 0 1 0 1;1 0 2 0 1 1 1 0 0 1;1 0 2 0 1 1 1 2 0 1;1 3 0 0 3 3 0 0 0 1;1 1 1 1 1 1 1 1 1 1]
611,BFS,0.0737309455871582,61,[0 0 0 0 0 0 0 0 0 0;0 0 0 0 0 0 0 0 0 0;0 0 0 0 1 1 1 0 0 0;0 0 1 1 1 5 1 1 1 1;1 1 1 0 0 2 0 0 0 1;1 0 0 1 1 3 0 1 0 1;1 0 2 0 1 1 1 0 0 1;1 0 2 0 1 1 1 2 0 1;1 3 0 0 3 3 0 0 0 1;1 1 1 1 1 1 1 1 1 1]
612,A*,0.8903026580810547,52,[0 0 0 0 0 0 0 0 0 0;0 0 0 0 0 0 0 0 0 0;1 1 1 1 1 1 1 0 0 0;1 0 0 3 0 0 1 0 0 0;1 0 0 1 3 2 1 0 0 0;1 0 0 1 2 0 1 1 0 0;1 0 2 1 0 0 0 1 0 0;1 0 0 1 2 3 1 1 0 0;1 5 0 3 0 0 1 0 0 0;1 1 1 1 1 1 1 0 0 0]
612,DFS,0.44540882110595703,264,[0 0 0 0 0 0 0 0 0 0;0 0 0 0 0 0 0 0 0 0;1 1 1 1 1 1 1 0 0 0;1 0 0 3 0 0 1 0 0 0;1 0 0 1 3 2 1 0 0 0;1 0 0 1 2 0 1 1 0 0;1 0 2 1 0 0 0 1 0 0;1 0 0 1 2 3 1 1 0 0;1 5 0 3 0 0 1 0 0 0;1 1 1 1 1 1 1 0 0 0]
612,BFS,0.6170768737792969,52,[0 0 0 0 0 0 0 0 0 0;0 0 0 0 0 0 0 0 0 0;1 1 1 1 1 1 1 0 0 0;1 0 0 3 0 0 1 0 0 0;1 0 0 1 3 2 1 0 0 0;1 0 0 1 2 0 1 1 0 0;1 0 2 1 0 0 0 1 0 0;1 0 0 1 2 3 1 1 0 0;1 5 0 3 0 0 1 0 0 0;1 1 1 1 1 1 1 0 0 0]
613,A*,10.580839157104492,42,[0 0 0 0 0 0 1 1 1 1;0 0 1 1 1 1 1 0 0 1;1 1 1 0 0 1 1 1 0 1;1 0 2 0 3 0 0 2 0 1;1 0 2 3 0 0 0 3 0 1;1 5 1 1 1 1 1 0 0 1;1 0 1 0 0 1 0 2 0 1;1 0 1 1 1 1 0 0 0 1;1 0 1 1 0 0 0 3 0 1;1 1 1 1 1 1 1 1 1 1]
613,DFS,20.364224433898926,256,[0 0 0 0 0 0 1 1 1 1;0 0 1 1 1 1 1 0 0 1;1 1 1 0 0 1 1 1 0 1;1 0 2 0 3 0 0 2 0 1;1 0 2 3 0 0 0 3 0 1;1 5 1 1 1 1 1 0 0 1;1 0 1 0 0 1 0 2 0 1;1 0 1 1 1 1 0 0 0 1;1 0 1 1 0 0 0 3 0 1;1 1 1 1 1 1 1 1 1 1]
613,BFS,50.0089316368103,42,[0 0 0 0 0 0 1 1 1 1;0 0 1 1 1 1 1 0 0 1;1 1 1 0 0 1 1 1 0 1;1 0 2 0 3 0 0 2 0 1;1 0 2 3 0 0 0 3 0 1;1 5 1 1 1 1 1 0 0 1;1 0 1 0 0 1 0 2 0 1;1 0 1 1 1 1 0 0 0 1;1 0 1 1 0 0 0 3 0 1;1 1 1 1 1 1 1 1 1 1]
614,A*,0.7247598171234131,34,[1 1 1 1 1 0 0 0 0 0;1 0 0 0 1 0 0 0 0 0;1 0 2 5 1 0 0 0 0 0;1 3 0 0 1 0 0 0 0 0;1 2 2 0 1 0 0 0 0 0;1 0 0 1 1 0 0 0 0 0;1 0 0 0 1 0 0 0 0 0;1 3 1 0 1 1 1 1 0 0;1 3 2 0 3 0 0 1 0 0;1 1 1 1 1 1 1 1 0 0]
614,DFS,0.11122870445251465,42,[1 1 1 1 1 0 0 0 0 0;1 0 0 0 1 0 0 0 0 0;1 0 2 5 1 0 0 0 0 0;1 3 0 0 1 0 0 0 0 0;1 2 2 0 1 0 0 0 0 0;1 0 0 1 1 0 0 0 0 0;1 0 0 0 1 0 0 0 0 0;1 3 1 0 1 1 1 1 0 0;1 3 2 0 3 0 0 1 0 0;1 1 1 1 1 1 1 1 0 0]
614,BFS,0.5029890537261963,34,[1 1 1 1 1 0 0 0 0 0;1 0 0 0 1 0 0 0 0 0;1 0 2 5 1 0 0 0 0 0;1 3 0 0 1 0 0 0 0 0;1 2 2 0 1 0 0 0 0 0;1 0 0 1 1 0 0 0 0 0;1 0 0 0 1 0 0 0 0 0;1 3 1 0 1 1 1 1 0 0;1 3 2 0 3 0 0 1 0 0;1 1 1 1 1 1 1 1 0 0]
615,A*,5.815373659133911,62,[0 0 0 0 0 0 0 0 0 0;1 1 1 0 0 0 0 0 0 0;1 0 1 1 1 1 1 1 0 0;1 0 0 0 1 1 0 1 1 1;1 0 2 3 0 0 0 2 0 1;1 3 0 0 5 1 0 0 0 1;1 0 1 1 1 1 1 2 0 1;1 0 2 0 1 0 1 0 0 1;1 3 0 0 1 0 1 1 3 1;1 1 1 1 1 0 0 1 1 1]
615,DFS,0.1952672004699707,134,[0 0 0 0 0 0 0 0 0 0;1 1 1 0 0 0 0 0 0 0;1 0 1 1 1 1 1 1 0 0;1 0 0 0 1 1 0 1 1 1;1 0 2 3 0 0 0 2 0 1;1 3 0 0 5 1 0 0 0 1;1 0 1 1 1 1 1 2 0 1;1 0 2 0 1 0 1 0 0 1;1 3 0 0 1 0 1 1 3 1;1 1 1 1 1 0 0 1 1 1]
615,BFS,5.63442850112915,62,[0 0 0 0 0 0 0 0 0 0;1 1 1 0 0 0 0 0 0 0;1 0 1 1 1 1 1 1 0 0;1 0 0 0 1 1 0 1 1 1;1 0 2 3 0 0 0 2 0 1;1 3 0 0 5 1 0 0 0 1;1 0 1 1 1 1 1 2 0 1;1 0 2 0 1 0 1 0 0 1;1 3 0 0 1 0 1 1 3 1;1 1 1 1 1 0 0 1 1 1]
616,A*,0.6744718551635742,34,[1 1 1 1 1 0 0 0 0 0;1 0 0 0 1 0 0 0 0 0;1 0 2 5 1 0 0 0 0 0;1 3 0 0 1 0 0 0 0 0;1 2 2 0 1 0 0 0 0 0;1 0 0 1 1 0 0 0 0 0;1 0 0 0 1 0 0 0 0 0;1 3 1 0 1 1 1 1 0 0;1 3 2 0 3 0 0 1 0 0;1 1 1 1 1 1 1 1 0 0]
616,DFS,0.11112380027770996,42,[1 1 1 1 1 0 0 0 0 0;1 0 0 0 1 0 0 0 0 0;1 0 2 5 1 0 0 0 0 0;1 3 0 0 1 0 0 0 0 0;1 2 2 0 1 0 0 0 0 0;1 0 0 1 1 0 0 0 0 0;1 0 0 0 1 0 0 0 0 0;1 3 1 0 1 1 1 1 0 0;1 3 2 0 3 0 0 1 0 0;1 1 1 1 1 1 1 1 0 0]
616,BFS,0.5256080627441406,34,[1 1 1 1 1 0 0 0 0 0;1 0 0 0 1 0 0 0 0 0;1 0 2 5 1 0 0 0 0 0;1 3 0 0 1 0 0 0 0 0;1 2 2 0 1 0 0 0 0 0;1 0 0 1 1 0 0 0 0 0;1 0 0 0 1 0 0 0 0 0;1 3 1 0 1 1 1 1 0 0;1 3 2 0 3 0 0 1 0 0;1 1 1 1 1 1 1 1 0 0]
617,A*,12.42347002029419,92,[0 0 1 1 1 1 1 1 1 1;1 1 1 0 0 1 1 0 0 1;1 0 0 3 3 0 0 2 3 1;1 0 0 0 0 0 1 0 3 1;1 1 1 1 1 1 0 0 0 1;0 0 0 0 0 1 1 2 0 1;0 0 0 0 0 1 0 0 0 1;0 0 0 0 0 1 1 2 2 1;0 0 0 0 0 0 1 0 5 1;0 0 0 0 0 0 1 1 1 1]
617,DFS,4.138346195220947,528,[0 0 1 1 1 1 1 1 1 1;1 1 1 0 0 1 1 0 0 1;1 0 0 3 3 0 0 2 3 1;1 0 0 0 0 0 1 0 3 1;1 1 1 1 1 1 0 0 0 1;0 0 0 0 0 1 1 2 0 1;0 0 0 0 0 1 0 0 0 1;0 0 0 0 0 1 1 2 2 1;0 0 0 0 0 0 1 0 5 1;0 0 0 0 0 0 1 1 1 1]
617,BFS,9.915184497833252,92,[0 0 1 1 1 1 1 1 1 1;1 1 1 0 0 1 1 0 0 1;1 0 0 3 3 0 0 2 3 1;1 0 0 0 0 0 1 0 3 1;1 1 1 1 1 1 0 0 0 1;0 0 0 0 0 1 1 2 0 1;0 0 0 0 0 1 0 0 0 1;0 0 0 0 0 1 1 2 2 1;0 0 0 0 0 0 1 0 5 1;0 0 0 0 0 0 1 1 1 1]
618,A*,3.395146131515503,49,[1 1 1 1 0 0 0 0 0 0;1 5 0 1 0 0 0 0 0 0;1 2 1 1 0 0 0 0 0 0;1 0 3 1 1 1 0 0 0 0;1 0 0 0 3 1 0 0 0 0;1 0 2 0 0 1 1 0 0 0;1 0 1 2 0 0 1 0 0 0;1 3 2 3 0 1 1 0 0 0;1 0 0 0 0 1 0 0 0 0;1 1 1 1 1 1 0 0 0 0]
618,DFS,1.1823058128356934,241,[1 1 1 1 0 0 0 0 0 0;1 5 0 1 0 0 0 0 0 0;1 2 1 1 0 0 0 0 0 0;1 0 3 1 1 1 0 0 0 0;1 0 0 0 3 1 0 0 0 0;1 0 2 0 0 1 1 0 0 0;1 0 1 2 0 0 1 0 0 0;1 3 2 3 0 1 1 0 0 0;1 0 0 0 0 1 0 0 0 0;1 1 1 1 1 1 0 0 0 0]
618,BFS,2.49863862991333,49,[1 1 1 1 0 0 0 0 0 0;1 5 0 1 0 0 0 0 0 0;1 2 1 1 0 0 0 0 0 0;1 0 3 1 1 1 0 0 0 0;1 0 0 0 3 1 0 0 0 0;1 0 2 0 0 1 1 0 0 0;1 0 1 2 0 0 1 0 0 0;1 3 2 3 0 1 1 0 0 0;1 0 0 0 0 1 0 0 0 0;1 1 1 1 1 1 0 0 0 0]
619,A*,0.15821170806884766,61,[0 0 0 0 0 0 0 0 0 0;0 0 0 0 0 0 0 0 0 0;0 0 0 0 1 1 1 0 0 0;0 0 1 1 1 5 1 1 1 1;1 1 1 0 0 2 0 0 0 1;1 0 0 1 1 3 0 1 0 1;1 0 2 0 1 1 1 0 0 1;1 0 2 0 1 1 1 2 0 1;1 3 0 0 3 3 0 0 0 1;1 1 1 1 1 1 1 1 1 1]
619,DFS,0.006201267242431641,65,[0 0 0 0 0 0 0 0 0 0;0 0 0 0 0 0 0 0 0 0;0 0 0 0 1 1 1 0 0 0;0 0 1 1 1 5 1 1 1 1;1 1 1 0 0 2 0 0 0 1;1 0 0 1 1 3 0 1 0 1;1 0 2 0 1 1 1 0 0 1;1 0 2 0 1 1 1 2 0 1;1 3 0 0 3 3 0 0 0 1;1 1 1 1 1 1 1 1 1 1]
619,BFS,0.07283520698547363,61,[0 0 0 0 0 0 0 0 0 0;0 0 0 0 0 0 0 0 0 0;0 0 0 0 1 1 1 0 0 0;0 0 1 1 1 5 1 1 1 1;1 1 1 0 0 2 0 0 0 1;1 0 0 1 1 3 0 1 0 1;1 0 2 0 1 1 1 0 0 1;1 0 2 0 1 1 1 2 0 1;1 3 0 0 3 3 0 0 0 1;1 1 1 1 1 1 1 1 1 1]
620,A*,1.756702184677124,58,[0 0 0 0 0 0 0 0 0 0;0 0 0 0 0 0 0 0 0 0;0 0 0 0 0 0 0 0 0 0;0 0 0 0 0 0 0 0 0 0;0 0 0 1 1 1 1 1 1 0;0 0 0 1 0 1 0 3 1 1;0 0 1 1 0 2 0 2 0 1;0 0 1 0 3 2 0 2 0 1;0 0 1 5 3 0 3 0 0 1;0 0 1 1 1 1 1 1 1 1]
620,DFS,0.4381999969482422,110,[0 0 0 0 0 0 0 0 0 0;0 0 0 0 0 0 0 0 0 0;0 0 0 0 0 0 0 0 0 0;0 0 0 0 0 0 0 0 0 0;0 0 0 1 1 1 1 1 1 0;0 0 0 1 0 1 0 3 1 1;0 0 1 1 0 2 0 2 0 1;0 0 1 0 3 2 0 2 0 1;0 0 1 5 3 0 3 0 0 1;0 0 1 1 1 1 1 1 1 1]
620,BFS,0.8151957988739014,58,[0 0 0 0 0 0 0 0 0 0;0 0 0 0 0 0 0 0 0 0;0 0 0 0 0 0 0 0 0 0;0 0 0 0 0 0 0 0 0 0;0 0 0 1 1 1 1 1 1 0;0 0 0 1 0 1 0 3 1 1;0 0 1 1 0 2 0 2 0 1;0 0 1 0 3 2 0 2 0 1;0 0 1 5 3 0 3 0 0 1;0 0 1 1 1 1 1 1 1 1]
621,A*,9.33498764038086,85,[1 1 1 0 0 0 0 0 0 0;1 0 1 1 0 0 0 0 0 0;1 0 0 1 0 0 0 1 1 1;1 3 0 1 1 1 1 1 0 1;1 0 0 0 3 0 3 2 5 1;1 0 0 3 1 2 0 2 0 1;1 0 1 1 0 0 1 1 1 1;1 0 0 1 0 2 0 1 0 0;1 0 0 0 0 0 1 1 0 0;1 1 1 1 1 1 1 0 0 0]
621,DFS,3.527251720428467,575,[1 1 1 0 0 0 0 0 0 0;1 0 1 1 0 0 0 0 0 0;1 0 0 1 0 0 0 1 1 1;1 3 0 1 1 1 1 1 0 1;1 0 0 0 3 0 3 2 5 1;1 0 0 3 1 2 0 2 0 1;1 0 1 1 0 0 1 1 1 1;1 0 0 1 0 2 0 1 0 0;1 0 0 0 0 0 1 1 0 0;1 1 1 1 1 1 1 0 0 0]
621,BFS,8.001429080963135,85,[1 1 1 0 0 0 0 0 0 0;1 0 1 1 0 0 0 0 0 0;1 0 0 1 0 0 0 1 1 1;1 3 0 1 1 1 1 1 0 1;1 0 0 0 3 0 3 2 5 1;1 0 0 3 1 2 0 2 0 1;1 0 1 1 0 0 1 1 1 1;1 0 0 1 0 2 0 1 0 0;1 0 0 0 0 0 1 1 0 0;1 1 1 1 1 1 1 0 0 0]
622,A*,9.089354753494263,52,[0 1 1 1 1 1 1 1 1 1;0 1 0 0 0 0 0 0 0 1;0 1 0 0 0 3 0 0 0 1;0 1 1 1 1 0 0 1 1 1;0 0 0 0 1 1 0 1 0 0;0 0 1 1 1 0 3 1 0 0;1 1 1 0 1 2 0 1 1 1;1 5 2 0 0 0 2 0 0 1;1 0 3 2 0 3 0 1 1 1;1 1 1 1 1 1 1 1 0 0]
622,DFS,8.060214042663574,905,[0 1 1 1 1 1 1 1 1 1;0 1 0 0 0 0 0 0 0 1;0 1 0 0 0 3 0 0 0 1;0 1 1 1 1 0 0 1 1 1;0 0 0 0 1 1 0 1 0 0;0 0 1 1 1 0 3 1 0 0;1 1 1 0 1 2 0 1 1 1;1 5 2 0 0 0 2 0 0 1;1 0 3 2 0 3 0 1 1 1;1 1 1 1 1 1 1 1 0 0]
622,BFS,12.945420026779175,52,[0 1 1 1 1 1 1 1 1 1;0 1 0 0 0 0 0 0 0 1;0 1 0 0 0 3 0 0 0 1;0 1 1 1 1 0 0 1 1 1;0 0 0 0 1 1 0 1 0 0;0 0 1 1 1 0 3 1 0 0;1 1 1 0 1 2 0 1 1 1;1 5 2 0 0 0 2 0 0 1;1 0 3 2 0 3 0 1 1 1;1 1 1 1 1 1 1 1 0 0]
623,A*,2.059582233428955,42,[1 1 1 1 1 1 1 1 0 0;1 0 3 3 0 2 5 1 0 0;1 0 0 0 0 2 0 1 0 0;1 0 3 2 0 1 1 1 0 0;1 3 2 1 1 1 0 0 0 0;1 0 0 1 0 0 0 0 0 0;1 0 1 1 0 0 0 0 0 0;1 0 1 0 0 0 0 0 0 0;1 1 1 0 0 0 0 0 0 0;0 0 0 0 0 0 0 0 0 0]
623,DFS,0.6687171459197998,270,[1 1 1 1 1 1 1 1 0 0;1 0 3 3 0 2 5 1 0 0;1 0 0 0 0 2 0 1 0 0;1 0 3 2 0 1 1 1 0 0;1 3 2 1 1 1 0 0 0 0;1 0 0 1 0 0 0 0 0 0;1 0 1 1 0 0 0 0 0 0;1 0 1 0 0 0 0 0 0 0;1 1 1 0 0 0 0 0 0 0;0 0 0 0 0 0 0 0 0 0]
623,BFS,0.9308648109436035,42,[1 1 1 1 1 1 1 1 0 0;1 0 3 3 0 2 5 1 0 0;1 0 0 0 0 2 0 1 0 0;1 0 3 2 0 1 1 1 0 0;1 3 2 1 1 1 0 0 0 0;1 0 0 1 0 0 0 0 0 0;1 0 1 1 0 0 0 0 0 0;1 0 1 0 0 0 0 0 0 0;1 1 1 0 0 0 0 0 0 0;0 0 0 0 0 0 0 0 0 0]
624,A*,0.3008427619934082,30,[1 1 1 0 0 0 0 0 0 0;1 0 1 1 1 1 1 0 0 0;1 0 0 3 0 0 1 0 0 0;1 3 2 2 0 2 1 1 0 0;1 0 2 5 1 0 0 1 0 0;1 0 1 1 0 3 1 1 0 0;1 3 1 1 0 0 1 0 0 0;1 0 1 1 0 0 1 0 0 0;1 1 1 1 0 0 1 0 0 0;0 0 0 1 1 1 1 0 0 0]
624,DFS,0.15819358825683594,34,[1 1 1 0 0 0 0 0 0 0;1 0 1 1 1 1 1 0 0 0;1 0 0 3 0 0 1 0 0 0;1 3 2 2 0 2 1 1 0 0;1 0 2 5 1 0 0 1 0 0;1 0 1 1 0 3 1 1 0 0;1 3 1 1 0 0 1 0 0 0;1 0 1 1 0 0 1 0 0 0;1 1 1 1 0 0 1 0 0 0;0 0 0 1 1 1 1 0 0 0]
624,BFS,0.2536933422088623,30,[1 1 1 0 0 0 0 0 0 0;1 0 1 1 1 1 1 0 0 0;1 0 0 3 0 0 1 0 0 0;1 3 2 2 0 2 1 1 0 0;1 0 2 5 1 0 0 1 0 0;1 0 1 1 0 3 1 1 0 0;1 3 1 1 0 0 1 0 0 0;1 0 1 1 0 0 1 0 0 0;1 1 1 1 0 0 1 0 0 0;0 0 0 1 1 1 1 0 0 0]
625,A*,4.247898817062378,74,[1 1 1 1 1 1 1 1 0 0;1 0 0 0 5 0 0 1 0 0;1 0 2 1 1 0 1 1 0 0;1 0 0 0 0 1 0 1 1 1;1 0 1 1 0 0 0 0 0 1;1 3 1 1 3 2 0 2 0 1;1 0 1 1 1 1 1 1 3 1;1 0 2 0 0 0 0 0 3 1;1 0 0 1 1 0 0 0 0 1;1 1 1 1 1 1 1 1 1 1]
625,DFS,0.5110306739807129,576,[1 1 1 1 1 1 1 1 0 0;1 0 0 0 5 0 0 1 0 0;1 0 2 1 1 0 1 1 0 0;1 0 0 0 0 1 0 1 1 1;1 0 1 1 0 0 0 0 0 1;1 3 1 1 3 2 0 2 0 1;1 0 1 1 1 1 1 1 3 1;1 0 2 0 0 0 0 0 3 1;1 0 0 1 1 0 0 0 0 1;1 1 1 1 1 1 1 1 1 1]
625,BFS,2.9758973121643066,74,[1 1 1 1 1 1 1 1 0 0;1 0 0 0 5 0 0 1 0 0;1 0 2 1 1 0 1 1 0 0;1 0 0 0 0 1 0 1 1 1;1 0 1 1 0 0 0 0 0 1;1 3 1 1 3 2 0 2 0 1;1 0 1 1 1 1 1 1 3 1;1 0 2 0 0 0 0 0 3 1;1 0 0 1 1 0 0 0 0 1;1 1 1 1 1 1 1 1 1 1]
626,A*,1.5393531322479248,42,[0 0 0 0 0 0 0 0 0 0;0 0 0 0 0 1 1 1 1 1;0 0 0 0 0 1 0 0 0 1;0 0 0 0 0 1 3 2 0 1;0 0 0 0 0 1 1 2 3 1;0 0 0 0 0 1 1 0 0 1;0 0 1 1 1 1 0 0 0 1;0 0 1 5 2 0 0 2 3 1;0 0 1 0 1 0 0 3 0 1;0 0 1 1 1 1 1 1 1 1]
626,DFS,0.36241626739501953,143,[0 0 0 0 0 0 0 0 0 0;0 0 0 0 0 1 1 1 1 1;0 0 0 0 0 1 0 0 0 1;0 0 0 0 0 1 3 2 0 1;0 0 0 0 0 1 1 2 3 1;0 0 0 0 0 1 1 0 0 1;0 0 1 1 1 1 0 0 0 1;0 0 1 5 2 0 0 2 3 1;0 0 1 0 1 0 0 3 0 1;0 0 1 1 1 1 1 1 1 1]
626,BFS,1.23881196975708,42,[0 0 0 0 0 0 0 0 0 0;0 0 0 0 0 1 1 1 1 1;0 0 0 0 0 1 0 0 0 1;0 0 0 0 0 1 3 2 0 1;0 0 0 0 0 1 1 2 3 1;0 0 0 0 0 1 1 0 0 1;0 0 1 1 1 1 0 0 0 1;0 0 1 5 2 0 0 2 3 1;0 0 1 0 1 0 0 3 0 1;0 0 1 1 1 1 1 1 1 1]
627,A*,0.34706616401672363,30,[1 1 1 1 1 1 1 0 0 0;1 3 0 0 0 0 1 0 0 0;1 3 0 0 1 0 1 0 0 0;1 0 2 1 1 1 1 0 0 0;1 0 2 5 1 0 0 0 0 0;1 0 2 0 1 0 0 0 0 0;1 0 3 1 1 0 0 0 0 0;1 3 2 1 0 0 0 0 0 0;1 0 0 1 0 0 0 0 0 0;1 1 1 1 0 0 0 0 0 0]
627,DFS,0.19244956970214844,68,[1 1 1 1 1 1 1 0 0 0;1 3 0 0 0 0 1 0 0 0;1 3 0 0 1 0 1 0 0 0;1 0 2 1 1 1 1 0 0 0;1 0 2 5 1 0 0 0 0 0;1 0 2 0 1 0 0 0 0 0;1 0 3 1 1 0 0 0 0 0;1 3 2 1 0 0 0 0 0 0;1 0 0 1 0 0 0 0 0 0;1 1 1 1 0 0 0 0 0 0]
627,BFS,0.19330167770385742,30,[1 1 1 1 1 1 1 0 0 0;1 3 0 0 0 0 1 0 0 0;1 3 0 0 1 0 1 0 0 0;1 0 2 1 1 1 1 0 0 0;1 0 2 5 1 0 0 0 0 0;1 0 2 0 1 0 0 0 0 0;1 0 3 1 1 0 0 0 0 0;1 3 2 1 0 0 0 0 0 0;1 0 0 1 0 0 0 0 0 0;1 1 1 1 0 0 0 0 0 0]
628,A*,1.149623155593872,49,[1 1 1 1 0 0 0 0 0 0;1 0 5 1 0 0 0 0 0 0;1 2 1 1 1 0 0 0 0 0;1 0 0 0 1 0 0 0 0 0;1 0 2 1 1 0 0 0 0 0;1 0 0 0 1 0 0 0 0 0;1 3 3 1 1 1 1 1 0 0;1 0 3 0 0 2 0 1 0 0;1 3 2 0 0 0 0 1 0 0;1 1 1 1 1 1 1 1 0 0]
628,DFS,0.6324765682220459,79,[1 1 1 1 0 0 0 0 0 0;1 0 5 1 0 0 0 0 0 0;1 2 1 1 1 0 0 0 0 0;1 0 0 0 1 0 0 0 0 0;1 0 2 1 1 0 0 0 0 0;1 0 0 0 1 0 0 0 0 0;1 3 3 1 1 1 1 1 0 0;1 0 3 0 0 2 0 1 0 0;1 3 2 0 0 0 0 1 0 0;1 1 1 1 1 1 1 1 0 0]
628,BFS,0.7014608383178711,49,[1 1 1 1 0 0 0 0 0 0;1 0 5 1 0 0 0 0 0 0;1 2 1 1 1 0 0 0 0 0;1 0 0 0 1 0 0 0 0 0;1 0 2 1 1 0 0 0 0 0;1 0 0 0 1 0 0 0 0 0;1 3 3 1 1 1 1 1 0 0;1 0 3 0 0 2 0 1 0 0;1 3 2 0 0 0 0 1 0 0;1 1 1 1 1 1 1 1 0 0]
629,A*,4.028656721115112,70,[1 1 1 1 1 1 1 1 1 1;1 0 0 0 0 0 0 0 3 1;1 0 2 0 2 0 0 3 0 1;1 1 1 1 1 1 1 1 0 1;0 0 0 0 0 1 1 0 0 1;0 0 0 1 1 1 0 1 0 1;0 0 0 1 5 2 0 3 0 1;0 0 0 1 1 3 0 2 0 1;0 0 0 1 0 0 0 0 0 1;0 0 0 1 1 1 1 1 1 1]
629,DFS,1.2553215026855469,166,[1 1 1 1 1 1 1 1 1 1;1 0 0 0 0 0 0 0 3 1;1 0 2 0 2 0 0 3 0 1;1 1 1 1 1 1 1 1 0 1;0 0 0 0 0 1 1 0 0 1;0 0 0 1 1 1 0 1 0 1;0 0 0 1 5 2 0 3 0 1;0 0 0 1 1 3 0 2 0 1;0 0 0 1 0 0 0 0 0 1;0 0 0 1 1 1 1 1 1 1]
629,BFS,2.6731486320495605,70,[1 1 1 1 1 1 1 1 1 1;1 0 0 0 0 0 0 0 3 1;1 0 2 0 2 0 0 3 0 1;1 1 1 1 1 1 1 1 0 1;0 0 0 0 0 1 1 0 0 1;0 0 0 1 1 1 0 1 0 1;0 0 0 1 5 2 0 3 0 1;0 0 0 1 1 3 0 2 0 1;0 0 0 1 0 0 0 0 0 1;0 0 0 1 1 1 1 1 1 1]
630,A*,3.8332579135894775,50,[1 1 1 1 1 1 1 1 1 0;1 0 0 0 0 0 0 0 1 0;1 5 3 0 1 1 0 1 1 0;1 1 0 1 0 2 0 0 1 0;1 3 0 0 0 2 0 1 1 0;1 1 0 0 2 3 0 1 0 0;0 1 1 1 1 2 0 1 0 0;0 0 0 0 1 0 3 1 0 0;0 0 0 0 1 1 1 1 0 0;0 0 0 0 0 0 0 0 0 0]
630,DFS,2.048541307449341,380,[1 1 1 1 1 1 1 1 1 0;1 0 0 0 0 0 0 0 1 0;1 5 3 0 1 1 0 1 1 0;1 1 0 1 0 2 0 0 1 0;1 3 0 0 0 2 0 1 1 0;1 1 0 0 2 3 0 1 0 0;0 1 1 1 1 2 0 1 0 0;0 0 0 0 1 0 3 1 0 0;0 0 0 0 1 1 1 1 0 0;0 0 0 0 0 0 0 0 0 0]
630,BFS,5.375076770782471,50,[1 1 1 1 1 1 1 1 1 0;1 0 0 0 0 0 0 0 1 0;1 5 3 0 1 1 0 1 1 0;1 1 0 1 0 2 0 0 1 0;1 3 0 0 0 2 0 1 1 0;1 1 0 0 2 3 0 1 0 0;0 1 1 1 1 2 0 1 0 0;0 0 0 0 1 0 3 1 0 0;0 0 0 0 1 1 1 1 0 0;0 0 0 0 0 0 0 0 0 0]
631,A*,4.557141304016113,57,[0 0 0 1 1 1 1 1 1 1;0 0 0 1 0 0 0 0 3 1;0 0 0 1 0 2 2 2 3 1;0 0 0 1 1 0 0 0 0 1;0 0 0 0 1 1 1 1 0 1;0 0 0 0 0 0 1 1 3 1;0 0 0 1 1 1 1 0 3 1;0 0 0 1 0 2 0 0 0 1;0 0 0 1 0 0 5 0 0 1;0 0 0 1 1 1 1 1 1 1]
631,DFS,0.8183445930480957,325,[0 0 0 1 1 1 1 1 1 1;0 0 0 1 0 0 0 0 3 1;0 0 0 1 0 2 2 2 3 1;0 0 0 1 1 0 0 0 0 1;0 0 0 0 1 1 1 1 0 1;0 0 0 0 0 0 1 1 3 1;0 0 0 1 1 1 1 0 3 1;0 0 0 1 0 2 0 0 0 1;0 0 0 1 0 0 5 0 0 1;0 0 0 1 1 1 1 1 1 1]
631,BFS,3.4927871227264404,57,[0 0 0 1 1 1 1 1 1 1;0 0 0 1 0 0 0 0 3 1;0 0 0 1 0 2 2 2 3 1;0 0 0 1 1 0 0 0 0 1;0 0 0 0 1 1 1 1 0 1;0 0 0 0 0 0 1 1 3 1;0 0 0 1 1 1 1 0 3 1;0 0 0 1 0 2 0 0 0 1;0 0 0 1 0 0 5 0 0 1;0 0 0 1 1 1 1 1 1 1]
632,A*,3.3928894996643066,43,[0 0 0 1 1 1 1 1 1 1;0 0 0 1 0 0 0 0 0 1;0 0 0 1 0 3 1 1 0 1;0 0 0 1 0 2 1 0 0 1;0 0 0 1 5 3 0 0 3 1;0 0 0 1 0 0 2 0 2 1;0 0 0 1 1 1 1 0 0 1;0 0 0 0 0 0 1 2 3 1;0 0 0 0 0 0 1 0 0 1;0 0 0 0 0 0 1 1 1 1]
632,DFS,1.947558879852295,1310,[0 0 0 1 1 1 1 1 1 1;0 0 0 1 0 0 0 0 0 1;0 0 0 1 0 3 1 1 0 1;0 0 0 1 0 2 1 0 0 1;0 0 0 1 5 3 0 0 3 1;0 0 0 1 0 0 2 0 2 1;0 0 0 1 1 1 1 0 0 1;0 0 0 0 0 0 1 2 3 1;0 0 0 0 0 0 1 0 0 1;0 0 0 0 0 0 1 1 1 1]
632,BFS,3.674921751022339,43,[0 0 0 1 1 1 1 1 1 1;0 0 0 1 0 0 0 0 0 1;0 0 0 1 0 3 1 1 0 1;0 0 0 1 0 2 1 0 0 1;0 0 0 1 5 3 0 0 3 1;0 0 0 1 0 0 2 0 2 1;0 0 0 1 1 1 1 0 0 1;0 0 0 0 0 0 1 2 3 1;0 0 0 0 0 0 1 0 0 1;0 0 0 0 0 0 1 1 1 1]
633,A*,2.5637474060058594,47,[0 0 0 0 0 1 1 1 0 0;0 0 1 1 1 1 0 1 1 1;0 0 1 0 3 0 0 0 0 1;0 0 1 0 2 1 0 2 0 1;0 0 1 0 0 1 1 0 0 1;0 0 1 1 0 0 1 0 3 1;0 1 1 1 3 1 1 0 3 1;1 1 0 1 0 0 1 2 2 1;1 0 0 0 0 0 1 5 0 1;1 1 1 1 1 1 1 1 1 1]
633,DFS,0.4485471248626709,158,[0 0 0 0 0 1 1 1 0 0;0 0 1 1 1 1 0 1 1 1;0 0 1 0 3 0 0 0 0 1;0 0 1 0 2 1 0 2 0 1;0 0 1 0 0 1 1 0 0 1;0 0 1 1 0 0 1 0 3 1;0 1 1 1 3 1 1 0 3 1;1 1 0 1 0 0 1 2 2 1;1 0 0 0 0 0 1 5 0 1;1 1 1 1 1 1 1 1 1 1]
633,BFS,2.1440682411193848,47,[0 0 0 0 0 1 1 1 0 0;0 0 1 1 1 1 0 1 1 1;0 0 1 0 3 0 0 0 0 1;0 0 1 0 2 1 0 2 0 1;0 0 1 0 0 1 1 0 0 1;0 0 1 1 0 0 1 0 3 1;0 1 1 1 3 1 1 0 3 1;1 1 0 1 0 0 1 2 2 1;1 0 0 0 0 0 1 5 0 1;1 1 1 1 1 1 1 1 1 1]
634,A*,1.4909672737121582,67,[0 0 0 0 0 0 0 1 1 1;0 0 0 0 0 1 1 1 0 1;1 1 1 0 1 1 0 0 0 1;1 3 1 0 1 0 0 0 0 1;1 0 1 1 1 0 3 1 0 1;1 3 0 1 1 0 0 1 1 1;1 0 2 1 1 0 3 1 0 0;1 0 0 0 2 2 2 1 0 0;1 0 0 1 1 0 5 1 0 0;1 1 1 1 1 1 1 1 0 0]
634,DFS,0.2702295780181885,207,[0 0 0 0 0 0 0 1 1 1;0 0 0 0 0 1 1 1 0 1;1 1 1 0 1 1 0 0 0 1;1 3 1 0 1 0 0 0 0 1;1 0 1 1 1 0 3 1 0 1;1 3 0 1 1 0 0 1 1 1;1 0 2 1 1 0 3 1 0 0;1 0 0 0 2 2 2 1 0 0;1 0 0 1 1 0 5 1 0 0;1 1 1 1 1 1 1 1 0 0]
634,BFS,0.6793124675750732,67,[0 0 0 0 0 0 0 1 1 1;0 0 0 0 0 1 1 1 0 1;1 1 1 0 1 1 0 0 0 1;1 3 1 0 1 0 0 0 0 1;1 0 1 1 1 0 3 1 0 1;1 3 0 1 1 0 0 1 1 1;1 0 2 1 1 0 3 1 0 0;1 0 0 0 2 2 2 1 0 0;1 0 0 1 1 0 5 1 0 0;1 1 1 1 1 1 1 1 0 0]
635,A*,11.960914611816406,43,[0 0 0 1 1 1 1 0 0 0;0 0 0 1 0 0 1 1 0 0;0 0 0 1 1 0 0 1 0 0;0 0 1 1 0 2 0 1 0 0;1 1 1 0 2 3 0 1 1 1;1 0 3 0 0 0 0 0 0 1;1 0 1 0 0 2 1 0 0 1;1 0 1 1 3 2 5 1 1 1;1 0 0 3 0 0 1 1 0 0;1 1 1 1 1 1 1 0 0 0]
635,DFS,2.6605706214904785,415,[0 0 0 1 1 1 1 0 0 0;0 0 0 1 0 0 1 1 0 0;0 0 0 1 1 0 0 1 0 0;0 0 1 1 0 2 0 1 0 0;1 1 1 0 2 3 0 1 1 1;1 0 3 0 0 0 0 0 0 1;1 0 1 0 0 2 1 0 0 1;1 0 1 1 3 2 5 1 1 1;1 0 0 3 0 0 1 1 0 0;1 1 1 1 1 1 1 0 0 0]
635,BFS,18.69087243080139,43,[0 0 0 1 1 1 1 0 0 0;0 0 0 1 0 0 1 1 0 0;0 0 0 1 1 0 0 1 0 0;0 0 1 1 0 2 0 1 0 0;1 1 1 0 2 3 0 1 1 1;1 0 3 0 0 0 0 0 0 1;1 0 1 0 0 2 1 0 0 1;1 0 1 1 3 2 5 1 1 1;1 0 0 3 0 0 1 1 0 0;1 1 1 1 1 1 1 0 0 0]
636,A*,0.7266898155212402,44,[0 0 0 0 0 0 0 0 0 0;0 0 0 0 0 0 0 0 0 0;0 0 0 0 0 1 1 1 1 0;0 0 0 0 0 1 0 3 1 1;0 0 0 0 0 1 2 0 3 1;1 1 1 1 1 1 0 2 0 1;1 0 2 0 2 0 3 0 0 1;1 5 0 0 0 1 1 0 3 1;1 1 1 1 1 1 0 0 0 1;0 0 0 0 0 1 1 1 1 1]
636,DFS,0.3856852054595947,203,[0 0 0 0 0 0 0 0 0 0;0 0 0 0 0 0 0 0 0 0;0 0 0 0 0 1 1 1 1 0;0 0 0 0 0 1 0 3 1 1;0 0 0 0 0 1 2 0 3 1;1 1 1 1 1 1 0 2 0 1;1 0 2 0 2 0 3 0 0 1;1 5 0 0 0 1 1 0 3 1;1 1 1 1 1 1 0 0 0 1;0 0 0 0 0 1 1 1 1 1]
636,BFS,0.48178815841674805,44,[0 0 0 0 0 0 0 0 0 0;0 0 0 0 0 0 0 0 0 0;0 0 0 0 0 1 1 1 1 0;0 0 0 0 0 1 0 3 1 1;0 0 0 0 0 1 2 0 3 1;1 1 1 1 1 1 0 2 0 1;1 0 2 0 2 0 3 0 0 1;1 5 0 0 0 1 1 0 3 1;1 1 1 1 1 1 0 0 0 1;0 0 0 0 0 1 1 1 1 1]
637,A*,3.187171220779419,87,[0 1 1 1 1 1 1 1 1 1;1 1 3 0 0 0 3 3 0 1;1 0 2 2 0 1 0 0 0 1;1 0 0 2 1 1 1 2 0 1;1 0 1 0 0 5 0 0 0 1;1 0 1 1 1 1 0 1 1 1;1 3 0 0 0 1 1 1 0 0;1 0 0 1 1 1 0 0 0 0;1 0 0 1 0 0 0 0 0 0;1 1 1 1 0 0 0 0 0 0]
637,DFS,1.6277673244476318,247,[0 1 1 1 1 1 1 1 1 1;1 1 3 0 0 0 3 3 0 1;1 0 2 2 0 1 0 0 0 1;1 0 0 2 1 1 1 2 0 1;1 0 1 0 0 5 0 0 0 1;1 0 1 1 1 1 0 1 1 1;1 3 0 0 0 1 1 1 0 0;1 0 0 1 1 1 0 0 0 0;1 0 0 1 0 0 0 0 0 0;1 1 1 1 0 0 0 0 0 0]
637,BFS,2.5643880367279053,87,[0 1 1 1 1 1 1 1 1 1;1 1 3 0 0 0 3 3 0 1;1 0 2 2 0 1 0 0 0 1;1 0 0 2 1 1 1 2 0 1;1 0 1 0 0 5 0 0 0 1;1 0 1 1 1 1 0 1 1 1;1 3 0 0 0 1 1 1 0 0;1 0 0 1 1 1 0 0 0 0;1 0 0 1 0 0 0 0 0 0;1 1 1 1 0 0 0 0 0 0]
638,A*,13.14309048652649,57,[0 0 0 1 1 1 1 1 1 0;0 0 0 1 3 0 0 0 1 0;0 0 1 1 0 0 2 1 1 0;0 0 1 0 0 0 0 1 1 1;0 0 1 0 0 3 0 0 0 1;0 0 1 1 2 0 1 1 0 1;0 1 1 0 5 1 1 1 0 1;1 1 3 2 2 1 1 1 0 1;1 0 0 0 0 0 3 0 0 1;1 1 1 1 1 1 1 1 1 1]
638,DFS,7.918467283248901,705,[0 0 0 1 1 1 1 1 1 0;0 0 0 1 3 0 0 0 1 0;0 0 1 1 0 0 2 1 1 0;0 0 1 0 0 0 0 1 1 1;0 0 1 0 0 3 0 0 0 1;0 0 1 1 2 0 1 1 0 1;0 1 1 0 5 1 1 1 0 1;1 1 3 2 2 1 1 1 0 1;1 0 0 0 0 0 3 0 0 1;1 1 1 1 1 1 1 1 1 1]
638,BFS,17.13986611366272,57,[0 0 0 1 1 1 1 1 1 0;0 0 0 1 3 0 0 0 1 0;0 0 1 1 0 0 2 1 1 0;0 0 1 0 0 0 0 1 1 1;0 0 1 0 0 3 0 0 0 1;0 0 1 1 2 0 1 1 0 1;0 1 1 0 5 1 1 1 0 1;1 1 3 2 2 1 1 1 0 1;1 0 0 0 0 0 3 0 0 1;1 1 1 1 1 1 1 1 1 1]
639,A*,1.0000765323638916,58,[1 1 1 1 1 1 1 1 0 0;1 0 0 3 0 0 0 1 0 0;1 0 0 0 0 2 1 1 0 0;1 0 1 1 0 3 0 1 0 0;1 0 1 1 0 2 0 1 0 0;1 0 0 1 1 0 0 1 0 0;1 5 1 1 3 0 1 1 0 0;1 0 0 1 2 2 1 0 0 0;1 0 0 0 0 3 1 0 0 0;1 1 1 1 1 1 1 0 0 0]
639,DFS,0.9606714248657227,616,[1 1 1 1 1 1 1 1 0 0;1 0 0 3 0 0 0 1 0 0;1 0 0 0 0 2 1 1 0 0;1 0 1 1 0 3 0 1 0 0;1 0 1 1 0 2 0 1 0 0;1 0 0 1 1 0 0 1 0 0;1 5 1 1 3 0 1 1 0 0;1 0 0 1 2 2 1 0 0 0;1 0 0 0 0 3 1 0 0 0;1 1 1 1 1 1 1 0 0 0]
639,BFS,1.001763105392456,58,[1 1 1 1 1 1 1 1 0 0;1 0 0 3 0 0 0 1 0 0;1 0 0 0 0 2 1 1 0 0;1 0 1 1 0 3 0 1 0 0;1 0 1 1 0 2 0 1 0 0;1 0 0 1 1 0 0 1 0 0;1 5 1 1 3 0 1 1 0 0;1 0 0 1 2 2 1 0 0 0;1 0 0 0 0 3 1 0 0 0;1 1 1 1 1 1 1 0 0 0]
640,A*,4.035545825958252,53,[1 1 1 1 1 1 0 0 0 0;1 0 0 1 5 1 1 1 1 1;1 3 2 0 2 2 0 2 0 1;1 3 0 0 0 0 3 0 0 1;1 0 0 1 1 1 3 0 0 1;1 0 1 1 0 1 1 1 1 1;1 1 1 0 0 0 0 0 0 0;0 0 0 0 0 0 0 0 0 0;0 0 0 0 0 0 0 0 0 0;0 0 0 0 0 0 0 0 0 0]
640,DFS,1.5634937286376953,195,[1 1 1 1 1 1 0 0 0 0;1 0 0 1 5 1 1 1 1 1;1 3 2 0 2 2 0 2 0 1;1 3 0 0 0 0 3 0 0 1;1 0 0 1 1 1 3 0 0 1;1 0 1 1 0 1 1 1 1 1;1 1 1 0 0 0 0 0 0 0;0 0 0 0 0 0 0 0 0 0;0 0 0 0 0 0 0 0 0 0;0 0 0 0 0 0 0 0 0 0]
640,BFS,2.81538987159729,53,[1 1 1 1 1 1 0 0 0 0;1 0 0 1 5 1 1 1 1 1;1 3 2 0 2 2 0 2 0 1;1 3 0 0 0 0 3 0 0 1;1 0 0 1 1 1 3 0 0 1;1 0 1 1 0 1 1 1 1 1;1 1 1 0 0 0 0 0 0 0;0 0 0 0 0 0 0 0 0 0;0 0 0 0 0 0 0 0 0 0;0 0 0 0 0 0 0 0 0 0]
641,A*,5.30661678314209,50,[0 0 0 1 1 1 1 1 1 1;0 0 0 1 0 0 0 1 5 1;0 1 1 1 1 0 0 2 2 1;0 1 0 2 0 0 0 2 0 1;0 1 0 3 0 3 3 1 0 1;0 1 0 0 1 1 1 0 0 1;0 1 0 1 1 0 1 0 0 1;0 1 1 1 0 0 1 0 0 1;0 0 0 0 0 0 1 0 3 1;0 0 0 0 0 0 1 1 1 1]
641,DFS,2.9720518589019775,145,[0 0 0 1 1 1 1 1 1 1;0 0 0 1 0 0 0 1 5 1;0 1 1 1 1 0 0 2 2 1;0 1 0 2 0 0 0 2 0 1;0 1 0 3 0 3 3 1 0 1;0 1 0 0 1 1 1 0 0 1;0 1 0 1 1 0 1 0 0 1;0 1 1 1 0 0 1 0 0 1;0 0 0 0 0 0 1 0 3 1;0 0 0 0 0 0 1 1 1 1]
641,BFS,5.432553052902222,50,[0 0 0 1 1 1 1 1 1 1;0 0 0 1 0 0 0 1 5 1;0 1 1 1 1 0 0 2 2 1;0 1 0 2 0 0 0 2 0 1;0 1 0 3 0 3 3 1 0 1;0 1 0 0 1 1 1 0 0 1;0 1 0 1 1 0 1 0 0 1;0 1 1 1 0 0 1 0 0 1;0 0 0 0 0 0 1 0 3 1;0 0 0 0 0 0 1 1 1 1]
642,A*,3.9353129863739014,55,[1 1 1 1 1 1 1 1 1 0;1 0 3 0 0 0 2 5 1 0;1 3 0 0 2 3 1 0 1 0;1 0 0 1 1 3 0 1 1 0;1 0 2 0 0 2 0 1 0 0;1 0 0 1 0 0 1 1 0 0;1 1 1 1 1 1 1 0 0 0;0 0 0 0 0 0 0 0 0 0;0 0 0 0 0 0 0 0 0 0;0 0 0 0 0 0 0 0 0 0]
642,DFS,0.9619922637939453,73,[1 1 1 1 1 1 1 1 1 0;1 0 3 0 0 0 2 5 1 0;1 3 0 0 2 3 1 0 1 0;1 0 0 1 1 3 0 1 1 0;1 0 2 0 0 2 0 1 0 0;1 0 0 1 0 0 1 1 0 0;1 1 1 1 1 1 1 0 0 0;0 0 0 0 0 0 0 0 0 0;0 0 0 0 0 0 0 0 0 0;0 0 0 0 0 0 0 0 0 0]
642,BFS,2.121490001678467,55,[1 1 1 1 1 1 1 1 1 0;1 0 3 0 0 0 2 5 1 0;1 3 0 0 2 3 1 0 1 0;1 0 0 1 1 3 0 1 1 0;1 0 2 0 0 2 0 1 0 0;1 0 0 1 0 0 1 1 0 0;1 1 1 1 1 1 1 0 0 0;0 0 0 0 0 0 0 0 0 0;0 0 0 0 0 0 0 0 0 0;0 0 0 0 0 0 0 0 0 0]
643,A*,3.5878963470458984,58,[0 0 0 0 0 0 1 1 1 1;0 0 0 0 0 0 1 0 0 1;0 0 0 0 0 0 1 2 5 1;0 0 0 0 0 0 1 0 0 1;0 0 0 0 0 1 1 3 0 1;0 0 0 0 1 1 0 2 3 1;0 0 0 1 1 0 1 0 3 1;0 0 0 1 0 2 0 2 0 1;0 0 0 1 0 0 0 0 3 1;0 0 0 1 1 1 1 1 1 1]
643,DFS,1.1111016273498535,176,[0 0 0 0 0 0 1 1 1 1;0 0 0 0 0 0 1 0 0 1;0 0 0 0 0 0 1 2 5 1;0 0 0 0 0 0 1 0 0 1;0 0 0 0 0 1 1 3 0 1;0 0 0 0 1 1 0 2 3 1;0 0 0 1 1 0 1 0 3 1;0 0 0 1 0 2 0 2 0 1;0 0 0 1 0 0 0 0 3 1;0 0 0 1 1 1 1 1 1 1]
643,BFS,2.002561330795288,58,[0 0 0 0 0 0 1 1 1 1;0 0 0 0 0 0 1 0 0 1;0 0 0 0 0 0 1 2 5 1;0 0 0 0 0 0 1 0 0 1;0 0 0 0 0 1 1 3 0 1;0 0 0 0 1 1 0 2 3 1;0 0 0 1 1 0 1 0 3 1;0 0 0 1 0 2 0 2 0 1;0 0 0 1 0 0 0 0 3 1;0 0 0 1 1 1 1 1 1 1]
644,A*,1.5660419464111328,64,[1 1 1 1 1 0 0 0 0 0;1 0 0 0 1 1 1 1 0 0;1 2 0 1 0 3 0 1 0 0;1 0 2 0 2 0 1 1 0 0;1 3 2 0 0 3 1 0 0 0;1 0 0 1 1 1 1 0 0 0;1 0 1 1 0 0 0 0 0 0;1 3 0 1 1 0 0 0 0 0;1 0 5 0 1 0 0 0 0 0;1 1 1 1 1 0 0 0 0 0]
644,DFS,0.4932138919830322,174,[1 1 1 1 1 0 0 0 0 0;1 0 0 0 1 1 1 1 0 0;1 2 0 1 0 3 0 1 0 0;1 0 2 0 2 0 1 1 0 0;1 3 2 0 0 3 1 0 0 0;1 0 0 1 1 1 1 0 0 0;1 0 1 1 0 0 0 0 0 0;1 3 0 1 1 0 0 0 0 0;1 0 5 0 1 0 0 0 0 0;1 1 1 1 1 0 0 0 0 0]
644,BFS,0.7220110893249512,64,[1 1 1 1 1 0 0 0 0 0;1 0 0 0 1 1 1 1 0 0;1 2 0 1 0 3 0 1 0 0;1 0 2 0 2 0 1 1 0 0;1 3 2 0 0 3 1 0 0 0;1 0 0 1 1 1 1 0 0 0;1 0 1 1 0 0 0 0 0 0;1 3 0 1 1 0 0 0 0 0;1 0 5 0 1 0 0 0 0 0;1 1 1 1 1 0 0 0 0 0]
645,A*,0.9098131656646729,49,[1 1 1 1 0 0 0 0 0 0;1 0 5 1 0 0 0 0 0 0;1 2 1 1 1 0 0 0 0 0;1 0 0 0 1 0 0 0 0 0;1 0 2 1 1 0 0 0 0 0;1 0 0 0 1 0 0 0 0 0;1 3 3 1 1 1 1 1 0 0;1 0 3 0 0 2 0 1 0 0;1 3 2 0 0 0 0 1 0 0;1 1 1 1 1 1 1 1 0 0]
645,DFS,0.5619616508483887,79,[1 1 1 1 0 0 0 0 0 0;1 0 5 1 0 0 0 0 0 0;1 2 1 1 1 0 0 0 0 0;1 0 0 0 1 0 0 0 0 0;1 0 2 1 1 0 0 0 0 0;1 0 0 0 1 0 0 0 0 0;1 3 3 1 1 1 1 1 0 0;1 0 3 0 0 2 0 1 0 0;1 3 2 0 0 0 0 1 0 0;1 1 1 1 1 1 1 1 0 0]
645,BFS,0.6541404724121094,49,[1 1 1 1 0 0 0 0 0 0;1 0 5 1 0 0 0 0 0 0;1 2 1 1 1 0 0 0 0 0;1 0 0 0 1 0 0 0 0 0;1 0 2 1 1 0 0 0 0 0;1 0 0 0 1 0 0 0 0 0;1 3 3 1 1 1 1 1 0 0;1 0 3 0 0 2 0 1 0 0;1 3 2 0 0 0 0 1 0 0;1 1 1 1 1 1 1 1 0 0]
646,A*,4.604217767715454,47,[1 1 1 1 1 1 0 0 0 0;1 3 0 0 0 1 1 1 1 0;1 3 0 0 3 2 0 0 1 0;1 0 1 0 0 0 0 1 1 0;1 0 0 1 2 1 1 1 0 0;1 0 0 0 2 5 1 0 0 0;1 0 3 0 1 1 1 0 0 0;1 0 2 1 1 0 0 0 0 0;1 0 0 1 0 0 0 0 0 0;1 1 1 1 0 0 0 0 0 0]
646,DFS,2.944547176361084,575,[1 1 1 1 1 1 0 0 0 0;1 3 0 0 0 1 1 1 1 0;1 3 0 0 3 2 0 0 1 0;1 0 1 0 0 0 0 1 1 0;1 0 0 1 2 1 1 1 0 0;1 0 0 0 2 5 1 0 0 0;1 0 3 0 1 1 1 0 0 0;1 0 2 1 1 0 0 0 0 0;1 0 0 1 0 0 0 0 0 0;1 1 1 1 0 0 0 0 0 0]
646,BFS,7.709862470626831,47,[1 1 1 1 1 1 0 0 0 0;1 3 0 0 0 1 1 1 1 0;1 3 0 0 3 2 0 0 1 0;1 0 1 0 0 0 0 1 1 0;1 0 0 1 2 1 1 1 0 0;1 0 0 0 2 5 1 0 0 0;1 0 3 0 1 1 1 0 0 0;1 0 2 1 1 0 0 0 0 0;1 0 0 1 0 0 0 0 0 0;1 1 1 1 0 0 0 0 0 0]
647,A*,0.08523893356323242,49,[1 1 1 0 0 0 0 0 0 0;1 0 1 1 0 0 0 0 0 0;1 0 3 1 0 0 0 0 0 0;1 3 2 1 1 0 0 0 0 0;1 0 0 0 1 0 0 0 0 0;1 0 2 1 1 0 0 0 0 0;1 0 5 1 1 1 0 0 0 0;1 0 2 2 3 1 0 0 0 0;1 0 3 0 1 1 0 0 0 0;1 1 1 1 1 0 0 0 0 0]
647,DFS,0.01202702522277832,65,[1 1 1 0 0 0 0 0 0 0;1 0 1 1 0 0 0 0 0 0;1 0 3 1 0 0 0 0 0 0;1 3 2 1 1 0 0 0 0 0;1 0 0 0 1 0 0 0 0 0;1 0 2 1 1 0 0 0 0 0;1 0 5 1 1 1 0 0 0 0;1 0 2 2 3 1 0 0 0 0;1 0 3 0 1 1 0 0 0 0;1 1 1 1 1 0 0 0 0 0]
647,BFS,0.03661346435546875,49,[1 1 1 0 0 0 0 0 0 0;1 0 1 1 0 0 0 0 0 0;1 0 3 1 0 0 0 0 0 0;1 3 2 1 1 0 0 0 0 0;1 0 0 0 1 0 0 0 0 0;1 0 2 1 1 0 0 0 0 0;1 0 5 1 1 1 0 0 0 0;1 0 2 2 3 1 0 0 0 0;1 0 3 0 1 1 0 0 0 0;1 1 1 1 1 0 0 0 0 0]
648,A*,7.676817417144775,56,[1 1 1 1 1 0 0 0 0 0;1 0 0 0 1 0 0 0 0 0;1 0 2 0 1 1 1 1 0 0;1 0 3 0 0 2 0 1 0 0;1 3 1 0 3 2 5 1 0 0;1 1 1 1 0 0 1 1 0 0;0 1 1 1 1 0 1 1 1 1;1 1 0 1 0 0 0 2 0 1;1 0 0 0 0 0 0 0 3 1;1 1 1 1 1 1 1 1 1 1]
648,DFS,1.0719692707061768,167,[1 1 1 1 1 0 0 0 0 0;1 0 0 0 1 0 0 0 0 0;1 0 2 0 1 1 1 1 0 0;1 0 3 0 0 2 0 1 0 0;1 3 1 0 3 2 5 1 0 0;1 1 1 1 0 0 1 1 0 0;0 1 1 1 1 0 1 1 1 1;1 1 0 1 0 0 0 2 0 1;1 0 0 0 0 0 0 0 3 1;1 1 1 1 1 1 1 1 1 1]
648,BFS,8.138800144195557,56,[1 1 1 1 1 0 0 0 0 0;1 0 0 0 1 0 0 0 0 0;1 0 2 0 1 1 1 1 0 0;1 0 3 0 0 2 0 1 0 0;1 3 1 0 3 2 5 1 0 0;1 1 1 1 0 0 1 1 0 0;0 1 1 1 1 0 1 1 1 1;1 1 0 1 0 0 0 2 0 1;1 0 0 0 0 0 0 0 3 1;1 1 1 1 1 1 1 1 1 1]
649,A*,4.983970642089844,89,[1 1 1 1 0 0 0 0 0 0;1 0 0 1 1 1 1 1 1 1;1 0 0 3 0 2 0 2 0 1;1 0 0 0 1 5 2 0 0 1;1 0 1 1 1 1 1 2 3 1;1 0 0 1 0 0 1 0 0 1;1 3 1 1 1 1 1 1 0 1;1 3 1 1 0 0 0 1 0 1;1 0 0 0 0 0 0 0 0 1;1 1 1 1 1 1 1 1 1 1]
649,DFS,2.8471755981445312,184,[1 1 1 1 0 0 0 0 0 0;1 0 0 1 1 1 1 1 1 1;1 0 0 3 0 2 0 2 0 1;1 0 0 0 1 5 2 0 0 1;1 0 1 1 1 1 1 2 3 1;1 0 0 1 0 0 1 0 0 1;1 3 1 1 1 1 1 1 0 1;1 3 1 1 0 0 0 1 0 1;1 0 0 0 0 0 0 0 0 1;1 1 1 1 1 1 1 1 1 1]
649,BFS,4.7888007164001465,89,[1 1 1 1 0 0 0 0 0 0;1 0 0 1 1 1 1 1 1 1;1 0 0 3 0 2 0 2 0 1;1 0 0 0 1 5 2 0 0 1;1 0 1 1 1 1 1 2 3 1;1 0 0 1 0 0 1 0 0 1;1 3 1 1 1 1 1 1 0 1;1 3 1 1 0 0 0 1 0 1;1 0 0 0 0 0 0 0 0 1;1 1 1 1 1 1 1 1 1 1]
650,A*,2.8977012634277344,49,[0 0 0 0 0 0 0 0 0 0;1 1 1 0 0 0 0 0 0 0;1 0 1 0 0 0 0 0 0 0;1 3 1 1 1 1 1 1 1 1;1 0 1 0 0 1 1 0 0 1;1 0 0 0 0 3 2 2 0 1;1 0 3 2 0 0 0 2 5 1;1 1 1 3 0 1 1 1 1 1;0 0 1 1 0 1 0 0 0 0;0 0 0 1 1 1 0 0 0 0]
650,DFS,1.182847499847412,201,[0 0 0 0 0 0 0 0 0 0;1 1 1 0 0 0 0 0 0 0;1 0 1 0 0 0 0 0 0 0;1 3 1 1 1 1 1 1 1 1;1 0 1 0 0 1 1 0 0 1;1 0 0 0 0 3 2 2 0 1;1 0 3 2 0 0 0 2 5 1;1 1 1 3 0 1 1 1 1 1;0 0 1 1 0 1 0 0 0 0;0 0 0 1 1 1 0 0 0 0]
650,BFS,2.3501951694488525,49,[0 0 0 0 0 0 0 0 0 0;1 1 1 0 0 0 0 0 0 0;1 0 1 0 0 0 0 0 0 0;1 3 1 1 1 1 1 1 1 1;1 0 1 0 0 1 1 0 0 1;1 0 0 0 0 3 2 2 0 1;1 0 3 2 0 0 0 2 5 1;1 1 1 3 0 1 1 1 1 1;0 0 1 1 0 1 0 0 0 0;0 0 0 1 1 1 0 0 0 0]
651,A*,30.254346132278442,66,[0 0 1 1 1 1 1 0 0 0;0 0 1 0 0 0 1 0 0 0;0 0 1 1 0 0 1 1 1 1;0 0 1 5 2 0 1 0 0 1;0 0 1 0 0 0 1 2 0 1;0 1 1 1 3 0 1 0 0 1;1 1 0 0 0 1 1 2 0 1;1 0 0 0 0 2 3 3 3 1;1 1 0 1 0 0 0 0 0 1;0 1 1 1 1 1 1 1 1 1]
651,DFS,17.715345859527588,1497,[0 0 1 1 1 1 1 0 0 0;0 0 1 0 0 0 1 0 0 0;0 0 1 1 0 0 1 1 1 1;0 0 1 5 2 0 1 0 0 1;0 0 1 0 0 0 1 2 0 1;0 1 1 1 3 0 1 0 0 1;1 1 0 0 0 1 1 2 0 1;1 0 0 0 0 2 3 3 3 1;1 1 0 1 0 0 0 0 0 1;0 1 1 1 1 1 1 1 1 1]
651,BFS,105.8162956237793,66,[0 0 1 1 1 1 1 0 0 0;0 0 1 0 0 0 1 0 0 0;0 0 1 1 0 0 1 1 1 1;0 0 1 5 2 0 1 0 0 1;0 0 1 0 0 0 1 2 0 1;0 1 1 1 3 0 1 0 0 1;1 1 0 0 0 1 1 2 0 1;1 0 0 0 0 2 3 3 3 1;1 1 0 1 0 0 0 0 0 1;0 1 1 1 1 1 1 1 1 1]
652,A*,12.328031539916992,100,[0 0 0 0 0 0 1 1 1 1;0 0 0 0 0 0 1 0 0 1;0 0 0 0 0 0 1 2 0 1;0 0 0 0 0 0 1 0 0 1;1 1 1 1 1 1 1 0 3 1;1 5 2 3 0 0 0 0 0 1;1 0 2 3 2 0 1 0 3 1;1 1 1 0 1 1 1 1 0 1;1 0 0 0 0 0 0 0 0 1;1 1 1 1 1 1 1 1 1 1]
652,DFS,3.1222951412200928,1463,[0 0 0 0 0 0 1 1 1 1;0 0 0 0 0 0 1 0 0 1;0 0 0 0 0 0 1 2 0 1;0 0 0 0 0 0 1 0 0 1;1 1 1 1 1 1 1 0 3 1;1 5 2 3 0 0 0 0 0 1;1 0 2 3 2 0 1 0 3 1;1 1 1 0 1 1 1 1 0 1;1 0 0 0 0 0 0 0 0 1;1 1 1 1 1 1 1 1 1 1]
652,BFS,8.316458702087402,100,[0 0 0 0 0 0 1 1 1 1;0 0 0 0 0 0 1 0 0 1;0 0 0 0 0 0 1 2 0 1;0 0 0 0 0 0 1 0 0 1;1 1 1 1 1 1 1 0 3 1;1 5 2 3 0 0 0 0 0 1;1 0 2 3 2 0 1 0 3 1;1 1 1 0 1 1 1 1 0 1;1 0 0 0 0 0 0 0 0 1;1 1 1 1 1 1 1 1 1 1]
653,A*,6.851791858673096,69,[0 0 0 0 0 0 0 0 0 0;1 1 1 1 0 0 0 0 0 0;1 3 0 1 1 0 0 0 0 0;1 0 0 0 1 0 0 0 0 0;1 0 3 0 1 1 1 1 0 0;1 1 2 2 0 1 0 1 0 0;0 1 0 3 0 1 0 1 0 0;1 1 1 2 0 2 5 1 0 0;1 0 0 0 0 3 0 1 0 0;1 1 1 1 1 1 1 1 0 0]
653,DFS,2.046870470046997,187,[0 0 0 0 0 0 0 0 0 0;1 1 1 1 0 0 0 0 0 0;1 3 0 1 1 0 0 0 0 0;1 0 0 0 1 0 0 0 0 0;1 0 3 0 1 1 1 1 0 0;1 1 2 2 0 1 0 1 0 0;0 1 0 3 0 1 0 1 0 0;1 1 1 2 0 2 5 1 0 0;1 0 0 0 0 3 0 1 0 0;1 1 1 1 1 1 1 1 0 0]
653,BFS,4.17885947227478,69,[0 0 0 0 0 0 0 0 0 0;1 1 1 1 0 0 0 0 0 0;1 3 0 1 1 0 0 0 0 0;1 0 0 0 1 0 0 0 0 0;1 0 3 0 1 1 1 1 0 0;1 1 2 2 0 1 0 1 0 0;0 1 0 3 0 1 0 1 0 0;1 1 1 2 0 2 5 1 0 0;1 0 0 0 0 3 0 1 0 0;1 1 1 1 1 1 1 1 0 0]
654,A*,5.270634651184082,46,[1 1 1 0 0 0 0 0 0 0;1 0 1 1 1 1 1 1 1 0;1 0 0 1 0 1 0 0 1 1;1 0 0 3 3 0 0 2 0 1;1 0 2 2 0 0 2 3 5 1;1 0 3 0 1 1 1 1 1 1;1 1 1 1 1 0 0 0 0 0;0 0 0 0 0 0 0 0 0 0;0 0 0 0 0 0 0 0 0 0;0 0 0 0 0 0 0 0 0 0]
654,DFS,1.8360602855682373,128,[1 1 1 0 0 0 0 0 0 0;1 0 1 1 1 1 1 1 1 0;1 0 0 1 0 1 0 0 1 1;1 0 0 3 3 0 0 2 0 1;1 0 2 2 0 0 2 3 5 1;1 0 3 0 1 1 1 1 1 1;1 1 1 1 1 0 0 0 0 0;0 0 0 0 0 0 0 0 0 0;0 0 0 0 0 0 0 0 0 0;0 0 0 0 0 0 0 0 0 0]
654,BFS,4.492693185806274,46,[1 1 1 0 0 0 0 0 0 0;1 0 1 1 1 1 1 1 1 0;1 0 0 1 0 1 0 0 1 1;1 0 0 3 3 0 0 2 0 1;1 0 2 2 0 0 2 3 5 1;1 0 3 0 1 1 1 1 1 1;1 1 1 1 1 0 0 0 0 0;0 0 0 0 0 0 0 0 0 0;0 0 0 0 0 0 0 0 0 0;0 0 0 0 0 0 0 0 0 0]
655,A*,2.6511662006378174,52,[0 0 0 0 0 0 0 0 0 0;1 1 1 1 1 0 0 0 0 0;1 5 0 0 1 0 0 0 0 0;1 1 2 0 1 0 1 1 1 1;1 0 0 1 1 1 1 0 0 1;1 0 0 3 1 1 0 0 1 1;1 0 2 0 1 1 2 0 0 1;1 0 2 3 1 1 0 0 1 1;1 0 3 0 0 0 3 0 0 1;1 1 1 1 1 1 1 1 1 1]
655,DFS,0.4586942195892334,108,[0 0 0 0 0 0 0 0 0 0;1 1 1 1 1 0 0 0 0 0;1 5 0 0 1 0 0 0 0 0;1 1 2 0 1 0 1 1 1 1;1 0 0 1 1 1 1 0 0 1;1 0 0 3 1 1 0 0 1 1;1 0 2 0 1 1 2 0 0 1;1 0 2 3 1 1 0 0 1 1;1 0 3 0 0 0 3 0 0 1;1 1 1 1 1 1 1 1 1 1]
655,BFS,2.1984565258026123,52,[0 0 0 0 0 0 0 0 0 0;1 1 1 1 1 0 0 0 0 0;1 5 0 0 1 0 0 0 0 0;1 1 2 0 1 0 1 1 1 1;1 0 0 1 1 1 1 0 0 1;1 0 0 3 1 1 0 0 1 1;1 0 2 0 1 1 2 0 0 1;1 0 2 3 1 1 0 0 1 1;1 0 3 0 0 0 3 0 0 1;1 1 1 1 1 1 1 1 1 1]
656,A*,2.3624212741851807,56,[0 1 1 1 1 1 1 1 1 1;1 1 0 0 3 0 0 0 0 1;1 0 0 2 2 0 2 3 0 1;1 0 2 5 1 1 0 0 1 1;1 3 1 1 1 1 1 1 1 0;1 0 1 1 0 0 0 0 0 0;1 3 0 1 0 0 0 0 0 0;1 0 0 1 0 0 0 0 0 0;1 0 1 1 0 0 0 0 0 0;1 1 1 0 0 0 0 0 0 0]
656,DFS,0.7714095115661621,148,[0 1 1 1 1 1 1 1 1 1;1 1 0 0 3 0 0 0 0 1;1 0 0 2 2 0 2 3 0 1;1 0 2 5 1 1 0 0 1 1;1 3 1 1 1 1 1 1 1 0;1 0 1 1 0 0 0 0 0 0;1 3 0 1 0 0 0 0 0 0;1 0 0 1 0 0 0 0 0 0;1 0 1 1 0 0 0 0 0 0;1 1 1 0 0 0 0 0 0 0]
656,BFS,1.2101936340332031,56,[0 1 1 1 1 1 1 1 1 1;1 1 0 0 3 0 0 0 0 1;1 0 0 2 2 0 2 3 0 1;1 0 2 5 1 1 0 0 1 1;1 3 1 1 1 1 1 1 1 0;1 0 1 1 0 0 0 0 0 0;1 3 0 1 0 0 0 0 0 0;1 0 0 1 0 0 0 0 0 0;1 0 1 1 0 0 0 0 0 0;1 1 1 0 0 0 0 0 0 0]
657,A*,20.60892915725708,69,[1 1 1 1 1 1 1 1 1 1;1 0 0 0 3 0 3 0 0 1;1 1 0 2 0 0 2 2 0 1;0 1 0 0 1 1 1 0 3 1;0 1 0 0 0 1 1 0 3 1;0 1 1 2 0 1 1 0 0 1;0 1 1 5 1 1 1 1 0 1;0 1 0 1 1 1 0 1 0 1;0 1 0 0 0 0 0 0 0 1;0 1 1 1 1 1 1 1 1 1]
657,DFS,6.208930492401123,283,[1 1 1 1 1 1 1 1 1 1;1 0 0 0 3 0 3 0 0 1;1 1 0 2 0 0 2 2 0 1;0 1 0 0 1 1 1 0 3 1;0 1 0 0 0 1 1 0 3 1;0 1 1 2 0 1 1 0 0 1;0 1 1 5 1 1 1 1 0 1;0 1 0 1 1 1 0 1 0 1;0 1 0 0 0 0 0 0 0 1;0 1 1 1 1 1 1 1 1 1]
657,BFS,31.85070776939392,69,[1 1 1 1 1 1 1 1 1 1;1 0 0 0 3 0 3 0 0 1;1 1 0 2 0 0 2 2 0 1;0 1 0 0 1 1 1 0 3 1;0 1 0 0 0 1 1 0 3 1;0 1 1 2 0 1 1 0 0 1;0 1 1 5 1 1 1 1 0 1;0 1 0 1 1 1 0 1 0 1;0 1 0 0 0 0 0 0 0 1;0 1 1 1 1 1 1 1 1 1]
658,A*,4.802127122879028,58,[0 0 0 0 0 0 0 0 0 0;1 1 1 1 1 0 0 0 0 0;1 3 0 0 1 0 0 0 0 0;1 0 1 0 1 1 1 1 1 0;1 0 1 0 0 1 3 0 1 1;1 0 2 2 3 0 0 2 5 1;1 0 3 0 0 0 2 0 1 1;1 0 1 1 1 1 1 1 1 0;1 0 0 1 0 0 0 0 0 0;1 1 1 1 0 0 0 0 0 0]
658,DFS,1.5692930221557617,484,[0 0 0 0 0 0 0 0 0 0;1 1 1 1 1 0 0 0 0 0;1 3 0 0 1 0 0 0 0 0;1 0 1 0 1 1 1 1 1 0;1 0 1 0 0 1 3 0 1 1;1 0 2 2 3 0 0 2 5 1;1 0 3 0 0 0 2 0 1 1;1 0 1 1 1 1 1 1 1 0;1 0 0 1 0 0 0 0 0 0;1 1 1 1 0 0 0 0 0 0]
658,BFS,3.2693419456481934,58,[0 0 0 0 0 0 0 0 0 0;1 1 1 1 1 0 0 0 0 0;1 3 0 0 1 0 0 0 0 0;1 0 1 0 1 1 1 1 1 0;1 0 1 0 0 1 3 0 1 1;1 0 2 2 3 0 0 2 5 1;1 0 3 0 0 0 2 0 1 1;1 0 1 1 1 1 1 1 1 0;1 0 0 1 0 0 0 0 0 0;1 1 1 1 0 0 0 0 0 0]
659,A*,5.064861297607422,37,[1 1 1 1 0 0 0 0 0 0;1 0 3 1 0 0 0 0 0 0;1 0 0 1 0 0 1 1 1 1;1 0 0 1 1 0 1 0 0 1;1 0 2 0 1 1 1 1 0 1;1 0 0 0 0 3 0 0 0 1;1 1 1 1 0 2 3 3 0 1;0 0 0 1 2 2 0 0 0 1;0 0 0 1 0 0 5 0 0 1;0 0 0 1 1 1 1 1 1 1]
659,DFS,7.875095844268799,1239,[1 1 1 1 0 0 0 0 0 0;1 0 3 1 0 0 0 0 0 0;1 0 0 1 0 0 1 1 1 1;1 0 0 1 1 0 1 0 0 1;1 0 2 0 1 1 1 1 0 1;1 0 0 0 0 3 0 0 0 1;1 1 1 1 0 2 3 3 0 1;0 0 0 1 2 2 0 0 0 1;0 0 0 1 0 0 5 0 0 1;0 0 0 1 1 1 1 1 1 1]
659,BFS,15.31806755065918,37,[1 1 1 1 0 0 0 0 0 0;1 0 3 1 0 0 0 0 0 0;1 0 0 1 0 0 1 1 1 1;1 0 0 1 1 0 1 0 0 1;1 0 2 0 1 1 1 1 0 1;1 0 0 0 0 3 0 0 0 1;1 1 1 1 0 2 3 3 0 1;0 0 0 1 2 2 0 0 0 1;0 0 0 1 0 0 5 0 0 1;0 0 0 1 1 1 1 1 1 1]
660,A*,14.683358669281006,82,[0 0 1 1 1 1 1 1 0 0;0 0 1 0 5 0 0 1 0 0;0 0 1 1 2 2 0 1 0 0;0 0 1 1 0 0 0 1 0 0;1 1 1 0 3 1 1 1 0 0;1 0 0 2 0 0 1 0 0 0;1 0 2 0 0 1 1 0 0 0;1 1 0 1 0 0 1 1 1 1;1 0 3 3 0 0 0 0 3 1;1 1 1 1 1 1 1 1 1 1]
660,DFS,2.8466761112213135,354,[0 0 1 1 1 1 1 1 0 0;0 0 1 0 5 0 0 1 0 0;0 0 1 1 2 2 0 1 0 0;0 0 1 1 0 0 0 1 0 0;1 1 1 0 3 1 1 1 0 0;1 0 0 2 0 0 1 0 0 0;1 0 2 0 0 1 1 0 0 0;1 1 0 1 0 0 1 1 1 1;1 0 3 3 0 0 0 0 3 1;1 1 1 1 1 1 1 1 1 1]
660,BFS,10.974281549453735,82,[0 0 1 1 1 1 1 1 0 0;0 0 1 0 5 0 0 1 0 0;0 0 1 1 2 2 0 1 0 0;0 0 1 1 0 0 0 1 0 0;1 1 1 0 3 1 1 1 0 0;1 0 0 2 0 0 1 0 0 0;1 0 2 0 0 1 1 0 0 0;1 1 0 1 0 0 1 1 1 1;1 0 3 3 0 0 0 0 3 1;1 1 1 1 1 1 1 1 1 1]
661,A*,4.233617305755615,69,[1 1 1 1 1 1 1 1 0 0;1 0 0 1 0 0 0 1 1 1;1 0 3 0 3 0 0 3 0 1;1 0 0 1 0 2 0 0 0 1;1 1 0 0 1 1 1 0 0 1;1 0 2 1 1 1 0 0 1 1;1 0 0 0 1 1 1 0 1 1;1 1 2 0 1 1 0 0 0 1;1 5 2 0 3 1 0 0 0 1;1 1 1 1 1 1 1 1 1 1]
661,DFS,1.5528676509857178,325,[1 1 1 1 1 1 1 1 0 0;1 0 0 1 0 0 0 1 1 1;1 0 3 0 3 0 0 3 0 1;1 0 0 1 0 2 0 0 0 1;1 1 0 0 1 1 1 0 0 1;1 0 2 1 1 1 0 0 1 1;1 0 0 0 1 1 1 0 1 1;1 1 2 0 1 1 0 0 0 1;1 5 2 0 3 1 0 0 0 1;1 1 1 1 1 1 1 1 1 1]
661,BFS,3.2363409996032715,69,[1 1 1 1 1 1 1 1 0 0;1 0 0 1 0 0 0 1 1 1;1 0 3 0 3 0 0 3 0 1;1 0 0 1 0 2 0 0 0 1;1 1 0 0 1 1 1 0 0 1;1 0 2 1 1 1 0 0 1 1;1 0 0 0 1 1 1 0 1 1;1 1 2 0 1 1 0 0 0 1;1 5 2 0 3 1 0 0 0 1;1 1 1 1 1 1 1 1 1 1]
662,A*,230.36333990097046,81,[0 0 0 0 1 1 1 1 1 1;0 0 0 0 1 0 0 0 5 1;1 1 1 1 1 0 3 2 0 1;1 0 0 0 3 0 0 1 0 1;1 0 0 0 1 3 1 0 0 1;1 0 0 1 1 1 1 0 0 1;1 0 0 1 1 1 1 2 0 1;1 0 2 0 0 0 0 2 0 1;1 0 3 0 0 0 0 0 0 1;1 1 1 1 1 1 1 1 1 1]
662,DFS,59.41823768615723,4784,[0 0 0 0 1 1 1 1 1 1;0 0 0 0 1 0 0 0 5 1;1 1 1 1 1 0 3 2 0 1;1 0 0 0 3 0 0 1 0 1;1 0 0 0 1 3 1 0 0 1;1 0 0 1 1 1 1 0 0 1;1 0 0 1 1 1 1 2 0 1;1 0 2 0 0 0 0 2 0 1;1 0 3 0 0 0 0 0 0 1;1 1 1 1 1 1 1 1 1 1]
662,BFS,5892.103100538254,81,[0 0 0 0 1 1 1 1 1 1;0 0 0 0 1 0 0 0 5 1;1 1 1 1 1 0 3 2 0 1;1 0 0 0 3 0 0 1 0 1;1 0 0 0 1 3 1 0 0 1;1 0 0 1 1 1 1 0 0 1;1 0 0 1 1 1 1 2 0 1;1 0 2 0 0 0 0 2 0 1;1 0 3 0 0 0 0 0 0 1;1 1 1 1 1 1 1 1 1 1]
663,A*,8.883599281311035,54,[0 1 1 1 1 1 0 0 0 0;1 1 0 3 0 1 1 0 0 0;1 3 0 3 0 0 1 0 0 0;1 0 2 0 0 1 1 0 0 0;1 0 1 0 2 0 1 0 0 0;1 0 1 0 3 0 1 1 1 1;1 1 1 2 0 1 1 0 0 1;0 0 1 0 2 0 1 1 0 1;0 0 1 1 5 0 0 0 0 1;0 0 0 1 1 1 1 1 1 1]
663,DFS,2.721172332763672,274,[0 1 1 1 1 1 0 0 0 0;1 1 0 3 0 1 1 0 0 0;1 3 0 3 0 0 1 0 0 0;1 0 2 0 0 1 1 0 0 0;1 0 1 0 2 0 1 0 0 0;1 0 1 0 3 0 1 1 1 1;1 1 1 2 0 1 1 0 0 1;0 0 1 0 2 0 1 1 0 1;0 0 1 1 5 0 0 0 0 1;0 0 0 1 1 1 1 1 1 1]
663,BFS,7.729570150375366,54,[0 1 1 1 1 1 0 0 0 0;1 1 0 3 0 1 1 0 0 0;1 3 0 3 0 0 1 0 0 0;1 0 2 0 0 1 1 0 0 0;1 0 1 0 2 0 1 0 0 0;1 0 1 0 3 0 1 1 1 1;1 1 1 2 0 1 1 0 0 1;0 0 1 0 2 0 1 1 0 1;0 0 1 1 5 0 0 0 0 1;0 0 0 1 1 1 1 1 1 1]
664,A*,3.8019449710845947,45,[0 0 0 0 0 0 0 0 0 0;0 0 0 0 0 0 0 0 0 0;1 1 1 1 0 1 1 1 0 0;1 0 0 1 1 1 0 1 1 1;1 0 0 0 0 3 0 5 0 1;1 3 0 1 0 0 2 2 0 1;1 0 0 1 1 1 0 0 1 1;1 0 1 1 1 1 3 2 0 1;1 0 2 0 0 3 0 0 0 1;1 1 1 1 1 1 1 1 1 1]
664,DFS,4.451379060745239,939,[0 0 0 0 0 0 0 0 0 0;0 0 0 0 0 0 0 0 0 0;1 1 1 1 0 1 1 1 0 0;1 0 0 1 1 1 0 1 1 1;1 0 0 0 0 3 0 5 0 1;1 3 0 1 0 0 2 2 0 1;1 0 0 1 1 1 0 0 1 1;1 0 1 1 1 1 3 2 0 1;1 0 2 0 0 3 0 0 0 1;1 1 1 1 1 1 1 1 1 1]
664,BFS,6.663073539733887,45,[0 0 0 0 0 0 0 0 0 0;0 0 0 0 0 0 0 0 0 0;1 1 1 1 0 1 1 1 0 0;1 0 0 1 1 1 0 1 1 1;1 0 0 0 0 3 0 5 0 1;1 3 0 1 0 0 2 2 0 1;1 0 0 1 1 1 0 0 1 1;1 0 1 1 1 1 3 2 0 1;1 0 2 0 0 3 0 0 0 1;1 1 1 1 1 1 1 1 1 1]
665,A*,16.49010157585144,60,[0 0 1 1 1 1 1 1 1 1;0 0 1 0 0 0 0 0 0 1;0 0 1 0 0 0 2 0 0 1;0 0 1 1 0 1 2 2 3 1;0 0 1 1 0 1 0 0 0 1;0 0 1 0 0 1 1 0 1 1;0 0 1 1 0 0 0 1 1 0;0 0 1 1 0 2 0 1 1 1;0 0 1 3 3 3 5 0 0 1;0 0 1 1 1 1 1 1 1 1]
665,DFS,7.241922616958618,248,[0 0 1 1 1 1 1 1 1 1;0 0 1 0 0 0 0 0 0 1;0 0 1 0 0 0 2 0 0 1;0 0 1 1 0 1 2 2 3 1;0 0 1 1 0 1 0 0 0 1;0 0 1 0 0 1 1 0 1 1;0 0 1 1 0 0 0 1 1 0;0 0 1 1 0 2 0 1 1 1;0 0 1 3 3 3 5 0 0 1;0 0 1 1 1 1 1 1 1 1]
665,BFS,36.49683928489685,60,[0 0 1 1 1 1 1 1 1 1;0 0 1 0 0 0 0 0 0 1;0 0 1 0 0 0 2 0 0 1;0 0 1 1 0 1 2 2 3 1;0 0 1 1 0 1 0 0 0 1;0 0 1 0 0 1 1 0 1 1;0 0 1 1 0 0 0 1 1 0;0 0 1 1 0 2 0 1 1 1;0 0 1 3 3 3 5 0 0 1;0 0 1 1 1 1 1 1 1 1]
666,A*,0.6606125831604004,39,[0 0 0 0 0 0 0 0 0 0;0 0 0 1 1 1 1 1 0 0;0 0 0 1 0 0 0 1 0 0;0 0 0 1 1 0 2 1 0 0;0 0 0 1 0 3 3 1 0 0;0 1 1 1 1 3 1 1 0 0;0 1 3 0 0 2 0 1 0 0;0 1 0 2 0 2 0 1 1 0;0 1 1 0 5 0 0 0 1 0;0 0 1 1 1 1 1 1 1 0]
666,DFS,0.09580755233764648,81,[0 0 0 0 0 0 0 0 0 0;0 0 0 1 1 1 1 1 0 0;0 0 0 1 0 0 0 1 0 0;0 0 0 1 1 0 2 1 0 0;0 0 0 1 0 3 3 1 0 0;0 1 1 1 1 3 1 1 0 0;0 1 3 0 0 2 0 1 0 0;0 1 0 2 0 2 0 1 1 0;0 1 1 0 5 0 0 0 1 0;0 0 1 1 1 1 1 1 1 0]
666,BFS,0.31247758865356445,39,[0 0 0 0 0 0 0 0 0 0;0 0 0 1 1 1 1 1 0 0;0 0 0 1 0 0 0 1 0 0;0 0 0 1 1 0 2 1 0 0;0 0 0 1 0 3 3 1 0 0;0 1 1 1 1 3 1 1 0 0;0 1 3 0 0 2 0 1 0 0;0 1 0 2 0 2 0 1 1 0;0 1 1 0 5 0 0 0 1 0;0 0 1 1 1 1 1 1 1 0]
667,A*,2.965317487716675,55,[0 0 0 0 0 0 0 0 0 0;0 0 0 0 0 0 0 0 0 0;0 0 0 0 1 1 1 0 0 0;0 0 0 0 1 0 1 0 0 0;0 0 0 1 1 0 1 1 0 0;1 1 1 1 0 0 0 1 0 0;1 0 2 3 3 0 1 1 0 0;1 0 2 0 2 3 0 1 1 0;1 0 3 0 0 0 2 5 1 0;1 1 1 1 1 1 1 1 1 0]
667,DFS,0.936171293258667,190,[0 0 0 0 0 0 0 0 0 0;0 0 0 0 0 0 0 0 0 0;0 0 0 0 1 1 1 0 0 0;0 0 0 0 1 0 1 0 0 0;0 0 0 1 1 0 1 1 0 0;1 1 1 1 0 0 0 1 0 0;1 0 2 3 3 0 1 1 0 0;1 0 2 0 2 3 0 1 1 0;1 0 3 0 0 0 2 5 1 0;1 1 1 1 1 1 1 1 1 0]
667,BFS,1.670037031173706,55,[0 0 0 0 0 0 0 0 0 0;0 0 0 0 0 0 0 0 0 0;0 0 0 0 1 1 1 0 0 0;0 0 0 0 1 0 1 0 0 0;0 0 0 1 1 0 1 1 0 0;1 1 1 1 0 0 0 1 0 0;1 0 2 3 3 0 1 1 0 0;1 0 2 0 2 3 0 1 1 0;1 0 3 0 0 0 2 5 1 0;1 1 1 1 1 1 1 1 1 0]
668,A*,0.1621401309967041,22,[0 0 0 0 0 0 0 0 0 0;0 0 0 0 0 0 0 0 0 0;0 0 0 0 0 0 0 0 0 0;0 0 1 1 1 0 0 0 0 0;0 0 1 0 1 1 0 0 0 0;1 1 1 0 0 1 1 1 1 1;1 0 0 2 3 0 0 0 0 1;1 1 0 2 3 0 2 3 0 1;1 5 2 0 3 1 1 0 0 1;1 1 1 1 1 1 1 1 1 1]
668,DFS,0.24379515647888184,24,[0 0 0 0 0 0 0 0 0 0;0 0 0 0 0 0 0 0 0 0;0 0 0 0 0 0 0 0 0 0;0 0 1 1 1 0 0 0 0 0;0 0 1 0 1 1 0 0 0 0;1 1 1 0 0 1 1 1 1 1;1 0 0 2 3 0 0 0 0 1;1 1 0 2 3 0 2 3 0 1;1 5 2 0 3 1 1 0 0 1;1 1 1 1 1 1 1 1 1 1]
668,BFS,0.18662619590759277,22,[0 0 0 0 0 0 0 0 0 0;0 0 0 0 0 0 0 0 0 0;0 0 0 0 0 0 0 0 0 0;0 0 1 1 1 0 0 0 0 0;0 0 1 0 1 1 0 0 0 0;1 1 1 0 0 1 1 1 1 1;1 0 0 2 3 0 0 0 0 1;1 1 0 2 3 0 2 3 0 1;1 5 2 0 3 1 1 0 0 1;1 1 1 1 1 1 1 1 1 1]
669,A*,6.567013740539551,59,[1 1 1 0 0 0 0 0 0 0;1 5 1 0 0 0 0 0 0 0;1 0 1 1 0 0 1 1 1 1;1 0 0 1 1 1 1 0 0 1;1 0 0 0 0 0 1 2 0 1;1 0 2 2 3 2 1 0 0 1;1 0 1 0 0 0 0 0 0 1;1 1 1 3 0 1 0 1 1 1;0 0 1 3 0 0 0 3 1 0;0 0 1 1 1 1 1 1 1 0]
669,DFS,4.267228841781616,172,[1 1 1 0 0 0 0 0 0 0;1 5 1 0 0 0 0 0 0 0;1 0 1 1 0 0 1 1 1 1;1 0 0 1 1 1 1 0 0 1;1 0 0 0 0 0 1 2 0 1;1 0 2 2 3 2 1 0 0 1;1 0 1 0 0 0 0 0 0 1;1 1 1 3 0 1 0 1 1 1;0 0 1 3 0 0 0 3 1 0;0 0 1 1 1 1 1 1 1 0]
669,BFS,13.936984539031982,59,[1 1 1 0 0 0 0 0 0 0;1 5 1 0 0 0 0 0 0 0;1 0 1 1 0 0 1 1 1 1;1 0 0 1 1 1 1 0 0 1;1 0 0 0 0 0 1 2 0 1;1 0 2 2 3 2 1 0 0 1;1 0 1 0 0 0 0 0 0 1;1 1 1 3 0 1 0 1 1 1;0 0 1 3 0 0 0 3 1 0;0 0 1 1 1 1 1 1 1 0]
670,A*,1.0359761714935303,54,[0 0 0 0 1 1 1 1 0 0;0 0 0 1 1 0 3 1 1 0;0 0 0 1 0 0 0 3 1 0;0 0 0 1 0 2 0 0 1 0;0 0 0 1 1 2 0 1 1 0;0 0 0 0 1 0 2 1 0 0;1 1 1 1 1 0 0 1 1 0;1 0 0 0 1 3 2 0 1 0;1 0 0 0 3 0 5 1 1 0;1 1 1 1 1 1 1 1 0 0]
670,DFS,0.5561563968658447,181,[0 0 0 0 1 1 1 1 0 0;0 0 0 1 1 0 3 1 1 0;0 0 0 1 0 0 0 3 1 0;0 0 0 1 0 2 0 0 1 0;0 0 0 1 1 2 0 1 1 0;0 0 0 0 1 0 2 1 0 0;1 1 1 1 1 0 0 1 1 0;1 0 0 0 1 3 2 0 1 0;1 0 0 0 3 0 5 1 1 0;1 1 1 1 1 1 1 1 0 0]
670,BFS,0.6069421768188477,54,[0 0 0 0 1 1 1 1 0 0;0 0 0 1 1 0 3 1 1 0;0 0 0 1 0 0 0 3 1 0;0 0 0 1 0 2 0 0 1 0;0 0 0 1 1 2 0 1 1 0;0 0 0 0 1 0 2 1 0 0;1 1 1 1 1 0 0 1 1 0;1 0 0 0 1 3 2 0 1 0;1 0 0 0 3 0 5 1 1 0;1 1 1 1 1 1 1 1 0 0]
671,A*,3.9613709449768066,44,[0 1 1 1 1 1 1 1 1 1;0 1 0 0 0 0 1 1 0 1;0 1 0 2 0 0 0 2 0 1;0 1 1 1 1 0 2 3 0 1;0 0 0 1 1 3 2 0 0 1;0 0 1 1 3 0 3 0 1 1;1 1 1 0 1 0 1 1 1 0;1 0 0 5 0 0 0 1 0 0;1 1 1 0 1 0 0 1 0 0;0 0 1 1 1 1 1 1 0 0]
671,DFS,1.9047434329986572,447,[0 1 1 1 1 1 1 1 1 1;0 1 0 0 0 0 1 1 0 1;0 1 0 2 0 0 0 2 0 1;0 1 1 1 1 0 2 3 0 1;0 0 0 1 1 3 2 0 0 1;0 0 1 1 3 0 3 0 1 1;1 1 1 0 1 0 1 1 1 0;1 0 0 5 0 0 0 1 0 0;1 1 1 0 1 0 0 1 0 0;0 0 1 1 1 1 1 1 0 0]
671,BFS,4.018822431564331,44,[0 1 1 1 1 1 1 1 1 1;0 1 0 0 0 0 1 1 0 1;0 1 0 2 0 0 0 2 0 1;0 1 1 1 1 0 2 3 0 1;0 0 0 1 1 3 2 0 0 1;0 0 1 1 3 0 3 0 1 1;1 1 1 0 1 0 1 1 1 0;1 0 0 5 0 0 0 1 0 0;1 1 1 0 1 0 0 1 0 0;0 0 1 1 1 1 1 1 0 0]
672,A*,3.2076046466827393,48,[0 0 0 0 0 0 0 0 0 0;0 0 0 0 0 0 0 0 0 0;0 0 0 0 0 1 1 1 0 0;1 1 1 1 1 1 3 1 1 1;1 0 0 0 0 0 0 0 5 1;1 0 2 3 3 2 0 2 0 1;1 0 2 1 1 1 1 1 0 1;1 0 0 3 1 0 1 0 0 1;1 0 0 0 0 0 0 0 0 1;1 1 1 1 1 1 1 1 1 1]
672,DFS,8.640398263931274,152,[0 0 0 0 0 0 0 0 0 0;0 0 0 0 0 0 0 0 0 0;0 0 0 0 0 1 1 1 0 0;1 1 1 1 1 1 3 1 1 1;1 0 0 0 0 0 0 0 5 1;1 0 2 3 3 2 0 2 0 1;1 0 2 1 1 1 1 1 0 1;1 0 0 3 1 0 1 0 0 1;1 0 0 0 0 0 0 0 0 1;1 1 1 1 1 1 1 1 1 1]
672,BFS,8.408860206604004,48,[0 0 0 0 0 0 0 0 0 0;0 0 0 0 0 0 0 0 0 0;0 0 0 0 0 1 1 1 0 0;1 1 1 1 1 1 3 1 1 1;1 0 0 0 0 0 0 0 5 1;1 0 2 3 3 2 0 2 0 1;1 0 2 1 1 1 1 1 0 1;1 0 0 3 1 0 1 0 0 1;1 0 0 0 0 0 0 0 0 1;1 1 1 1 1 1 1 1 1 1]
673,A*,11.485032558441162,82,[1 1 1 1 1 1 0 0 0 0;1 0 0 0 0 1 0 0 0 0;1 3 0 3 2 1 1 1 0 0;1 5 0 0 3 0 0 1 0 0;1 0 1 0 3 2 0 1 0 0;1 1 1 1 1 2 0 1 1 0;0 0 0 0 1 0 0 0 1 0;0 0 0 0 1 2 0 1 1 0;0 0 0 0 1 0 0 1 0 0;0 0 0 0 1 1 1 1 0 0]
673,DFS,4.116950273513794,526,[1 1 1 1 1 1 0 0 0 0;1 0 0 0 0 1 0 0 0 0;1 3 0 3 2 1 1 1 0 0;1 5 0 0 3 0 0 1 0 0;1 0 1 0 3 2 0 1 0 0;1 1 1 1 1 2 0 1 1 0;0 0 0 0 1 0 0 0 1 0;0 0 0 0 1 2 0 1 1 0;0 0 0 0 1 0 0 1 0 0;0 0 0 0 1 1 1 1 0 0]
673,BFS,9.44435453414917,82,[1 1 1 1 1 1 0 0 0 0;1 0 0 0 0 1 0 0 0 0;1 3 0 3 2 1 1 1 0 0;1 5 0 0 3 0 0 1 0 0;1 0 1 0 3 2 0 1 0 0;1 1 1 1 1 2 0 1 1 0;0 0 0 0 1 0 0 0 1 0;0 0 0 0 1 2 0 1 1 0;0 0 0 0 1 0 0 1 0 0;0 0 0 0 1 1 1 1 0 0]
674,A*,9.063735008239746,44,[1 1 1 1 1 1 1 1 1 1;1 0 0 0 0 0 0 0 0 1;1 0 2 0 2 2 3 3 0 1;1 0 5 0 0 0 1 0 3 1;1 0 2 1 1 1 1 1 1 1;1 0 3 1 0 0 0 0 0 0;1 1 1 1 0 0 0 0 0 0;0 0 0 0 0 0 0 0 0 0;0 0 0 0 0 0 0 0 0 0;0 0 0 0 0 0 0 0 0 0]
674,DFS,3.4639649391174316,512,[1 1 1 1 1 1 1 1 1 1;1 0 0 0 0 0 0 0 0 1;1 0 2 0 2 2 3 3 0 1;1 0 5 0 0 0 1 0 3 1;1 0 2 1 1 1 1 1 1 1;1 0 3 1 0 0 0 0 0 0;1 1 1 1 0 0 0 0 0 0;0 0 0 0 0 0 0 0 0 0;0 0 0 0 0 0 0 0 0 0;0 0 0 0 0 0 0 0 0 0]
674,BFS,9.783929824829102,44,[1 1 1 1 1 1 1 1 1 1;1 0 0 0 0 0 0 0 0 1;1 0 2 0 2 2 3 3 0 1;1 0 5 0 0 0 1 0 3 1;1 0 2 1 1 1 1 1 1 1;1 0 3 1 0 0 0 0 0 0;1 1 1 1 0 0 0 0 0 0;0 0 0 0 0 0 0 0 0 0;0 0 0 0 0 0 0 0 0 0;0 0 0 0 0 0 0 0 0 0]
675,A*,6.009486675262451,55,[1 1 1 1 1 1 0 0 0 0;1 0 0 0 5 1 0 0 0 0;1 0 2 3 1 1 0 0 0 0;1 1 0 0 1 0 0 0 0 0;0 1 2 1 1 1 0 0 0 0;1 1 0 1 0 1 0 0 0 0;1 0 0 2 0 1 1 1 1 1;1 0 0 2 0 1 0 1 0 1;1 0 3 0 3 3 0 0 0 1;1 1 1 1 1 1 1 1 1 1]
675,DFS,2.787724733352661,155,[1 1 1 1 1 1 0 0 0 0;1 0 0 0 5 1 0 0 0 0;1 0 2 3 1 1 0 0 0 0;1 1 0 0 1 0 0 0 0 0;0 1 2 1 1 1 0 0 0 0;1 1 0 1 0 1 0 0 0 0;1 0 0 2 0 1 1 1 1 1;1 0 0 2 0 1 0 1 0 1;1 0 3 0 3 3 0 0 0 1;1 1 1 1 1 1 1 1 1 1]
675,BFS,5.087798833847046,55,[1 1 1 1 1 1 0 0 0 0;1 0 0 0 5 1 0 0 0 0;1 0 2 3 1 1 0 0 0 0;1 1 0 0 1 0 0 0 0 0;0 1 2 1 1 1 0 0 0 0;1 1 0 1 0 1 0 0 0 0;1 0 0 2 0 1 1 1 1 1;1 0 0 2 0 1 0 1 0 1;1 0 3 0 3 3 0 0 0 1;1 1 1 1 1 1 1 1 1 1]
676,A*,2.598330497741699,40,[0 0 0 1 1 1 0 0 0 0;0 0 1 1 5 1 0 0 0 0;0 0 1 0 2 1 0 0 0 0;0 0 1 0 0 1 0 0 0 0;0 0 1 1 0 1 1 0 0 0;1 1 1 1 0 0 1 1 1 1;1 0 1 1 0 2 1 0 0 1;1 0 2 3 3 3 0 2 0 1;1 0 0 0 0 0 0 0 3 1;1 1 1 1 1 1 1 1 1 1]
676,DFS,2.183763027191162,132,[0 0 0 1 1 1 0 0 0 0;0 0 1 1 5 1 0 0 0 0;0 0 1 0 2 1 0 0 0 0;0 0 1 0 0 1 0 0 0 0;0 0 1 1 0 1 1 0 0 0;1 1 1 1 0 0 1 1 1 1;1 0 1 1 0 2 1 0 0 1;1 0 2 3 3 3 0 2 0 1;1 0 0 0 0 0 0 0 3 1;1 1 1 1 1 1 1 1 1 1]
676,BFS,3.9325554370880127,40,[0 0 0 1 1 1 0 0 0 0;0 0 1 1 5 1 0 0 0 0;0 0 1 0 2 1 0 0 0 0;0 0 1 0 0 1 0 0 0 0;0 0 1 1 0 1 1 0 0 0;1 1 1 1 0 0 1 1 1 1;1 0 1 1 0 2 1 0 0 1;1 0 2 3 3 3 0 2 0 1;1 0 0 0 0 0 0 0 3 1;1 1 1 1 1 1 1 1 1 1]
677,A*,0.8007752895355225,36,[0 0 0 0 0 0 0 0 0 0;0 0 0 0 0 0 0 0 0 0;0 0 0 0 0 0 0 0 0 0;0 0 0 0 0 0 0 1 1 1;1 1 1 1 0 0 0 1 0 1;1 0 0 1 0 1 1 1 0 1;1 0 2 1 1 1 0 1 0 1;1 3 0 0 2 0 3 2 0 1;1 0 3 3 0 0 0 2 5 1;1 1 1 1 1 1 1 1 1 1]
677,DFS,0.9765791893005371,42,[0 0 0 0 0 0 0 0 0 0;0 0 0 0 0 0 0 0 0 0;0 0 0 0 0 0 0 0 0 0;0 0 0 0 0 0 0 1 1 1;1 1 1 1 0 0 0 1 0 1;1 0 0 1 0 1 1 1 0 1;1 0 2 1 1 1 0 1 0 1;1 3 0 0 2 0 3 2 0 1;1 0 3 3 0 0 0 2 5 1;1 1 1 1 1 1 1 1 1 1]
677,BFS,0.6423585414886475,36,[0 0 0 0 0 0 0 0 0 0;0 0 0 0 0 0 0 0 0 0;0 0 0 0 0 0 0 0 0 0;0 0 0 0 0 0 0 1 1 1;1 1 1 1 0 0 0 1 0 1;1 0 0 1 0 1 1 1 0 1;1 0 2 1 1 1 0 1 0 1;1 3 0 0 2 0 3 2 0 1;1 0 3 3 0 0 0 2 5 1;1 1 1 1 1 1 1 1 1 1]
678,A*,40.5965621471405,84,[0 0 0 1 1 1 1 1 1 0;0 0 0 1 0 0 3 0 1 0;0 0 0 1 0 2 0 0 1 0;0 1 1 1 1 1 5 1 1 0;0 1 0 0 1 1 0 1 0 0;1 1 0 3 0 0 0 1 0 0;1 0 0 0 1 2 3 1 1 0;1 0 2 3 1 0 2 0 1 0;1 0 0 0 0 0 0 0 1 0;1 1 1 1 1 1 1 1 1 0]
678,DFS,11.14699912071228,916,[0 0 0 1 1 1 1 1 1 0;0 0 0 1 0 0 3 0 1 0;0 0 0 1 0 2 0 0 1 0;0 1 1 1 1 1 5 1 1 0;0 1 0 0 1 1 0 1 0 0;1 1 0 3 0 0 0 1 0 0;1 0 0 0 1 2 3 1 1 0;1 0 2 3 1 0 2 0 1 0;1 0 0 0 0 0 0 0 1 0;1 1 1 1 1 1 1 1 1 0]
678,BFS,57.780285358428955,84,[0 0 0 1 1 1 1 1 1 0;0 0 0 1 0 0 3 0 1 0;0 0 0 1 0 2 0 0 1 0;0 1 1 1 1 1 5 1 1 0;0 1 0 0 1 1 0 1 0 0;1 1 0 3 0 0 0 1 0 0;1 0 0 0 1 2 3 1 1 0;1 0 2 3 1 0 2 0 1 0;1 0 0 0 0 0 0 0 1 0;1 1 1 1 1 1 1 1 1 0]
679,A*,2.4715068340301514,44,[0 0 0 0 1 1 1 1 1 0;0 0 0 0 1 0 0 0 1 0;0 0 0 0 1 3 2 0 1 0;0 0 1 1 1 2 0 3 1 1;0 0 1 0 0 0 3 2 0 1;0 0 1 1 0 0 3 0 1 1;0 0 0 1 1 1 2 0 1 0;0 0 0 0 0 1 5 1 1 0;0 0 0 0 0 1 1 1 0 0;0 0 0 0 0 0 0 0 0 0]
679,DFS,0.7221002578735352,58,[0 0 0 0 1 1 1 1 1 0;0 0 0 0 1 0 0 0 1 0;0 0 0 0 1 3 2 0 1 0;0 0 1 1 1 2 0 3 1 1;0 0 1 0 0 0 3 2 0 1;0 0 1 1 0 0 3 0 1 1;0 0 0 1 1 1 2 0 1 0;0 0 0 0 0 1 5 1 1 0;0 0 0 0 0 1 1 1 0 0;0 0 0 0 0 0 0 0 0 0]
679,BFS,1.3358240127563477,44,[0 0 0 0 1 1 1 1 1 0;0 0 0 0 1 0 0 0 1 0;0 0 0 0 1 3 2 0 1 0;0 0 1 1 1 2 0 3 1 1;0 0 1 0 0 0 3 2 0 1;0 0 1 1 0 0 3 0 1 1;0 0 0 1 1 1 2 0 1 0;0 0 0 0 0 1 5 1 1 0;0 0 0 0 0 1 1 1 0 0;0 0 0 0 0 0 0 0 0 0]
680,A*,0.37351036071777344,39,[1 1 1 1 1 1 1 0 0 0;1 3 0 3 0 0 1 0 0 0;1 0 2 0 3 0 1 1 0 0;1 0 2 3 1 0 0 1 0 0;1 2 0 1 1 0 1 1 0 0;1 0 2 0 0 0 1 1 0 0;1 1 5 1 0 0 0 1 0 0;0 1 1 1 1 0 1 1 0 0;0 0 0 0 1 1 1 0 0 0;0 0 0 0 0 0 0 0 0 0]
680,DFS,0.3007528781890869,293,[1 1 1 1 1 1 1 0 0 0;1 3 0 3 0 0 1 0 0 0;1 0 2 0 3 0 1 1 0 0;1 0 2 3 1 0 0 1 0 0;1 2 0 1 1 0 1 1 0 0;1 0 2 0 0 0 1 1 0 0;1 1 5 1 0 0 0 1 0 0;0 1 1 1 1 0 1 1 0 0;0 0 0 0 1 1 1 0 0 0;0 0 0 0 0 0 0 0 0 0]
680,BFS,0.335843563079834,39,[1 1 1 1 1 1 1 0 0 0;1 3 0 3 0 0 1 0 0 0;1 0 2 0 3 0 1 1 0 0;1 0 2 3 1 0 0 1 0 0;1 2 0 1 1 0 1 1 0 0;1 0 2 0 0 0 1 1 0 0;1 1 5 1 0 0 0 1 0 0;0 1 1 1 1 0 1 1 0 0;0 0 0 0 1 1 1 0 0 0;0 0 0 0 0 0 0 0 0 0]
681,A*,1.4424161911010742,50,[1 1 1 1 0 0 0 0 0 0;1 3 0 1 1 1 1 1 0 0;1 0 3 2 0 0 0 1 0 0;1 0 2 0 0 1 1 1 0 0;1 0 0 1 1 1 0 0 0 0;1 3 2 1 1 0 0 0 0 0;1 3 2 5 1 0 0 0 0 0;1 0 0 0 1 0 0 0 0 0;1 1 1 1 1 0 0 0 0 0;0 0 0 0 0 0 0 0 0 0]
681,DFS,0.32059359550476074,80,[1 1 1 1 0 0 0 0 0 0;1 3 0 1 1 1 1 1 0 0;1 0 3 2 0 0 0 1 0 0;1 0 2 0 0 1 1 1 0 0;1 0 0 1 1 1 0 0 0 0;1 3 2 1 1 0 0 0 0 0;1 3 2 5 1 0 0 0 0 0;1 0 0 0 1 0 0 0 0 0;1 1 1 1 1 0 0 0 0 0;0 0 0 0 0 0 0 0 0 0]
681,BFS,0.6373486518859863,50,[1 1 1 1 0 0 0 0 0 0;1 3 0 1 1 1 1 1 0 0;1 0 3 2 0 0 0 1 0 0;1 0 2 0 0 1 1 1 0 0;1 0 0 1 1 1 0 0 0 0;1 3 2 1 1 0 0 0 0 0;1 3 2 5 1 0 0 0 0 0;1 0 0 0 1 0 0 0 0 0;1 1 1 1 1 0 0 0 0 0;0 0 0 0 0 0 0 0 0 0]
682,A*,3.2420506477355957,81,[0 0 0 0 0 0 0 0 0 0;0 0 0 0 0 0 0 0 0 0;1 1 1 0 0 0 1 1 1 1;1 0 1 1 1 1 1 0 0 1;1 3 2 0 0 0 3 0 0 1;1 0 2 0 1 0 0 0 0 1;1 5 1 1 1 1 1 1 0 1;1 0 2 0 0 1 1 0 0 1;1 3 2 0 0 3 0 0 0 1;1 1 1 1 1 1 1 1 1 1]
682,DFS,1.1388120651245117,488,[0 0 0 0 0 0 0 0 0 0;0 0 0 0 0 0 0 0 0 0;1 1 1 0 0 0 1 1 1 1;1 0 1 1 1 1 1 0 0 1;1 3 2 0 0 0 3 0 0 1;1 0 2 0 1 0 0 0 0 1;1 5 1 1 1 1 1 1 0 1;1 0 2 0 0 1 1 0 0 1;1 3 2 0 0 3 0 0 0 1;1 1 1 1 1 1 1 1 1 1]
682,BFS,1.670776605606079,81,[0 0 0 0 0 0 0 0 0 0;0 0 0 0 0 0 0 0 0 0;1 1 1 0 0 0 1 1 1 1;1 0 1 1 1 1 1 0 0 1;1 3 2 0 0 0 3 0 0 1;1 0 2 0 1 0 0 0 0 1;1 5 1 1 1 1 1 1 0 1;1 0 2 0 0 1 1 0 0 1;1 3 2 0 0 3 0 0 0 1;1 1 1 1 1 1 1 1 1 1]
683,A*,3.912963628768921,62,[1 1 1 1 1 1 1 1 1 1;1 0 0 0 0 0 0 0 0 1;1 0 2 0 2 0 2 3 0 1;1 1 0 1 0 1 1 1 0 1;0 1 1 1 1 1 0 0 0 1;0 0 0 0 0 1 3 0 0 1;0 0 0 0 0 1 1 0 0 1;0 0 0 0 0 1 0 2 3 1;0 0 0 0 0 1 5 0 3 1;0 0 0 0 0 1 1 1 1 1]
683,DFS,1.2884235382080078,352,[1 1 1 1 1 1 1 1 1 1;1 0 0 0 0 0 0 0 0 1;1 0 2 0 2 0 2 3 0 1;1 1 0 1 0 1 1 1 0 1;0 1 1 1 1 1 0 0 0 1;0 0 0 0 0 1 3 0 0 1;0 0 0 0 0 1 1 0 0 1;0 0 0 0 0 1 0 2 3 1;0 0 0 0 0 1 5 0 3 1;0 0 0 0 0 1 1 1 1 1]
683,BFS,2.579578161239624,62,[1 1 1 1 1 1 1 1 1 1;1 0 0 0 0 0 0 0 0 1;1 0 2 0 2 0 2 3 0 1;1 1 0 1 0 1 1 1 0 1;0 1 1 1 1 1 0 0 0 1;0 0 0 0 0 1 3 0 0 1;0 0 0 0 0 1 1 0 0 1;0 0 0 0 0 1 0 2 3 1;0 0 0 0 0 1 5 0 3 1;0 0 0 0 0 1 1 1 1 1]
684,A*,3.248422384262085,59,[1 1 1 1 1 1 0 0 0 0;1 0 0 0 0 1 0 0 0 0;1 0 2 2 0 1 0 0 0 0;1 0 0 5 1 1 0 0 0 0;1 0 0 0 1 0 0 0 0 0;1 0 1 1 1 1 0 0 0 0;1 0 1 1 3 1 1 1 1 0;1 3 3 0 2 0 2 0 1 0;1 3 0 0 0 0 0 0 1 0;1 1 1 1 1 1 1 1 1 0]
684,DFS,0.17752814292907715,373,[1 1 1 1 1 1 0 0 0 0;1 0 0 0 0 1 0 0 0 0;1 0 2 2 0 1 0 0 0 0;1 0 0 5 1 1 0 0 0 0;1 0 0 0 1 0 0 0 0 0;1 0 1 1 1 1 0 0 0 0;1 0 1 1 3 1 1 1 1 0;1 3 3 0 2 0 2 0 1 0;1 3 0 0 0 0 0 0 1 0;1 1 1 1 1 1 1 1 1 0]
684,BFS,2.6080658435821533,59,[1 1 1 1 1 1 0 0 0 0;1 0 0 0 0 1 0 0 0 0;1 0 2 2 0 1 0 0 0 0;1 0 0 5 1 1 0 0 0 0;1 0 0 0 1 0 0 0 0 0;1 0 1 1 1 1 0 0 0 0;1 0 1 1 3 1 1 1 1 0;1 3 3 0 2 0 2 0 1 0;1 3 0 0 0 0 0 0 1 0;1 1 1 1 1 1 1 1 1 0]
685,A*,4.729799509048462,47,[1 1 1 1 1 1 0 0 0 0;1 3 0 0 0 1 1 1 1 0;1 3 0 0 3 2 0 0 1 0;1 0 1 0 0 0 0 1 1 0;1 0 0 1 2 1 1 1 0 0;1 0 0 0 2 5 1 0 0 0;1 0 3 0 1 1 1 0 0 0;1 0 2 1 1 0 0 0 0 0;1 0 0 1 0 0 0 0 0 0;1 1 1 1 0 0 0 0 0 0]
685,DFS,3.023258686065674,575,[1 1 1 1 1 1 0 0 0 0;1 3 0 0 0 1 1 1 1 0;1 3 0 0 3 2 0 0 1 0;1 0 1 0 0 0 0 1 1 0;1 0 0 1 2 1 1 1 0 0;1 0 0 0 2 5 1 0 0 0;1 0 3 0 1 1 1 0 0 0;1 0 2 1 1 0 0 0 0 0;1 0 0 1 0 0 0 0 0 0;1 1 1 1 0 0 0 0 0 0]
685,BFS,7.603412628173828,47,[1 1 1 1 1 1 0 0 0 0;1 3 0 0 0 1 1 1 1 0;1 3 0 0 3 2 0 0 1 0;1 0 1 0 0 0 0 1 1 0;1 0 0 1 2 1 1 1 0 0;1 0 0 0 2 5 1 0 0 0;1 0 3 0 1 1 1 0 0 0;1 0 2 1 1 0 0 0 0 0;1 0 0 1 0 0 0 0 0 0;1 1 1 1 0 0 0 0 0 0]
686,A*,0.8307516574859619,31,[0 0 0 1 1 1 1 1 0 0;0 0 0 1 0 0 0 1 0 0;0 0 0 1 0 2 0 1 0 0;0 0 0 1 0 3 1 1 1 0;0 0 0 1 0 3 2 5 1 1;0 0 0 1 1 0 0 2 3 1;0 0 0 1 1 0 1 0 0 1;0 0 0 1 0 0 0 2 0 1;0 0 0 1 0 0 0 0 3 1;0 0 0 1 1 1 1 1 1 1]
686,DFS,3.5440776348114014,176,[0 0 0 1 1 1 1 1 0 0;0 0 0 1 0 0 0 1 0 0;0 0 0 1 0 2 0 1 0 0;0 0 0 1 0 3 1 1 1 0;0 0 0 1 0 3 2 5 1 1;0 0 0 1 1 0 0 2 3 1;0 0 0 1 1 0 1 0 0 1;0 0 0 1 0 0 0 2 0 1;0 0 0 1 0 0 0 0 3 1;0 0 0 1 1 1 1 1 1 1]
686,BFS,2.3306643962860107,31,[0 0 0 1 1 1 1 1 0 0;0 0 0 1 0 0 0 1 0 0;0 0 0 1 0 2 0 1 0 0;0 0 0 1 0 3 1 1 1 0;0 0 0 1 0 3 2 5 1 1;0 0 0 1 1 0 0 2 3 1;0 0 0 1 1 0 1 0 0 1;0 0 0 1 0 0 0 2 0 1;0 0 0 1 0 0 0 0 3 1;0 0 0 1 1 1 1 1 1 1]
687,A*,4.937659502029419,40,[0 0 0 0 0 0 0 1 1 1;0 0 0 1 1 1 1 1 0 1;0 0 0 1 5 0 1 1 0 1;0 0 0 1 0 2 0 0 0 1;0 0 0 1 1 0 2 0 0 1;0 0 0 1 0 0 1 3 3 1;0 0 0 1 0 2 2 0 0 1;0 0 0 1 0 3 0 0 3 1;0 0 0 1 1 1 1 1 1 1;0 0 0 0 0 0 0 0 0 0]
687,DFS,2.1328773498535156,185,[0 0 0 0 0 0 0 1 1 1;0 0 0 1 1 1 1 1 0 1;0 0 0 1 5 0 1 1 0 1;0 0 0 1 0 2 0 0 0 1;0 0 0 1 1 0 2 0 0 1;0 0 0 1 0 0 1 3 3 1;0 0 0 1 0 2 2 0 0 1;0 0 0 1 0 3 0 0 3 1;0 0 0 1 1 1 1 1 1 1;0 0 0 0 0 0 0 0 0 0]
687,BFS,5.946735620498657,40,[0 0 0 0 0 0 0 1 1 1;0 0 0 1 1 1 1 1 0 1;0 0 0 1 5 0 1 1 0 1;0 0 0 1 0 2 0 0 0 1;0 0 0 1 1 0 2 0 0 1;0 0 0 1 0 0 1 3 3 1;0 0 0 1 0 2 2 0 0 1;0 0 0 1 0 3 0 0 3 1;0 0 0 1 1 1 1 1 1 1;0 0 0 0 0 0 0 0 0 0]
688,A*,0.3782949447631836,30,[0 0 0 0 0 0 0 0 0 0;0 0 0 0 0 0 0 0 0 0;0 0 0 0 0 0 0 0 0 0;0 0 0 0 0 0 0 1 1 1;0 0 0 0 0 0 1 1 0 1;0 0 0 1 1 1 1 0 0 1;0 0 0 1 5 2 0 3 0 1;0 0 0 1 2 2 3 2 0 1;0 0 0 1 3 0 0 3 0 1;0 0 0 1 1 1 1 1 1 1]
688,DFS,0.07356762886047363,42,[0 0 0 0 0 0 0 0 0 0;0 0 0 0 0 0 0 0 0 0;0 0 0 0 0 0 0 0 0 0;0 0 0 0 0 0 0 1 1 1;0 0 0 0 0 0 1 1 0 1;0 0 0 1 1 1 1 0 0 1;0 0 0 1 5 2 0 3 0 1;0 0 0 1 2 2 3 2 0 1;0 0 0 1 3 0 0 3 0 1;0 0 0 1 1 1 1 1 1 1]
688,BFS,0.23425006866455078,30,[0 0 0 0 0 0 0 0 0 0;0 0 0 0 0 0 0 0 0 0;0 0 0 0 0 0 0 0 0 0;0 0 0 0 0 0 0 1 1 1;0 0 0 0 0 0 1 1 0 1;0 0 0 1 1 1 1 0 0 1;0 0 0 1 5 2 0 3 0 1;0 0 0 1 2 2 3 2 0 1;0 0 0 1 3 0 0 3 0 1;0 0 0 1 1 1 1 1 1 1]
689,A*,1.5294153690338135,75,[1 1 1 1 0 0 0 1 1 1;1 3 0 1 1 1 1 1 0 1;1 0 0 2 0 2 0 2 5 1;1 3 0 0 0 0 3 2 0 1;1 0 1 1 1 1 1 1 1 1;1 3 0 0 0 0 0 1 0 0;1 0 0 1 0 1 1 1 0 0;1 1 1 1 1 1 0 0 0 0;0 0 0 0 0 0 0 0 0 0;0 0 0 0 0 0 0 0 0 0]
689,DFS,0.36427831649780273,112,[1 1 1 1 0 0 0 1 1 1;1 3 0 1 1 1 1 1 0 1;1 0 0 2 0 2 0 2 5 1;1 3 0 0 0 0 3 2 0 1;1 0 1 1 1 1 1 1 1 1;1 3 0 0 0 0 0 1 0 0;1 0 0 1 0 1 1 1 0 0;1 1 1 1 1 1 0 0 0 0;0 0 0 0 0 0 0 0 0 0;0 0 0 0 0 0 0 0 0 0]
689,BFS,0.6429030895233154,75,[1 1 1 1 0 0 0 1 1 1;1 3 0 1 1 1 1 1 0 1;1 0 0 2 0 2 0 2 5 1;1 3 0 0 0 0 3 2 0 1;1 0 1 1 1 1 1 1 1 1;1 3 0 0 0 0 0 1 0 0;1 0 0 1 0 1 1 1 0 0;1 1 1 1 1 1 0 0 0 0;0 0 0 0 0 0 0 0 0 0;0 0 0 0 0 0 0 0 0 0]
690,A*,13.99593186378479,82,[0 0 1 1 1 1 1 1 0 0;0 0 1 0 5 0 0 1 0 0;0 0 1 1 2 2 0 1 0 0;0 0 1 1 0 0 0 1 0 0;1 1 1 0 3 1 1 1 0 0;1 0 0 2 0 0 1 0 0 0;1 0 2 0 0 1 1 0 0 0;1 1 0 1 0 0 1 1 1 1;1 0 3 3 0 0 0 0 3 1;1 1 1 1 1 1 1 1 1 1]
690,DFS,2.678823709487915,354,[0 0 1 1 1 1 1 1 0 0;0 0 1 0 5 0 0 1 0 0;0 0 1 1 2 2 0 1 0 0;0 0 1 1 0 0 0 1 0 0;1 1 1 0 3 1 1 1 0 0;1 0 0 2 0 0 1 0 0 0;1 0 2 0 0 1 1 0 0 0;1 1 0 1 0 0 1 1 1 1;1 0 3 3 0 0 0 0 3 1;1 1 1 1 1 1 1 1 1 1]
690,BFS,12.221208333969116,82,[0 0 1 1 1 1 1 1 0 0;0 0 1 0 5 0 0 1 0 0;0 0 1 1 2 2 0 1 0 0;0 0 1 1 0 0 0 1 0 0;1 1 1 0 3 1 1 1 0 0;1 0 0 2 0 0 1 0 0 0;1 0 2 0 0 1 1 0 0 0;1 1 0 1 0 0 1 1 1 1;1 0 3 3 0 0 0 0 3 1;1 1 1 1 1 1 1 1 1 1]
691,A*,132.0922019481659,86,[0 1 1 1 1 1 1 1 1 1;1 1 0 0 3 0 0 0 0 1;1 0 2 1 1 5 0 2 0 1;1 0 0 0 1 1 1 0 0 1;1 0 2 1 1 0 1 1 3 1;1 0 0 1 1 1 1 1 0 1;1 0 0 0 0 1 0 0 0 1;1 0 0 3 2 0 0 0 0 1;1 1 0 0 0 0 0 3 0 1;0 1 1 1 1 1 1 1 1 1]
691,DFS,82.35491704940796,4992,[0 1 1 1 1 1 1 1 1 1;1 1 0 0 3 0 0 0 0 1;1 0 2 1 1 5 0 2 0 1;1 0 0 0 1 1 1 0 0 1;1 0 2 1 1 0 1 1 3 1;1 0 0 1 1 1 1 1 0 1;1 0 0 0 0 1 0 0 0 1;1 0 0 3 2 0 0 0 0 1;1 1 0 0 0 0 0 3 0 1;0 1 1 1 1 1 1 1 1 1]
691,BFS,2717.560389280319,86,[0 1 1 1 1 1 1 1 1 1;1 1 0 0 3 0 0 0 0 1;1 0 2 1 1 5 0 2 0 1;1 0 0 0 1 1 1 0 0 1;1 0 2 1 1 0 1 1 3 1;1 0 0 1 1 1 1 1 0 1;1 0 0 0 0 1 0 0 0 1;1 0 0 3 2 0 0 0 0 1;1 1 0 0 0 0 0 3 0 1;0 1 1 1 1 1 1 1 1 1]
692,A*,0.8890619277954102,38,[1 1 1 0 0 0 0 0 0 0;1 0 1 1 0 0 0 0 0 0;1 5 0 1 0 0 0 0 0 0;1 0 0 1 0 0 0 0 0 0;1 3 1 1 1 1 1 0 0 0;1 0 0 1 0 0 1 0 0 0;1 0 3 2 0 0 1 0 0 0;1 3 2 2 2 3 1 0 0 0;1 0 0 0 0 1 1 0 0 0;1 1 1 1 1 1 0 0 0 0]
692,DFS,0.4277513027191162,158,[1 1 1 0 0 0 0 0 0 0;1 0 1 1 0 0 0 0 0 0;1 5 0 1 0 0 0 0 0 0;1 0 0 1 0 0 0 0 0 0;1 3 1 1 1 1 1 0 0 0;1 0 0 1 0 0 1 0 0 0;1 0 3 2 0 0 1 0 0 0;1 3 2 2 2 3 1 0 0 0;1 0 0 0 0 1 1 0 0 0;1 1 1 1 1 1 0 0 0 0]
692,BFS,0.6498963832855225,38,[1 1 1 0 0 0 0 0 0 0;1 0 1 1 0 0 0 0 0 0;1 5 0 1 0 0 0 0 0 0;1 0 0 1 0 0 0 0 0 0;1 3 1 1 1 1 1 0 0 0;1 0 0 1 0 0 1 0 0 0;1 0 3 2 0 0 1 0 0 0;1 3 2 2 2 3 1 0 0 0;1 0 0 0 0 1 1 0 0 0;1 1 1 1 1 1 0 0 0 0]
693,A*,4.01924204826355,61,[0 1 1 1 1 1 1 1 1 1;0 1 3 0 3 0 0 2 0 1;0 1 5 0 2 0 3 3 0 1;0 1 1 2 0 1 1 1 1 1;0 1 1 0 0 1 1 0 0 0;0 1 0 2 0 0 1 0 0 0;0 1 1 0 0 1 1 0 0 0;0 0 1 1 0 1 0 0 0 0;0 0 0 1 1 1 0 0 0 0;0 0 0 0 0 0 0 0 0 0]
693,DFS,1.1623883247375488,395,[0 1 1 1 1 1 1 1 1 1;0 1 3 0 3 0 0 2 0 1;0 1 5 0 2 0 3 3 0 1;0 1 1 2 0 1 1 1 1 1;0 1 1 0 0 1 1 0 0 0;0 1 0 2 0 0 1 0 0 0;0 1 1 0 0 1 1 0 0 0;0 0 1 1 0 1 0 0 0 0;0 0 0 1 1 1 0 0 0 0;0 0 0 0 0 0 0 0 0 0]
693,BFS,2.316218137741089,61,[0 1 1 1 1 1 1 1 1 1;0 1 3 0 3 0 0 2 0 1;0 1 5 0 2 0 3 3 0 1;0 1 1 2 0 1 1 1 1 1;0 1 1 0 0 1 1 0 0 0;0 1 0 2 0 0 1 0 0 0;0 1 1 0 0 1 1 0 0 0;0 0 1 1 0 1 0 0 0 0;0 0 0 1 1 1 0 0 0 0;0 0 0 0 0 0 0 0 0 0]
694,A*,12.558415412902832,43,[0 0 0 1 1 1 1 0 0 0;0 0 0 1 0 0 1 1 0 0;0 0 0 1 1 0 0 1 0 0;0 0 1 1 0 2 0 1 0 0;1 1 1 0 2 3 0 1 1 1;1 0 3 0 0 0 0 0 0 1;1 0 1 0 0 2 1 0 0 1;1 0 1 1 3 2 5 1 1 1;1 0 0 3 0 0 1 1 0 0;1 1 1 1 1 1 1 0 0 0]
694,DFS,2.50154709815979,415,[0 0 0 1 1 1 1 0 0 0;0 0 0 1 0 0 1 1 0 0;0 0 0 1 1 0 0 1 0 0;0 0 1 1 0 2 0 1 0 0;1 1 1 0 2 3 0 1 1 1;1 0 3 0 0 0 0 0 0 1;1 0 1 0 0 2 1 0 0 1;1 0 1 1 3 2 5 1 1 1;1 0 0 3 0 0 1 1 0 0;1 1 1 1 1 1 1 0 0 0]
694,BFS,18.861297607421875,43,[0 0 0 1 1 1 1 0 0 0;0 0 0 1 0 0 1 1 0 0;0 0 0 1 1 0 0 1 0 0;0 0 1 1 0 2 0 1 0 0;1 1 1 0 2 3 0 1 1 1;1 0 3 0 0 0 0 0 0 1;1 0 1 0 0 2 1 0 0 1;1 0 1 1 3 2 5 1 1 1;1 0 0 3 0 0 1 1 0 0;1 1 1 1 1 1 1 0 0 0]
695,A*,3.9022364616394043,58,[0 0 0 0 0 0 0 0 0 0;0 0 0 0 0 0 0 0 0 0;0 1 1 1 1 1 1 1 0 0;1 1 0 1 0 1 0 1 1 1;1 3 0 0 0 0 0 2 5 1;1 0 0 2 0 1 0 1 3 1;1 0 0 1 1 1 1 0 2 1;1 0 2 1 0 1 1 0 0 1;1 3 0 0 0 0 0 3 0 1;1 1 1 1 1 1 1 1 1 1]
695,DFS,1.4146509170532227,308,[0 0 0 0 0 0 0 0 0 0;0 0 0 0 0 0 0 0 0 0;0 1 1 1 1 1 1 1 0 0;1 1 0 1 0 1 0 1 1 1;1 3 0 0 0 0 0 2 5 1;1 0 0 2 0 1 0 1 3 1;1 0 0 1 1 1 1 0 2 1;1 0 2 1 0 1 1 0 0 1;1 3 0 0 0 0 0 3 0 1;1 1 1 1 1 1 1 1 1 1]
695,BFS,2.805616855621338,58,[0 0 0 0 0 0 0 0 0 0;0 0 0 0 0 0 0 0 0 0;0 1 1 1 1 1 1 1 0 0;1 1 0 1 0 1 0 1 1 1;1 3 0 0 0 0 0 2 5 1;1 0 0 2 0 1 0 1 3 1;1 0 0 1 1 1 1 0 2 1;1 0 2 1 0 1 1 0 0 1;1 3 0 0 0 0 0 3 0 1;1 1 1 1 1 1 1 1 1 1]
696,A*,2.186183452606201,63,[1 1 1 1 0 0 0 0 0 0;1 0 5 1 0 0 0 0 0 0;1 2 2 1 1 0 0 0 0 0;1 0 0 0 1 1 0 0 0 0;1 0 0 3 0 1 0 0 0 0;1 0 3 2 0 1 0 0 0 0;1 3 0 2 1 1 0 0 0 0;1 1 3 0 0 1 1 0 0 0;0 1 1 0 0 0 1 0 0 0;0 0 1 1 1 1 1 0 0 0]
696,DFS,0.6815471649169922,109,[1 1 1 1 0 0 0 0 0 0;1 0 5 1 0 0 0 0 0 0;1 2 2 1 1 0 0 0 0 0;1 0 0 0 1 1 0 0 0 0;1 0 0 3 0 1 0 0 0 0;1 0 3 2 0 1 0 0 0 0;1 3 0 2 1 1 0 0 0 0;1 1 3 0 0 1 1 0 0 0;0 1 1 0 0 0 1 0 0 0;0 0 1 1 1 1 1 0 0 0]
696,BFS,1.14015531539917,63,[1 1 1 1 0 0 0 0 0 0;1 0 5 1 0 0 0 0 0 0;1 2 2 1 1 0 0 0 0 0;1 0 0 0 1 1 0 0 0 0;1 0 0 3 0 1 0 0 0 0;1 0 3 2 0 1 0 0 0 0;1 3 0 2 1 1 0 0 0 0;1 1 3 0 0 1 1 0 0 0;0 1 1 0 0 0 1 0 0 0;0 0 1 1 1 1 1 0 0 0]
697,A*,0.8619329929351807,41,[1 1 1 1 0 0 0 0 0 0;1 0 0 1 0 0 0 0 0 0;1 0 0 1 0 0 0 0 0 0;1 0 1 1 0 0 0 0 0 0;1 0 3 1 0 0 0 0 0 0;1 0 2 1 1 0 0 1 1 1;1 0 2 0 1 1 1 1 5 1;1 0 2 3 0 0 0 2 0 1;1 3 0 0 3 0 1 0 0 1;1 1 1 1 1 1 1 1 1 1]
697,DFS,0.8659734725952148,45,[1 1 1 1 0 0 0 0 0 0;1 0 0 1 0 0 0 0 0 0;1 0 0 1 0 0 0 0 0 0;1 0 1 1 0 0 0 0 0 0;1 0 3 1 0 0 0 0 0 0;1 0 2 1 1 0 0 1 1 1;1 0 2 0 1 1 1 1 5 1;1 0 2 3 0 0 0 2 0 1;1 3 0 0 3 0 1 0 0 1;1 1 1 1 1 1 1 1 1 1]
697,BFS,0.8872935771942139,41,[1 1 1 1 0 0 0 0 0 0;1 0 0 1 0 0 0 0 0 0;1 0 0 1 0 0 0 0 0 0;1 0 1 1 0 0 0 0 0 0;1 0 3 1 0 0 0 0 0 0;1 0 2 1 1 0 0 1 1 1;1 0 2 0 1 1 1 1 5 1;1 0 2 3 0 0 0 2 0 1;1 3 0 0 3 0 1 0 0 1;1 1 1 1 1 1 1 1 1 1]
698,A*,12.282350540161133,68,[0 0 0 0 0 1 1 1 1 1;0 0 0 0 0 1 0 0 0 1;0 0 0 0 0 1 0 0 0 1;0 0 0 0 0 1 1 5 3 1;0 0 0 0 0 0 1 0 0 1;0 1 1 1 1 1 1 3 0 1;0 1 0 2 0 2 0 0 0 1;0 1 0 2 0 1 1 2 0 1;0 1 0 0 3 0 3 0 0 1;0 1 1 1 1 1 1 1 1 1]
698,DFS,3.2817912101745605,2283,[0 0 0 0 0 1 1 1 1 1;0 0 0 0 0 1 0 0 0 1;0 0 0 0 0 1 0 0 0 1;0 0 0 0 0 1 1 5 3 1;0 0 0 0 0 0 1 0 0 1;0 1 1 1 1 1 1 3 0 1;0 1 0 2 0 2 0 0 0 1;0 1 0 2 0 1 1 2 0 1;0 1 0 0 3 0 3 0 0 1;0 1 1 1 1 1 1 1 1 1]
698,BFS,17.55692172050476,68,[0 0 0 0 0 1 1 1 1 1;0 0 0 0 0 1 0 0 0 1;0 0 0 0 0 1 0 0 0 1;0 0 0 0 0 1 1 5 3 1;0 0 0 0 0 0 1 0 0 1;0 1 1 1 1 1 1 3 0 1;0 1 0 2 0 2 0 0 0 1;0 1 0 2 0 1 1 2 0 1;0 1 0 0 3 0 3 0 0 1;0 1 1 1 1 1 1 1 1 1]
699,A*,4.158871412277222,52,[1 1 1 1 1 1 1 1 1 1;1 0 2 0 0 0 0 0 3 1;1 0 2 0 0 3 0 2 3 1;1 0 1 1 1 1 3 2 1 1;1 5 0 1 0 1 0 0 0 1;1 0 0 1 0 1 1 0 0 1;1 0 0 1 0 0 1 0 1 1;1 0 0 1 0 0 1 1 1 0;1 0 0 1 0 0 0 0 0 0;1 1 1 1 0 0 0 0 0 0]
699,DFS,2.1596386432647705,191,[1 1 1 1 1 1 1 1 1 1;1 0 2 0 0 0 0 0 3 1;1 0 2 0 0 3 0 2 3 1;1 0 1 1 1 1 3 2 1 1;1 5 0 1 0 1 0 0 0 1;1 0 0 1 0 1 1 0 0 1;1 0 0 1 0 0 1 0 1 1;1 0 0 1 0 0 1 1 1 0;1 0 0 1 0 0 0 0 0 0;1 1 1 1 0 0 0 0 0 0]
699,BFS,7.939589023590088,52,[1 1 1 1 1 1 1 1 1 1;1 0 2 0 0 0 0 0 3 1;1 0 2 0 0 3 0 2 3 1;1 0 1 1 1 1 3 2 1 1;1 5 0 1 0 1 0 0 0 1;1 0 0 1 0 1 1 0 0 1;1 0 0 1 0 0 1 0 1 1;1 0 0 1 0 0 1 1 1 0;1 0 0 1 0 0 0 0 0 0;1 1 1 1 0 0 0 0 0 0]
700,A*,91.57383680343628,79,[0 1 1 1 1 1 1 1 1 1;0 1 0 0 0 0 0 0 0 1;0 1 0 2 0 2 0 2 1 1;1 1 1 3 0 1 1 0 1 1;1 0 1 0 1 1 0 0 3 1;1 0 2 0 1 1 1 0 0 1;1 0 0 0 0 0 3 5 0 1;1 1 1 1 0 0 3 0 0 1;0 0 0 1 1 1 0 0 0 1;0 0 0 0 0 1 1 1 1 1]
700,DFS,56.538631439208984,2810,[0 1 1 1 1 1 1 1 1 1;0 1 0 0 0 0 0 0 0 1;0 1 0 2 0 2 0 2 1 1;1 1 1 3 0 1 1 0 1 1;1 0 1 0 1 1 0 0 3 1;1 0 2 0 1 1 1 0 0 1;1 0 0 0 0 0 3 5 0 1;1 1 1 1 0 0 3 0 0 1;0 0 0 1 1 1 0 0 0 1;0 0 0 0 0 1 1 1 1 1]
700,BFS,1662.3674552440643,79,[0 1 1 1 1 1 1 1 1 1;0 1 0 0 0 0 0 0 0 1;0 1 0 2 0 2 0 2 1 1;1 1 1 3 0 1 1 0 1 1;1 0 1 0 1 1 0 0 3 1;1 0 2 0 1 1 1 0 0 1;1 0 0 0 0 0 3 5 0 1;1 1 1 1 0 0 3 0 0 1;0 0 0 1 1 1 0 0 0 1;0 0 0 0 0 1 1 1 1 1]
701,A*,2.0199103355407715,75,[1 1 1 1 1 1 0 0 0 0;1 3 2 0 0 1 0 0 0 0;1 0 0 0 1 1 0 0 0 0;1 0 3 0 0 1 0 0 0 0;1 3 1 0 2 1 1 1 0 0;1 1 0 0 3 2 5 1 0 0;0 1 1 0 2 0 1 1 0 0;0 0 1 0 0 0 1 0 0 0;0 0 1 0 1 1 1 0 0 0;0 0 1 1 1 0 0 0 0 0]
701,DFS,0.6072251796722412,175,[1 1 1 1 1 1 0 0 0 0;1 3 2 0 0 1 0 0 0 0;1 0 0 0 1 1 0 0 0 0;1 0 3 0 0 1 0 0 0 0;1 3 1 0 2 1 1 1 0 0;1 1 0 0 3 2 5 1 0 0;0 1 1 0 2 0 1 1 0 0;0 0 1 0 0 0 1 0 0 0;0 0 1 0 1 1 1 0 0 0;0 0 1 1 1 0 0 0 0 0]
701,BFS,0.8477766513824463,75,[1 1 1 1 1 1 0 0 0 0;1 3 2 0 0 1 0 0 0 0;1 0 0 0 1 1 0 0 0 0;1 0 3 0 0 1 0 0 0 0;1 3 1 0 2 1 1 1 0 0;1 1 0 0 3 2 5 1 0 0;0 1 1 0 2 0 1 1 0 0;0 0 1 0 0 0 1 0 0 0;0 0 1 0 1 1 1 0 0 0;0 0 1 1 1 0 0 0 0 0]
702,A*,5.901164293289185,57,[1 1 1 1 1 1 1 1 1 1;1 0 2 3 0 0 0 0 0 1;1 0 1 2 1 1 0 0 0 1;1 0 1 5 0 1 1 0 1 1;1 0 1 2 1 1 1 1 1 0;1 0 2 0 3 1 0 0 0 0;1 0 3 0 0 1 0 0 0 0;1 0 3 0 1 1 0 0 0 0;1 0 0 0 0 1 0 0 0 0;1 1 1 1 1 1 0 0 0 0]
702,DFS,3.4848315715789795,1269,[1 1 1 1 1 1 1 1 1 1;1 0 2 3 0 0 0 0 0 1;1 0 1 2 1 1 0 0 0 1;1 0 1 5 0 1 1 0 1 1;1 0 1 2 1 1 1 1 1 0;1 0 2 0 3 1 0 0 0 0;1 0 3 0 0 1 0 0 0 0;1 0 3 0 1 1 0 0 0 0;1 0 0 0 0 1 0 0 0 0;1 1 1 1 1 1 0 0 0 0]
702,BFS,5.399798154830933,57,[1 1 1 1 1 1 1 1 1 1;1 0 2 3 0 0 0 0 0 1;1 0 1 2 1 1 0 0 0 1;1 0 1 5 0 1 1 0 1 1;1 0 1 2 1 1 1 1 1 0;1 0 2 0 3 1 0 0 0 0;1 0 3 0 0 1 0 0 0 0;1 0 3 0 1 1 0 0 0 0;1 0 0 0 0 1 0 0 0 0;1 1 1 1 1 1 0 0 0 0]
703,A*,5.1010894775390625,89,[1 1 1 1 0 0 0 0 0 0;1 0 0 1 1 1 1 1 1 1;1 0 0 3 0 2 0 2 0 1;1 0 0 0 1 5 2 0 0 1;1 0 1 1 1 1 1 2 3 1;1 0 0 1 0 0 1 0 0 1;1 3 1 1 1 1 1 1 0 1;1 3 1 1 0 0 0 1 0 1;1 0 0 0 0 0 0 0 0 1;1 1 1 1 1 1 1 1 1 1]
703,DFS,2.8244268894195557,184,[1 1 1 1 0 0 0 0 0 0;1 0 0 1 1 1 1 1 1 1;1 0 0 3 0 2 0 2 0 1;1 0 0 0 1 5 2 0 0 1;1 0 1 1 1 1 1 2 3 1;1 0 0 1 0 0 1 0 0 1;1 3 1 1 1 1 1 1 0 1;1 3 1 1 0 0 0 1 0 1;1 0 0 0 0 0 0 0 0 1;1 1 1 1 1 1 1 1 1 1]
703,BFS,4.853090047836304,89,[1 1 1 1 0 0 0 0 0 0;1 0 0 1 1 1 1 1 1 1;1 0 0 3 0 2 0 2 0 1;1 0 0 0 1 5 2 0 0 1;1 0 1 1 1 1 1 2 3 1;1 0 0 1 0 0 1 0 0 1;1 3 1 1 1 1 1 1 0 1;1 3 1 1 0 0 0 1 0 1;1 0 0 0 0 0 0 0 0 1;1 1 1 1 1 1 1 1 1 1]
704,A*,3.1473388671875,56,[0 0 0 0 0 0 1 1 1 1;0 0 0 0 0 0 1 0 3 1;0 0 0 0 0 0 1 2 0 1;0 0 0 0 1 1 1 0 0 1;0 0 0 0 1 0 0 2 0 1;0 0 0 0 1 1 0 3 3 1;0 0 1 1 1 1 0 1 2 1;0 0 1 0 0 0 0 2 5 1;0 0 1 0 3 0 0 0 1 1;0 0 1 1 1 1 1 1 1 0]
704,DFS,1.3265957832336426,271,[0 0 0 0 0 0 1 1 1 1;0 0 0 0 0 0 1 0 3 1;0 0 0 0 0 0 1 2 0 1;0 0 0 0 1 1 1 0 0 1;0 0 0 0 1 0 0 2 0 1;0 0 0 0 1 1 0 3 3 1;0 0 1 1 1 1 0 1 2 1;0 0 1 0 0 0 0 2 5 1;0 0 1 0 3 0 0 0 1 1;0 0 1 1 1 1 1 1 1 0]
704,BFS,1.6946630477905273,56,[0 0 0 0 0 0 1 1 1 1;0 0 0 0 0 0 1 0 3 1;0 0 0 0 0 0 1 2 0 1;0 0 0 0 1 1 1 0 0 1;0 0 0 0 1 0 0 2 0 1;0 0 0 0 1 1 0 3 3 1;0 0 1 1 1 1 0 1 2 1;0 0 1 0 0 0 0 2 5 1;0 0 1 0 3 0 0 0 1 1;0 0 1 1 1 1 1 1 1 0]
705,A*,3.0772225856781006,47,[0 0 0 1 1 1 1 1 1 0;0 0 1 1 0 0 0 0 1 0;0 0 1 0 3 0 2 0 1 0;0 0 1 0 2 1 1 1 1 0;0 0 1 0 0 1 1 0 0 0;0 0 1 1 0 0 1 0 0 0;0 0 1 1 5 3 1 1 1 0;1 1 1 3 2 0 2 0 1 1;1 0 0 0 0 0 0 3 0 1;1 1 1 1 1 1 1 1 1 1]
705,DFS,1.715087652206421,189,[0 0 0 1 1 1 1 1 1 0;0 0 1 1 0 0 0 0 1 0;0 0 1 0 3 0 2 0 1 0;0 0 1 0 2 1 1 1 1 0;0 0 1 0 0 1 1 0 0 0;0 0 1 1 0 0 1 0 0 0;0 0 1 1 5 3 1 1 1 0;1 1 1 3 2 0 2 0 1 1;1 0 0 0 0 0 0 3 0 1;1 1 1 1 1 1 1 1 1 1]
705,BFS,2.6339800357818604,47,[0 0 0 1 1 1 1 1 1 0;0 0 1 1 0 0 0 0 1 0;0 0 1 0 3 0 2 0 1 0;0 0 1 0 2 1 1 1 1 0;0 0 1 0 0 1 1 0 0 0;0 0 1 1 0 0 1 0 0 0;0 0 1 1 5 3 1 1 1 0;1 1 1 3 2 0 2 0 1 1;1 0 0 0 0 0 0 3 0 1;1 1 1 1 1 1 1 1 1 1]
706,A*,22.652302503585815,59,[0 0 1 1 1 1 1 0 0 0;0 0 1 0 0 0 1 1 0 0;0 1 1 5 2 0 0 1 0 0;0 1 0 0 2 0 0 1 0 0;1 1 1 0 2 0 1 1 0 0;1 0 0 1 1 0 0 1 0 0;1 0 0 3 0 2 0 1 0 0;1 0 0 0 3 3 0 1 0 0;1 1 0 0 0 3 1 1 0 0;0 1 1 1 1 1 1 0 0 0]
706,DFS,12.131689548492432,627,[0 0 1 1 1 1 1 0 0 0;0 0 1 0 0 0 1 1 0 0;0 1 1 5 2 0 0 1 0 0;0 1 0 0 2 0 0 1 0 0;1 1 1 0 2 0 1 1 0 0;1 0 0 1 1 0 0 1 0 0;1 0 0 3 0 2 0 1 0 0;1 0 0 0 3 3 0 1 0 0;1 1 0 0 0 3 1 1 0 0;0 1 1 1 1 1 1 0 0 0]
706,BFS,69.10777378082275,59,[0 0 1 1 1 1 1 0 0 0;0 0 1 0 0 0 1 1 0 0;0 1 1 5 2 0 0 1 0 0;0 1 0 0 2 0 0 1 0 0;1 1 1 0 2 0 1 1 0 0;1 0 0 1 1 0 0 1 0 0;1 0 0 3 0 2 0 1 0 0;1 0 0 0 3 3 0 1 0 0;1 1 0 0 0 3 1 1 0 0;0 1 1 1 1 1 1 0 0 0]
707,A*,0.8951871395111084,53,[0 0 0 0 0 0 0 0 0 0;0 0 0 0 0 0 0 0 0 0;0 0 0 0 0 1 1 1 0 0;0 0 0 0 0 1 0 1 1 1;0 0 0 0 0 1 0 3 0 1;0 0 0 0 0 1 0 3 0 1;1 1 1 1 1 1 0 2 0 1;1 5 2 0 2 3 0 0 0 1;1 0 0 0 0 1 3 2 0 1;1 1 1 1 1 1 1 1 1 1]
707,DFS,0.355410099029541,213,[0 0 0 0 0 0 0 0 0 0;0 0 0 0 0 0 0 0 0 0;0 0 0 0 0 1 1 1 0 0;0 0 0 0 0 1 0 1 1 1;0 0 0 0 0 1 0 3 0 1;0 0 0 0 0 1 0 3 0 1;1 1 1 1 1 1 0 2 0 1;1 5 2 0 2 3 0 0 0 1;1 0 0 0 0 1 3 2 0 1;1 1 1 1 1 1 1 1 1 1]
707,BFS,0.38819050788879395,53,[0 0 0 0 0 0 0 0 0 0;0 0 0 0 0 0 0 0 0 0;0 0 0 0 0 1 1 1 0 0;0 0 0 0 0 1 0 1 1 1;0 0 0 0 0 1 0 3 0 1;0 0 0 0 0 1 0 3 0 1;1 1 1 1 1 1 0 2 0 1;1 5 2 0 2 3 0 0 0 1;1 0 0 0 0 1 3 2 0 1;1 1 1 1 1 1 1 1 1 1]
708,A*,0.9811108112335205,34,[0 0 0 0 0 0 0 0 0 0;0 0 0 0 0 0 0 0 0 0;0 0 0 0 0 0 0 0 0 0;0 0 0 0 0 0 0 0 0 0;1 1 1 0 0 0 0 0 0 0;1 0 1 1 1 1 1 1 1 1;1 0 0 1 1 0 3 0 0 1;1 0 2 0 2 0 3 0 0 1;1 5 2 3 0 3 0 2 0 1;1 1 1 1 1 1 1 1 1 1]
708,DFS,0.5316324234008789,167,[0 0 0 0 0 0 0 0 0 0;0 0 0 0 0 0 0 0 0 0;0 0 0 0 0 0 0 0 0 0;0 0 0 0 0 0 0 0 0 0;1 1 1 0 0 0 0 0 0 0;1 0 1 1 1 1 1 1 1 1;1 0 0 1 1 0 3 0 0 1;1 0 2 0 2 0 3 0 0 1;1 5 2 3 0 3 0 2 0 1;1 1 1 1 1 1 1 1 1 1]
708,BFS,0.5934727191925049,34,[0 0 0 0 0 0 0 0 0 0;0 0 0 0 0 0 0 0 0 0;0 0 0 0 0 0 0 0 0 0;0 0 0 0 0 0 0 0 0 0;1 1 1 0 0 0 0 0 0 0;1 0 1 1 1 1 1 1 1 1;1 0 0 1 1 0 3 0 0 1;1 0 2 0 2 0 3 0 0 1;1 5 2 3 0 3 0 2 0 1;1 1 1 1 1 1 1 1 1 1]
709,A*,43.610498666763306,92,[1 1 1 1 1 0 0 0 0 0;1 3 0 0 1 0 0 0 0 0;1 0 3 0 1 0 0 0 0 0;1 0 0 0 1 1 1 0 0 0;1 0 0 1 0 0 1 1 0 0;1 3 2 0 2 0 0 1 1 1;1 1 0 1 0 2 0 1 5 1;1 1 3 1 2 0 0 1 0 1;1 0 0 0 0 0 0 0 0 1;1 1 1 1 1 1 1 1 1 1]
709,DFS,14.131805896759033,1115,[1 1 1 1 1 0 0 0 0 0;1 3 0 0 1 0 0 0 0 0;1 0 3 0 1 0 0 0 0 0;1 0 0 0 1 1 1 0 0 0;1 0 0 1 0 0 1 1 0 0;1 3 2 0 2 0 0 1 1 1;1 1 0 1 0 2 0 1 5 1;1 1 3 1 2 0 0 1 0 1;1 0 0 0 0 0 0 0 0 1;1 1 1 1 1 1 1 1 1 1]
709,BFS,74.23083901405334,92,[1 1 1 1 1 0 0 0 0 0;1 3 0 0 1 0 0 0 0 0;1 0 3 0 1 0 0 0 0 0;1 0 0 0 1 1 1 0 0 0;1 0 0 1 0 0 1 1 0 0;1 3 2 0 2 0 0 1 1 1;1 1 0 1 0 2 0 1 5 1;1 1 3 1 2 0 0 1 0 1;1 0 0 0 0 0 0 0 0 1;1 1 1 1 1 1 1 1 1 1]
710,A*,0.3301050662994385,55,[1 1 1 1 1 0 0 0 0 0;1 3 0 0 1 0 0 0 0 0;1 0 0 0 1 0 0 0 0 0;1 3 2 0 1 0 0 0 0 0;1 0 2 1 1 0 0 0 0 0;1 0 3 1 0 0 0 0 0 0;1 0 2 1 1 0 0 0 0 0;1 3 2 5 1 0 0 0 0 0;1 0 0 1 1 0 0 0 0 0;1 1 1 1 0 0 0 0 0 0]
710,DFS,0.10669755935668945,168,[1 1 1 1 1 0 0 0 0 0;1 3 0 0 1 0 0 0 0 0;1 0 0 0 1 0 0 0 0 0;1 3 2 0 1 0 0 0 0 0;1 0 2 1 1 0 0 0 0 0;1 0 3 1 0 0 0 0 0 0;1 0 2 1 1 0 0 0 0 0;1 3 2 5 1 0 0 0 0 0;1 0 0 1 1 0 0 0 0 0;1 1 1 1 0 0 0 0 0 0]
710,BFS,0.11994028091430664,55,[1 1 1 1 1 0 0 0 0 0;1 3 0 0 1 0 0 0 0 0;1 0 0 0 1 0 0 0 0 0;1 3 2 0 1 0 0 0 0 0;1 0 2 1 1 0 0 0 0 0;1 0 3 1 0 0 0 0 0 0;1 0 2 1 1 0 0 0 0 0;1 3 2 5 1 0 0 0 0 0;1 0 0 1 1 0 0 0 0 0;1 1 1 1 0 0 0 0 0 0]
711,A*,4.00472617149353,45,[1 1 1 1 0 0 0 0 0 0;1 5 0 1 1 0 0 0 0 0;1 2 2 0 1 0 0 0 0 0;1 0 0 0 1 0 0 0 0 0;1 0 3 1 1 0 0 0 0 0;1 3 2 0 1 0 0 0 0 0;1 0 3 0 1 0 0 0 0 0;1 0 2 0 1 1 1 0 0 0;1 0 3 0 0 0 1 0 0 0;1 1 1 1 1 1 1 0 0 0]
711,DFS,0.7678208351135254,95,[1 1 1 1 0 0 0 0 0 0;1 5 0 1 1 0 0 0 0 0;1 2 2 0 1 0 0 0 0 0;1 0 0 0 1 0 0 0 0 0;1 0 3 1 1 0 0 0 0 0;1 3 2 0 1 0 0 0 0 0;1 0 3 0 1 0 0 0 0 0;1 0 2 0 1 1 1 0 0 0;1 0 3 0 0 0 1 0 0 0;1 1 1 1 1 1 1 0 0 0]
711,BFS,2.5922937393188477,45,[1 1 1 1 0 0 0 0 0 0;1 5 0 1 1 0 0 0 0 0;1 2 2 0 1 0 0 0 0 0;1 0 0 0 1 0 0 0 0 0;1 0 3 1 1 0 0 0 0 0;1 3 2 0 1 0 0 0 0 0;1 0 3 0 1 0 0 0 0 0;1 0 2 0 1 1 1 0 0 0;1 0 3 0 0 0 1 0 0 0;1 1 1 1 1 1 1 0 0 0]
712,A*,4.328984022140503,87,[0 0 0 0 0 0 0 0 0 0;0 0 0 0 0 0 0 0 0 0;0 0 0 0 0 0 0 0 0 0;0 1 1 1 1 0 0 0 0 0;1 1 0 0 1 0 1 1 1 1;1 0 0 1 1 1 1 0 0 1;1 3 2 2 0 0 0 2 5 1;1 0 3 0 2 3 0 1 0 1;1 0 0 3 0 0 1 1 1 1;1 1 1 1 1 1 1 0 0 0]
712,DFS,1.2025251388549805,133,[0 0 0 0 0 0 0 0 0 0;0 0 0 0 0 0 0 0 0 0;0 0 0 0 0 0 0 0 0 0;0 1 1 1 1 0 0 0 0 0;1 1 0 0 1 0 1 1 1 1;1 0 0 1 1 1 1 0 0 1;1 3 2 2 0 0 0 2 5 1;1 0 3 0 2 3 0 1 0 1;1 0 0 3 0 0 1 1 1 1;1 1 1 1 1 1 1 0 0 0]
712,BFS,2.3394052982330322,87,[0 0 0 0 0 0 0 0 0 0;0 0 0 0 0 0 0 0 0 0;0 0 0 0 0 0 0 0 0 0;0 1 1 1 1 0 0 0 0 0;1 1 0 0 1 0 1 1 1 1;1 0 0 1 1 1 1 0 0 1;1 3 2 2 0 0 0 2 5 1;1 0 3 0 2 3 0 1 0 1;1 0 0 3 0 0 1 1 1 1;1 1 1 1 1 1 1 0 0 0]
713,A*,1.7860839366912842,63,[0 0 0 0 0 0 0 0 0 0;0 0 0 0 0 0 0 0 0 0;0 0 0 0 0 0 0 0 0 0;0 0 0 0 0 0 1 1 1 1;0 0 0 0 0 1 1 0 3 1;0 0 0 0 0 1 0 2 0 1;0 1 1 1 1 1 2 3 0 1;1 1 0 1 0 2 0 3 0 1;1 5 2 0 0 3 0 0 0 1;1 1 1 1 1 1 1 1 1 1]
713,DFS,0.5549805164337158,137,[0 0 0 0 0 0 0 0 0 0;0 0 0 0 0 0 0 0 0 0;0 0 0 0 0 0 0 0 0 0;0 0 0 0 0 0 1 1 1 1;0 0 0 0 0 1 1 0 3 1;0 0 0 0 0 1 0 2 0 1;0 1 1 1 1 1 2 3 0 1;1 1 0 1 0 2 0 3 0 1;1 5 2 0 0 3 0 0 0 1;1 1 1 1 1 1 1 1 1 1]
713,BFS,0.7509233951568604,63,[0 0 0 0 0 0 0 0 0 0;0 0 0 0 0 0 0 0 0 0;0 0 0 0 0 0 0 0 0 0;0 0 0 0 0 0 1 1 1 1;0 0 0 0 0 1 1 0 3 1;0 0 0 0 0 1 0 2 0 1;0 1 1 1 1 1 2 3 0 1;1 1 0 1 0 2 0 3 0 1;1 5 2 0 0 3 0 0 0 1;1 1 1 1 1 1 1 1 1 1]
714,A*,4.579845905303955,69,[1 1 1 1 1 1 1 1 1 1;1 0 0 3 0 3 0 0 3 1;1 2 2 0 2 0 0 2 0 1;1 0 1 1 1 1 1 0 0 1;1 0 0 1 0 0 1 1 5 1;1 0 1 1 0 0 0 1 0 1;1 0 1 1 0 0 0 1 1 1;1 3 0 1 0 0 0 0 0 0;1 0 0 1 0 0 0 0 0 0;1 1 1 1 0 0 0 0 0 0]
714,DFS,1.1288480758666992,213,[1 1 1 1 1 1 1 1 1 1;1 0 0 3 0 3 0 0 3 1;1 2 2 0 2 0 0 2 0 1;1 0 1 1 1 1 1 0 0 1;1 0 0 1 0 0 1 1 5 1;1 0 1 1 0 0 0 1 0 1;1 0 1 1 0 0 0 1 1 1;1 3 0 1 0 0 0 0 0 0;1 0 0 1 0 0 0 0 0 0;1 1 1 1 0 0 0 0 0 0]
714,BFS,2.4865713119506836,69,[1 1 1 1 1 1 1 1 1 1;1 0 0 3 0 3 0 0 3 1;1 2 2 0 2 0 0 2 0 1;1 0 1 1 1 1 1 0 0 1;1 0 0 1 0 0 1 1 5 1;1 0 1 1 0 0 0 1 0 1;1 0 1 1 0 0 0 1 1 1;1 3 0 1 0 0 0 0 0 0;1 0 0 1 0 0 0 0 0 0;1 1 1 1 0 0 0 0 0 0]
715,A*,3.801370143890381,44,[0 1 1 1 1 1 1 1 1 1;0 1 0 0 0 0 1 1 0 1;0 1 0 2 0 0 0 2 0 1;0 1 1 1 1 0 2 3 0 1;0 0 0 1 1 3 2 0 0 1;0 0 1 1 3 0 3 0 1 1;1 1 1 0 1 0 1 1 1 0;1 0 0 5 0 0 0 1 0 0;1 1 1 0 1 0 0 1 0 0;0 0 1 1 1 1 1 1 0 0]
715,DFS,1.965118169784546,447,[0 1 1 1 1 1 1 1 1 1;0 1 0 0 0 0 1 1 0 1;0 1 0 2 0 0 0 2 0 1;0 1 1 1 1 0 2 3 0 1;0 0 0 1 1 3 2 0 0 1;0 0 1 1 3 0 3 0 1 1;1 1 1 0 1 0 1 1 1 0;1 0 0 5 0 0 0 1 0 0;1 1 1 0 1 0 0 1 0 0;0 0 1 1 1 1 1 1 0 0]
715,BFS,3.772174596786499,44,[0 1 1 1 1 1 1 1 1 1;0 1 0 0 0 0 1 1 0 1;0 1 0 2 0 0 0 2 0 1;0 1 1 1 1 0 2 3 0 1;0 0 0 1 1 3 2 0 0 1;0 0 1 1 3 0 3 0 1 1;1 1 1 0 1 0 1 1 1 0;1 0 0 5 0 0 0 1 0 0;1 1 1 0 1 0 0 1 0 0;0 0 1 1 1 1 1 1 0 0]
716,A*,5.031843662261963,55,[0 1 1 1 1 0 0 0 0 0;0 1 0 5 1 1 0 0 0 0;0 1 0 2 0 1 0 0 0 0;0 1 1 0 2 1 0 0 0 0;0 1 3 0 3 1 0 0 0 0;1 1 2 0 1 1 1 1 1 1;1 0 0 0 0 0 0 1 0 1;1 0 0 2 0 0 0 0 3 1;1 1 1 0 0 3 0 0 0 1;0 0 1 1 1 1 1 1 1 1]
716,DFS,1.7252132892608643,293,[0 1 1 1 1 0 0 0 0 0;0 1 0 5 1 1 0 0 0 0;0 1 0 2 0 1 0 0 0 0;0 1 1 0 2 1 0 0 0 0;0 1 3 0 3 1 0 0 0 0;1 1 2 0 1 1 1 1 1 1;1 0 0 0 0 0 0 1 0 1;1 0 0 2 0 0 0 0 3 1;1 1 1 0 0 3 0 0 0 1;0 0 1 1 1 1 1 1 1 1]
716,BFS,4.689987421035767,55,[0 1 1 1 1 0 0 0 0 0;0 1 0 5 1 1 0 0 0 0;0 1 0 2 0 1 0 0 0 0;0 1 1 0 2 1 0 0 0 0;0 1 3 0 3 1 0 0 0 0;1 1 2 0 1 1 1 1 1 1;1 0 0 0 0 0 0 1 0 1;1 0 0 2 0 0 0 0 3 1;1 1 1 0 0 3 0 0 0 1;0 0 1 1 1 1 1 1 1 1]
717,A*,18.020647048950195,74,[0 0 0 0 1 1 1 1 1 1;0 1 1 1 1 3 0 3 0 1;0 1 5 2 0 0 0 0 1 1;0 1 0 2 0 2 2 1 0 1;0 1 1 1 1 0 0 1 0 1;0 0 0 1 0 0 1 0 3 1;0 0 0 1 0 0 0 0 0 1;0 0 0 1 1 0 0 0 3 1;0 0 0 0 1 1 1 1 0 1;0 0 0 0 0 0 0 1 1 1]
717,DFS,3.1601510047912598,313,[0 0 0 0 1 1 1 1 1 1;0 1 1 1 1 3 0 3 0 1;0 1 5 2 0 0 0 0 1 1;0 1 0 2 0 2 2 1 0 1;0 1 1 1 1 0 0 1 0 1;0 0 0 1 0 0 1 0 3 1;0 0 0 1 0 0 0 0 0 1;0 0 0 1 1 0 0 0 3 1;0 0 0 0 1 1 1 1 0 1;0 0 0 0 0 0 0 1 1 1]
717,BFS,21.306816577911377,74,[0 0 0 0 1 1 1 1 1 1;0 1 1 1 1 3 0 3 0 1;0 1 5 2 0 0 0 0 1 1;0 1 0 2 0 2 2 1 0 1;0 1 1 1 1 0 0 1 0 1;0 0 0 1 0 0 1 0 3 1;0 0 0 1 0 0 0 0 0 1;0 0 0 1 1 0 0 0 3 1;0 0 0 0 1 1 1 1 0 1;0 0 0 0 0 0 0 1 1 1]
718,A*,1.6574668884277344,44,[0 1 1 1 1 1 1 1 1 0;1 1 0 1 0 3 3 0 1 1;1 5 2 0 0 0 2 2 0 1;1 1 0 0 1 0 0 0 0 1;0 1 1 1 1 0 1 1 0 1;0 0 0 1 0 0 1 1 0 1;0 0 0 1 0 0 0 1 3 1;0 0 0 1 1 0 1 0 0 1;0 0 0 1 0 0 2 0 3 1;0 0 0 1 1 1 1 1 1 1]
718,DFS,2.0752224922180176,364,[0 1 1 1 1 1 1 1 1 0;1 1 0 1 0 3 3 0 1 1;1 5 2 0 0 0 2 2 0 1;1 1 0 0 1 0 0 0 0 1;0 1 1 1 1 0 1 1 0 1;0 0 0 1 0 0 1 1 0 1;0 0 0 1 0 0 0 1 3 1;0 0 0 1 1 0 1 0 0 1;0 0 0 1 0 0 2 0 3 1;0 0 0 1 1 1 1 1 1 1]
718,BFS,2.3292236328125,44,[0 1 1 1 1 1 1 1 1 0;1 1 0 1 0 3 3 0 1 1;1 5 2 0 0 0 2 2 0 1;1 1 0 0 1 0 0 0 0 1;0 1 1 1 1 0 1 1 0 1;0 0 0 1 0 0 1 1 0 1;0 0 0 1 0 0 0 1 3 1;0 0 0 1 1 0 1 0 0 1;0 0 0 1 0 0 2 0 3 1;0 0 0 1 1 1 1 1 1 1]
719,A*,7.7869486808776855,52,[1 1 1 1 0 0 0 0 0 0;1 3 0 1 0 0 0 0 0 0;1 0 2 1 1 1 1 0 0 0;1 0 0 0 1 0 1 0 0 0;1 0 0 3 2 0 1 0 0 0;1 0 0 0 0 0 1 1 1 1;1 2 1 1 1 2 0 0 0 1;1 5 1 1 0 0 3 0 0 1;1 1 1 1 0 0 0 3 0 1;0 0 0 1 1 1 1 1 1 1]
719,DFS,2.7640886306762695,472,[1 1 1 1 0 0 0 0 0 0;1 3 0 1 0 0 0 0 0 0;1 0 2 1 1 1 1 0 0 0;1 0 0 0 1 0 1 0 0 0;1 0 0 3 2 0 1 0 0 0;1 0 0 0 0 0 1 1 1 1;1 2 1 1 1 2 0 0 0 1;1 5 1 1 0 0 3 0 0 1;1 1 1 1 0 0 0 3 0 1;0 0 0 1 1 1 1 1 1 1]
719,BFS,12.94903564453125,52,[1 1 1 1 0 0 0 0 0 0;1 3 0 1 0 0 0 0 0 0;1 0 2 1 1 1 1 0 0 0;1 0 0 0 1 0 1 0 0 0;1 0 0 3 2 0 1 0 0 0;1 0 0 0 0 0 1 1 1 1;1 2 1 1 1 2 0 0 0 1;1 5 1 1 0 0 3 0 0 1;1 1 1 1 0 0 0 3 0 1;0 0 0 1 1 1 1 1 1 1]
720,A*,0.3381972312927246,54,[0 0 0 0 0 0 0 0 0 0;0 0 0 0 0 0 0 0 0 0;0 0 0 0 0 0 0 0 0 0;1 1 1 1 0 1 1 1 1 0;1 0 0 1 0 1 0 3 1 1;1 0 2 1 1 1 1 2 0 1;1 0 0 1 1 0 0 5 0 1;1 0 0 1 0 1 2 2 0 1;1 0 3 0 0 0 3 0 3 1;1 1 1 1 1 1 1 1 1 1]
720,DFS,0.09154343605041504,138,[0 0 0 0 0 0 0 0 0 0;0 0 0 0 0 0 0 0 0 0;0 0 0 0 0 0 0 0 0 0;1 1 1 1 0 1 1 1 1 0;1 0 0 1 0 1 0 3 1 1;1 0 2 1 1 1 1 2 0 1;1 0 0 1 1 0 0 5 0 1;1 0 0 1 0 1 2 2 0 1;1 0 3 0 0 0 3 0 3 1;1 1 1 1 1 1 1 1 1 1]
720,BFS,0.13941216468811035,54,[0 0 0 0 0 0 0 0 0 0;0 0 0 0 0 0 0 0 0 0;0 0 0 0 0 0 0 0 0 0;1 1 1 1 0 1 1 1 1 0;1 0 0 1 0 1 0 3 1 1;1 0 2 1 1 1 1 2 0 1;1 0 0 1 1 0 0 5 0 1;1 0 0 1 0 1 2 2 0 1;1 0 3 0 0 0 3 0 3 1;1 1 1 1 1 1 1 1 1 1]
721,A*,28.316127061843872,60,[0 1 1 1 1 1 1 0 0 0;0 1 0 0 5 0 1 0 0 0;0 1 0 2 2 0 1 0 0 0;0 1 1 3 0 1 1 0 0 0;0 1 1 0 0 1 1 1 1 0;0 1 3 0 1 1 0 0 1 1;0 1 0 2 0 0 0 3 0 1;0 1 0 2 0 0 0 3 1 1;0 1 0 0 0 0 0 0 0 1;0 1 1 1 1 1 1 1 1 1]
721,DFS,2.670689105987549,654,[0 1 1 1 1 1 1 0 0 0;0 1 0 0 5 0 1 0 0 0;0 1 0 2 2 0 1 0 0 0;0 1 1 3 0 1 1 0 0 0;0 1 1 0 0 1 1 1 1 0;0 1 3 0 1 1 0 0 1 1;0 1 0 2 0 0 0 3 0 1;0 1 0 2 0 0 0 3 1 1;0 1 0 0 0 0 0 0 0 1;0 1 1 1 1 1 1 1 1 1]
721,BFS,78.41694021224976,60,[0 1 1 1 1 1 1 0 0 0;0 1 0 0 5 0 1 0 0 0;0 1 0 2 2 0 1 0 0 0;0 1 1 3 0 1 1 0 0 0;0 1 1 0 0 1 1 1 1 0;0 1 3 0 1 1 0 0 1 1;0 1 0 2 0 0 0 3 0 1;0 1 0 2 0 0 0 3 1 1;0 1 0 0 0 0 0 0 0 1;0 1 1 1 1 1 1 1 1 1]
722,A*,1.0599870681762695,42,[0 0 0 1 1 1 1 1 1 1;0 0 1 1 0 2 0 0 3 1;0 0 1 5 2 0 3 0 0 1;0 0 1 1 0 1 1 0 0 1;0 0 1 0 0 1 1 2 0 1;0 1 1 1 0 1 1 0 3 1;0 1 0 0 0 1 1 2 0 1;0 1 1 0 0 1 1 3 0 1;0 0 1 1 1 1 1 1 0 1;0 0 0 0 0 0 0 1 1 1]
722,DFS,0.8557190895080566,100,[0 0 0 1 1 1 1 1 1 1;0 0 1 1 0 2 0 0 3 1;0 0 1 5 2 0 3 0 0 1;0 0 1 1 0 1 1 0 0 1;0 0 1 0 0 1 1 2 0 1;0 1 1 1 0 1 1 0 3 1;0 1 0 0 0 1 1 2 0 1;0 1 1 0 0 1 1 3 0 1;0 0 1 1 1 1 1 1 0 1;0 0 0 0 0 0 0 1 1 1]
722,BFS,0.8045299053192139,42,[0 0 0 1 1 1 1 1 1 1;0 0 1 1 0 2 0 0 3 1;0 0 1 5 2 0 3 0 0 1;0 0 1 1 0 1 1 0 0 1;0 0 1 0 0 1 1 2 0 1;0 1 1 1 0 1 1 0 3 1;0 1 0 0 0 1 1 2 0 1;0 1 1 0 0 1 1 3 0 1;0 0 1 1 1 1 1 1 0 1;0 0 0 0 0 0 0 1 1 1]
723,A*,3.6537632942199707,65,[1 1 1 1 0 0 0 0 0 0;1 0 3 1 0 0 0 0 0 0;1 0 5 1 0 0 0 0 0 0;1 0 2 1 1 1 0 0 0 0;1 0 3 2 0 1 1 0 0 0;1 0 2 2 3 0 1 0 0 0;1 0 3 0 0 0 1 1 1 1;1 0 1 1 1 1 0 0 0 1;1 0 0 0 0 0 0 0 0 1;1 1 1 1 1 1 1 1 1 1]
723,DFS,1.04233717918396,180,[1 1 1 1 0 0 0 0 0 0;1 0 3 1 0 0 0 0 0 0;1 0 5 1 0 0 0 0 0 0;1 0 2 1 1 1 0 0 0 0;1 0 3 2 0 1 1 0 0 0;1 0 2 2 3 0 1 0 0 0;1 0 3 0 0 0 1 1 1 1;1 0 1 1 1 1 0 0 0 1;1 0 0 0 0 0 0 0 0 1;1 1 1 1 1 1 1 1 1 1]
723,BFS,1.9322049617767334,65,[1 1 1 1 0 0 0 0 0 0;1 0 3 1 0 0 0 0 0 0;1 0 5 1 0 0 0 0 0 0;1 0 2 1 1 1 0 0 0 0;1 0 3 2 0 1 1 0 0 0;1 0 2 2 3 0 1 0 0 0;1 0 3 0 0 0 1 1 1 1;1 0 1 1 1 1 0 0 0 1;1 0 0 0 0 0 0 0 0 1;1 1 1 1 1 1 1 1 1 1]
724,A*,0.15750408172607422,28,[1 1 1 0 0 0 0 0 0 0;1 0 1 1 0 0 0 0 0 0;1 0 0 1 0 0 0 0 0 0;1 0 0 1 1 1 0 0 0 0;1 3 1 3 0 1 0 0 0 0;1 0 2 2 0 1 0 0 0 0;1 3 0 0 0 1 0 0 0 0;1 2 2 3 1 1 0 0 0 0;1 0 5 1 1 0 0 0 0 0;1 1 1 1 0 0 0 0 0 0]
724,DFS,0.18675518035888672,40,[1 1 1 0 0 0 0 0 0 0;1 0 1 1 0 0 0 0 0 0;1 0 0 1 0 0 0 0 0 0;1 0 0 1 1 1 0 0 0 0;1 3 1 3 0 1 0 0 0 0;1 0 2 2 0 1 0 0 0 0;1 3 0 0 0 1 0 0 0 0;1 2 2 3 1 1 0 0 0 0;1 0 5 1 1 0 0 0 0 0;1 1 1 1 0 0 0 0 0 0]
724,BFS,0.126389741897583,28,[1 1 1 0 0 0 0 0 0 0;1 0 1 1 0 0 0 0 0 0;1 0 0 1 0 0 0 0 0 0;1 0 0 1 1 1 0 0 0 0;1 3 1 3 0 1 0 0 0 0;1 0 2 2 0 1 0 0 0 0;1 3 0 0 0 1 0 0 0 0;1 2 2 3 1 1 0 0 0 0;1 0 5 1 1 0 0 0 0 0;1 1 1 1 0 0 0 0 0 0]
725,A*,9.400566577911377,45,[1 1 1 1 1 1 1 1 0 0;1 0 2 0 0 3 3 1 0 0;1 5 2 0 0 0 0 1 0 0;1 0 1 1 1 1 0 1 0 0;1 3 0 1 1 0 0 1 0 0;1 0 1 1 0 0 1 1 0 0;1 0 0 3 0 0 0 1 0 0;1 0 2 0 2 0 1 1 0 0;1 0 0 0 0 1 1 0 0 0;1 1 1 1 1 1 0 0 0 0]
725,DFS,1.2373154163360596,461,[1 1 1 1 1 1 1 1 0 0;1 0 2 0 0 3 3 1 0 0;1 5 2 0 0 0 0 1 0 0;1 0 1 1 1 1 0 1 0 0;1 3 0 1 1 0 0 1 0 0;1 0 1 1 0 0 1 1 0 0;1 0 0 3 0 0 0 1 0 0;1 0 2 0 2 0 1 1 0 0;1 0 0 0 0 1 1 0 0 0;1 1 1 1 1 1 0 0 0 0]
725,BFS,18.059380769729614,45,[1 1 1 1 1 1 1 1 0 0;1 0 2 0 0 3 3 1 0 0;1 5 2 0 0 0 0 1 0 0;1 0 1 1 1 1 0 1 0 0;1 3 0 1 1 0 0 1 0 0;1 0 1 1 0 0 1 1 0 0;1 0 0 3 0 0 0 1 0 0;1 0 2 0 2 0 1 1 0 0;1 0 0 0 0 1 1 0 0 0;1 1 1 1 1 1 0 0 0 0]
726,A*,1.0879108905792236,52,[1 1 1 0 0 0 0 0 0 0;1 5 1 1 0 0 0 0 0 0;1 2 0 1 1 1 1 0 0 0;1 0 0 1 1 0 1 0 0 0;1 0 2 3 0 0 1 0 0 0;1 0 3 0 2 0 1 0 0 0;1 0 0 1 1 1 1 1 1 0;1 0 1 0 2 0 3 0 1 1;1 3 0 0 0 0 0 0 0 1;1 1 1 1 1 1 1 1 1 1]
726,DFS,0.6170637607574463,108,[1 1 1 0 0 0 0 0 0 0;1 5 1 1 0 0 0 0 0 0;1 2 0 1 1 1 1 0 0 0;1 0 0 1 1 0 1 0 0 0;1 0 2 3 0 0 1 0 0 0;1 0 3 0 2 0 1 0 0 0;1 0 0 1 1 1 1 1 1 0;1 0 1 0 2 0 3 0 1 1;1 3 0 0 0 0 0 0 0 1;1 1 1 1 1 1 1 1 1 1]
726,BFS,0.736361026763916,52,[1 1 1 0 0 0 0 0 0 0;1 5 1 1 0 0 0 0 0 0;1 2 0 1 1 1 1 0 0 0;1 0 0 1 1 0 1 0 0 0;1 0 2 3 0 0 1 0 0 0;1 0 3 0 2 0 1 0 0 0;1 0 0 1 1 1 1 1 1 0;1 0 1 0 2 0 3 0 1 1;1 3 0 0 0 0 0 0 0 1;1 1 1 1 1 1 1 1 1 1]
727,A*,3.1639695167541504,36,[0 0 0 1 1 1 1 1 1 0;0 0 0 1 5 3 0 0 1 0;1 1 1 1 2 2 2 0 1 0;1 3 0 1 0 0 1 1 1 0;1 0 0 0 0 0 0 1 0 0;1 0 0 0 3 1 1 1 0 0;1 0 0 2 0 1 0 0 0 0;1 0 1 3 0 1 1 0 0 0;1 0 0 0 0 0 1 0 0 0;1 1 1 1 1 1 1 0 0 0]
727,DFS,8.707265377044678,3559,[0 0 0 1 1 1 1 1 1 0;0 0 0 1 5 3 0 0 1 0;1 1 1 1 2 2 2 0 1 0;1 3 0 1 0 0 1 1 1 0;1 0 0 0 0 0 0 1 0 0;1 0 0 0 3 1 1 1 0 0;1 0 0 2 0 1 0 0 0 0;1 0 1 3 0 1 1 0 0 0;1 0 0 0 0 0 1 0 0 0;1 1 1 1 1 1 1 0 0 0]
727,BFS,7.12378454208374,36,[0 0 0 1 1 1 1 1 1 0;0 0 0 1 5 3 0 0 1 0;1 1 1 1 2 2 2 0 1 0;1 3 0 1 0 0 1 1 1 0;1 0 0 0 0 0 0 1 0 0;1 0 0 0 3 1 1 1 0 0;1 0 0 2 0 1 0 0 0 0;1 0 1 3 0 1 1 0 0 0;1 0 0 0 0 0 1 0 0 0;1 1 1 1 1 1 1 0 0 0]
728,A*,2.6441640853881836,65,[1 1 1 1 0 1 1 1 1 0;1 0 5 1 0 1 0 0 1 1;1 2 0 1 0 1 0 2 0 1;1 0 0 1 0 1 0 0 3 1;1 0 0 1 0 1 0 0 0 1;1 0 1 1 0 1 0 2 0 1;1 0 0 1 0 1 1 0 0 1;1 0 2 1 1 1 0 0 1 1;1 3 0 0 0 3 0 3 0 1;1 1 1 1 1 1 1 1 1 1]
728,DFS,0.7760744094848633,399,[1 1 1 1 0 1 1 1 1 0;1 0 5 1 0 1 0 0 1 1;1 2 0 1 0 1 0 2 0 1;1 0 0 1 0 1 0 0 3 1;1 0 0 1 0 1 0 0 0 1;1 0 1 1 0 1 0 2 0 1;1 0 0 1 0 1 1 0 0 1;1 0 2 1 1 1 0 0 1 1;1 3 0 0 0 3 0 3 0 1;1 1 1 1 1 1 1 1 1 1]
728,BFS,2.1702067852020264,65,[1 1 1 1 0 1 1 1 1 0;1 0 5 1 0 1 0 0 1 1;1 2 0 1 0 1 0 2 0 1;1 0 0 1 0 1 0 0 3 1;1 0 0 1 0 1 0 0 0 1;1 0 1 1 0 1 0 2 0 1;1 0 0 1 0 1 1 0 0 1;1 0 2 1 1 1 0 0 1 1;1 3 0 0 0 3 0 3 0 1;1 1 1 1 1 1 1 1 1 1]
729,A*,23.92187261581421,116,[1 1 1 1 1 1 1 1 1 0;1 0 0 0 0 0 0 0 1 0;1 3 0 0 2 2 0 1 1 0;1 0 3 1 1 5 1 1 0 0;1 0 1 1 0 2 0 1 0 0;1 0 0 1 3 0 3 1 0 0;1 0 1 1 1 2 0 1 0 0;1 0 0 0 0 0 0 1 0 0;1 0 1 0 0 1 1 1 0 0;1 1 1 1 1 1 0 0 0 0]
729,DFS,4.994002819061279,674,[1 1 1 1 1 1 1 1 1 0;1 0 0 0 0 0 0 0 1 0;1 3 0 0 2 2 0 1 1 0;1 0 3 1 1 5 1 1 0 0;1 0 1 1 0 2 0 1 0 0;1 0 0 1 3 0 3 1 0 0;1 0 1 1 1 2 0 1 0 0;1 0 0 0 0 0 0 1 0 0;1 0 1 0 0 1 1 1 0 0;1 1 1 1 1 1 0 0 0 0]
729,BFS,23.472053050994873,116,[1 1 1 1 1 1 1 1 1 0;1 0 0 0 0 0 0 0 1 0;1 3 0 0 2 2 0 1 1 0;1 0 3 1 1 5 1 1 0 0;1 0 1 1 0 2 0 1 0 0;1 0 0 1 3 0 3 1 0 0;1 0 1 1 1 2 0 1 0 0;1 0 0 0 0 0 0 1 0 0;1 0 1 0 0 1 1 1 0 0;1 1 1 1 1 1 0 0 0 0]
730,A*,42.17859482765198,74,[1 1 1 1 1 1 1 1 1 1;1 0 0 0 0 0 0 0 0 1;1 0 1 0 0 0 0 0 5 1;1 0 0 1 1 1 1 0 3 1;1 0 0 1 1 1 1 0 0 1;1 0 1 1 1 0 0 0 3 1;1 0 2 0 2 2 0 0 0 1;1 0 0 0 3 0 2 0 0 1;1 1 1 1 1 1 1 0 3 1;0 0 0 0 0 0 1 1 1 1]
730,DFS,53.293463706970215,1620,[1 1 1 1 1 1 1 1 1 1;1 0 0 0 0 0 0 0 0 1;1 0 1 0 0 0 0 0 5 1;1 0 0 1 1 1 1 0 3 1;1 0 0 1 1 1 1 0 0 1;1 0 1 1 1 0 0 0 3 1;1 0 2 0 2 2 0 0 0 1;1 0 0 0 3 0 2 0 0 1;1 1 1 1 1 1 1 0 3 1;0 0 0 0 0 0 1 1 1 1]
730,BFS,2244.4095056056976,74,[1 1 1 1 1 1 1 1 1 1;1 0 0 0 0 0 0 0 0 1;1 0 1 0 0 0 0 0 5 1;1 0 0 1 1 1 1 0 3 1;1 0 0 1 1 1 1 0 0 1;1 0 1 1 1 0 0 0 3 1;1 0 2 0 2 2 0 0 0 1;1 0 0 0 3 0 2 0 0 1;1 1 1 1 1 1 1 0 3 1;0 0 0 0 0 0 1 1 1 1]
731,A*,9.78049087524414,79,[1 1 1 1 1 1 1 1 1 1;1 0 3 5 0 0 0 0 0 1;1 0 2 0 3 0 3 2 0 1;1 1 0 1 1 1 0 1 1 1;0 1 1 1 1 1 3 0 1 0;0 0 0 0 1 0 0 1 1 0;0 0 0 0 1 0 0 1 1 1;0 0 0 1 1 0 2 2 0 1;0 0 0 1 0 0 0 0 0 1;0 0 0 1 1 1 1 1 1 1]
731,DFS,5.90512752532959,1123,[1 1 1 1 1 1 1 1 1 1;1 0 3 5 0 0 0 0 0 1;1 0 2 0 3 0 3 2 0 1;1 1 0 1 1 1 0 1 1 1;0 1 1 1 1 1 3 0 1 0;0 0 0 0 1 0 0 1 1 0;0 0 0 0 1 0 0 1 1 1;0 0 0 1 1 0 2 2 0 1;0 0 0 1 0 0 0 0 0 1;0 0 0 1 1 1 1 1 1 1]
731,BFS,11.25448226928711,79,[1 1 1 1 1 1 1 1 1 1;1 0 3 5 0 0 0 0 0 1;1 0 2 0 3 0 3 2 0 1;1 1 0 1 1 1 0 1 1 1;0 1 1 1 1 1 3 0 1 0;0 0 0 0 1 0 0 1 1 0;0 0 0 0 1 0 0 1 1 1;0 0 0 1 1 0 2 2 0 1;0 0 0 1 0 0 0 0 0 1;0 0 0 1 1 1 1 1 1 1]
