map_id,map_size,algorithm,time,length,map_string
1,5,A*,0.0002884864807128906,5,[1 1 1 1 1;1 5 0 0 1;1 0 2 0 1;1 0 0 3 1;1 1 1 1 1]
1,5,DFS,0.0003066062927246094,11,[1 1 1 1 1;1 5 0 0 1;1 0 2 0 1;1 0 0 3 1;1 1 1 1 1]
1,5,BFS,0.00023508071899414062,5,[1 1 1 1 1;1 5 0 0 1;1 0 2 0 1;1 0 0 3 1;1 1 1 1 1]
2,6,A*,0.0007824897766113281,7,[1 1 1 1 1 1;1 5 0 0 0 1;1 0 2 0 0 1;1 0 0 0 0 1;1 0 0 0 3 1;1 1 1 1 1 1]
2,6,DFS,0.0019283294677734375,31,[1 1 1 1 1 1;1 5 0 0 0 1;1 0 2 0 0 1;1 0 0 0 0 1;1 0 0 0 3 1;1 1 1 1 1 1]
2,6,BFS,0.0015096664428710938,7,[1 1 1 1 1 1;1 5 0 0 0 1;1 0 2 0 0 1;1 0 0 0 0 1;1 0 0 0 3 1;1 1 1 1 1 1]
3,6,A*,0.0008802413940429688,7,[1 1 1 1 1 1;1 5 0 0 0 1;1 0 2 0 0 1;1 0 0 0 0 1;1 0 0 0 3 1;1 1 1 1 1 1]
3,6,DFS,0.001875162124633789,31,[1 1 1 1 1 1;1 5 0 0 0 1;1 0 2 0 0 1;1 0 0 0 0 1;1 0 0 0 3 1;1 1 1 1 1 1]
3,6,BFS,0.0015287399291992188,7,[1 1 1 1 1 1;1 5 0 0 0 1;1 0 2 0 0 1;1 0 0 0 0 1;1 0 0 0 3 1;1 1 1 1 1 1]
4,7,A*,0.0021872520446777344,9,[1 1 1 1 1 1 1;1 5 0 0 0 0 1;1 0 2 0 0 0 1;1 0 0 0 0 0 1;1 0 0 0 0 0 1;1 0 0 0 0 3 1;1 1 1 1 1 1 1]
4,7,DFS,0.0127716064453125,119,[1 1 1 1 1 1 1;1 5 0 0 0 0 1;1 0 2 0 0 0 1;1 0 0 0 0 0 1;1 0 0 0 0 0 1;1 0 0 0 0 3 1;1 1 1 1 1 1 1]
4,7,BFS,0.009450435638427734,9,[1 1 1 1 1 1 1;1 5 0 0 0 0 1;1 0 2 0 0 0 1;1 0 0 0 0 0 1;1 0 0 0 0 0 1;1 0 0 0 0 3 1;1 1 1 1 1 1 1]
5,7,A*,0.00416254997253418,9,[1 1 1 1 1 1 1;1 5 0 0 0 0 1;1 0 2 0 0 0 1;1 0 0 0 0 0 1;1 0 0 0 0 0 1;1 0 0 0 0 3 1;1 1 1 1 1 1 1]
5,7,DFS,0.015728235244750977,119,[1 1 1 1 1 1 1;1 5 0 0 0 0 1;1 0 2 0 0 0 1;1 0 0 0 0 0 1;1 0 0 0 0 0 1;1 0 0 0 0 3 1;1 1 1 1 1 1 1]
5,7,BFS,0.00793766975402832,9,[1 1 1 1 1 1 1;1 5 0 0 0 0 1;1 0 2 0 0 0 1;1 0 0 0 0 0 1;1 0 0 0 0 0 1;1 0 0 0 0 3 1;1 1 1 1 1 1 1]
6,8,A*,0.003930568695068359,11,[1 1 1 1 1 1 1 1;1 5 0 0 0 0 0 1;1 0 2 0 0 0 0 1;1 0 0 0 0 0 0 1;1 0 0 0 0 0 0 1;1 0 0 0 0 0 0 1;1 0 0 0 0 0 3 1;1 1 1 1 1 1 1 1]
6,8,DFS,0.027468204498291016,201,[1 1 1 1 1 1 1 1;1 5 0 0 0 0 0 1;1 0 2 0 0 0 0 1;1 0 0 0 0 0 0 1;1 0 0 0 0 0 0 1;1 0 0 0 0 0 0 1;1 0 0 0 0 0 3 1;1 1 1 1 1 1 1 1]
6,8,BFS,0.020808935165405273,11,[1 1 1 1 1 1 1 1;1 5 0 0 0 0 0 1;1 0 2 0 0 0 0 1;1 0 0 0 0 0 0 1;1 0 0 0 0 0 0 1;1 0 0 0 0 0 0 1;1 0 0 0 0 0 3 1;1 1 1 1 1 1 1 1]
7,8,A*,0.006055355072021484,11,[1 1 1 1 1 1 1 1;1 5 0 0 0 0 0 1;1 0 2 0 0 0 0 1;1 0 0 0 0 0 0 1;1 0 0 0 0 0 0 1;1 0 0 0 0 0 0 1;1 0 0 0 0 0 3 1;1 1 1 1 1 1 1 1]
7,8,DFS,0.021059274673461914,201,[1 1 1 1 1 1 1 1;1 5 0 0 0 0 0 1;1 0 2 0 0 0 0 1;1 0 0 0 0 0 0 1;1 0 0 0 0 0 0 1;1 0 0 0 0 0 0 1;1 0 0 0 0 0 3 1;1 1 1 1 1 1 1 1]
7,8,BFS,0.021654844284057617,11,[1 1 1 1 1 1 1 1;1 5 0 0 0 0 0 1;1 0 2 0 0 0 0 1;1 0 0 0 0 0 0 1;1 0 0 0 0 0 0 1;1 0 0 0 0 0 0 1;1 0 0 0 0 0 3 1;1 1 1 1 1 1 1 1]
8,9,A*,0.007169485092163086,13,[1 1 1 1 1 1 1 1 1;1 5 0 0 0 0 0 0 1;1 0 2 0 0 0 0 0 1;1 0 0 0 0 0 0 0 1;1 0 0 0 0 0 0 0 1;1 0 0 0 0 0 0 0 1;1 0 0 0 0 0 0 0 1;1 0 0 0 0 0 0 3 1;1 1 1 1 1 1 1 1 1]
8,9,DFS,0.04844307899475098,399,[1 1 1 1 1 1 1 1 1;1 5 0 0 0 0 0 0 1;1 0 2 0 0 0 0 0 1;1 0 0 0 0 0 0 0 1;1 0 0 0 0 0 0 0 1;1 0 0 0 0 0 0 0 1;1 0 0 0 0 0 0 0 1;1 0 0 0 0 0 0 3 1;1 1 1 1 1 1 1 1 1]
8,9,BFS,0.045706987380981445,13,[1 1 1 1 1 1 1 1 1;1 5 0 0 0 0 0 0 1;1 0 2 0 0 0 0 0 1;1 0 0 0 0 0 0 0 1;1 0 0 0 0 0 0 0 1;1 0 0 0 0 0 0 0 1;1 0 0 0 0 0 0 0 1;1 0 0 0 0 0 0 3 1;1 1 1 1 1 1 1 1 1]
9,9,A*,0.005352973937988281,13,[1 1 1 1 1 1 1 1 1;1 5 0 0 0 0 0 0 1;1 0 2 0 0 0 0 0 1;1 0 0 0 0 0 0 0 1;1 0 0 0 0 0 0 0 1;1 0 0 0 0 0 0 0 1;1 0 0 0 0 0 0 0 1;1 0 0 0 0 0 0 3 1;1 1 1 1 1 1 1 1 1]
9,9,DFS,0.03759002685546875,399,[1 1 1 1 1 1 1 1 1;1 5 0 0 0 0 0 0 1;1 0 2 0 0 0 0 0 1;1 0 0 0 0 0 0 0 1;1 0 0 0 0 0 0 0 1;1 0 0 0 0 0 0 0 1;1 0 0 0 0 0 0 0 1;1 0 0 0 0 0 0 3 1;1 1 1 1 1 1 1 1 1]
9,9,BFS,0.04533720016479492,13,[1 1 1 1 1 1 1 1 1;1 5 0 0 0 0 0 0 1;1 0 2 0 0 0 0 0 1;1 0 0 0 0 0 0 0 1;1 0 0 0 0 0 0 0 1;1 0 0 0 0 0 0 0 1;1 0 0 0 0 0 0 0 1;1 0 0 0 0 0 0 3 1;1 1 1 1 1 1 1 1 1]
10,10,A*,0.0068340301513671875,15,[1 1 1 1 1 1 1 1 1 1;1 5 0 0 0 0 0 0 0 1;1 0 2 0 0 0 0 0 0 1;1 0 0 0 0 0 0 0 0 1;1 0 0 0 0 0 0 0 0 1;1 0 0 0 0 0 0 0 0 1;1 0 0 0 0 0 0 0 0 1;1 0 0 0 0 0 0 0 0 1;1 0 0 0 0 0 0 0 3 1;1 1 1 1 1 1 1 1 1 1]
10,10,DFS,0.09899020195007324,567,[1 1 1 1 1 1 1 1 1 1;1 5 0 0 0 0 0 0 0 1;1 0 2 0 0 0 0 0 0 1;1 0 0 0 0 0 0 0 0 1;1 0 0 0 0 0 0 0 0 1;1 0 0 0 0 0 0 0 0 1;1 0 0 0 0 0 0 0 0 1;1 0 0 0 0 0 0 0 0 1;1 0 0 0 0 0 0 0 3 1;1 1 1 1 1 1 1 1 1 1]
10,10,BFS,0.056853532791137695,15,[1 1 1 1 1 1 1 1 1 1;1 5 0 0 0 0 0 0 0 1;1 0 2 0 0 0 0 0 0 1;1 0 0 0 0 0 0 0 0 1;1 0 0 0 0 0 0 0 0 1;1 0 0 0 0 0 0 0 0 1;1 0 0 0 0 0 0 0 0 1;1 0 0 0 0 0 0 0 0 1;1 0 0 0 0 0 0 0 3 1;1 1 1 1 1 1 1 1 1 1]
11,10,A*,0.005828857421875,15,[1 1 1 1 1 1 1 1 1 1;1 5 0 0 0 0 0 0 0 1;1 0 2 0 0 0 0 0 0 1;1 0 0 0 0 0 0 0 0 1;1 0 0 0 0 0 0 0 0 1;1 0 0 0 0 0 0 0 0 1;1 0 0 0 0 0 0 0 0 1;1 0 0 0 0 0 0 0 0 1;1 0 0 0 0 0 0 0 3 1;1 1 1 1 1 1 1 1 1 1]
11,10,DFS,0.05936717987060547,567,[1 1 1 1 1 1 1 1 1 1;1 5 0 0 0 0 0 0 0 1;1 0 2 0 0 0 0 0 0 1;1 0 0 0 0 0 0 0 0 1;1 0 0 0 0 0 0 0 0 1;1 0 0 0 0 0 0 0 0 1;1 0 0 0 0 0 0 0 0 1;1 0 0 0 0 0 0 0 0 1;1 0 0 0 0 0 0 0 3 1;1 1 1 1 1 1 1 1 1 1]
11,10,BFS,0.06145191192626953,15,[1 1 1 1 1 1 1 1 1 1;1 5 0 0 0 0 0 0 0 1;1 0 2 0 0 0 0 0 0 1;1 0 0 0 0 0 0 0 0 1;1 0 0 0 0 0 0 0 0 1;1 0 0 0 0 0 0 0 0 1;1 0 0 0 0 0 0 0 0 1;1 0 0 0 0 0 0 0 0 1;1 0 0 0 0 0 0 0 3 1;1 1 1 1 1 1 1 1 1 1]
12,11,A*,0.011464834213256836,17,[1 1 1 1 1 1 1 1 1 1 1;1 5 0 0 0 0 0 0 0 0 1;1 0 2 0 0 0 0 0 0 0 1;1 0 0 0 0 0 0 0 0 0 1;1 0 0 0 0 0 0 0 0 0 1;1 0 0 0 0 0 0 0 0 0 1;1 0 0 0 0 0 0 0 0 0 1;1 0 0 0 0 0 0 0 0 0 1;1 0 0 0 0 0 0 0 0 0 1;1 0 0 0 0 0 0 0 0 3 1;1 1 1 1 1 1 1 1 1 1 1]
12,11,DFS,0.11675810813903809,955,[1 1 1 1 1 1 1 1 1 1 1;1 5 0 0 0 0 0 0 0 0 1;1 0 2 0 0 0 0 0 0 0 1;1 0 0 0 0 0 0 0 0 0 1;1 0 0 0 0 0 0 0 0 0 1;1 0 0 0 0 0 0 0 0 0 1;1 0 0 0 0 0 0 0 0 0 1;1 0 0 0 0 0 0 0 0 0 1;1 0 0 0 0 0 0 0 0 0 1;1 0 0 0 0 0 0 0 0 3 1;1 1 1 1 1 1 1 1 1 1 1]
12,11,BFS,0.13330078125,17,[1 1 1 1 1 1 1 1 1 1 1;1 5 0 0 0 0 0 0 0 0 1;1 0 2 0 0 0 0 0 0 0 1;1 0 0 0 0 0 0 0 0 0 1;1 0 0 0 0 0 0 0 0 0 1;1 0 0 0 0 0 0 0 0 0 1;1 0 0 0 0 0 0 0 0 0 1;1 0 0 0 0 0 0 0 0 0 1;1 0 0 0 0 0 0 0 0 0 1;1 0 0 0 0 0 0 0 0 3 1;1 1 1 1 1 1 1 1 1 1 1]
13,11,A*,0.02347564697265625,17,[1 1 1 1 1 1 1 1 1 1 1;1 5 0 0 0 0 0 0 0 0 1;1 0 2 0 0 0 0 0 0 0 1;1 0 0 0 0 0 0 0 0 0 1;1 0 0 0 0 0 0 0 0 0 1;1 0 0 0 0 0 0 0 0 0 1;1 0 0 0 0 0 0 0 0 0 1;1 0 0 0 0 0 0 0 0 0 1;1 0 0 0 0 0 0 0 0 0 1;1 0 0 0 0 0 0 0 0 3 1;1 1 1 1 1 1 1 1 1 1 1]
13,11,DFS,0.12757611274719238,955,[1 1 1 1 1 1 1 1 1 1 1;1 5 0 0 0 0 0 0 0 0 1;1 0 2 0 0 0 0 0 0 0 1;1 0 0 0 0 0 0 0 0 0 1;1 0 0 0 0 0 0 0 0 0 1;1 0 0 0 0 0 0 0 0 0 1;1 0 0 0 0 0 0 0 0 0 1;1 0 0 0 0 0 0 0 0 0 1;1 0 0 0 0 0 0 0 0 0 1;1 0 0 0 0 0 0 0 0 3 1;1 1 1 1 1 1 1 1 1 1 1]
13,11,BFS,0.03367257118225098,17,[1 1 1 1 1 1 1 1 1 1 1;1 5 0 0 0 0 0 0 0 0 1;1 0 2 0 0 0 0 0 0 0 1;1 0 0 0 0 0 0 0 0 0 1;1 0 0 0 0 0 0 0 0 0 1;1 0 0 0 0 0 0 0 0 0 1;1 0 0 0 0 0 0 0 0 0 1;1 0 0 0 0 0 0 0 0 0 1;1 0 0 0 0 0 0 0 0 0 1;1 0 0 0 0 0 0 0 0 3 1;1 1 1 1 1 1 1 1 1 1 1]
14,12,A*,0.003742218017578125,19,[1 1 1 1 1 1 1 1 1 1 1 1;1 5 0 0 0 0 0 0 0 0 0 1;1 0 2 0 0 0 0 0 0 0 0 1;1 0 0 0 0 0 0 0 0 0 0 1;1 0 0 0 0 0 0 0 0 0 0 1;1 0 0 0 0 0 0 0 0 0 0 1;1 0 0 0 0 0 0 0 0 0 0 1;1 0 0 0 0 0 0 0 0 0 0 1;1 0 0 0 0 0 0 0 0 0 0 1;1 0 0 0 0 0 0 0 0 0 0 1;1 0 0 0 0 0 0 0 0 0 3 1;1 1 1 1 1 1 1 1 1 1 1 1]
14,12,DFS,0.07504582405090332,1241,[1 1 1 1 1 1 1 1 1 1 1 1;1 5 0 0 0 0 0 0 0 0 0 1;1 0 2 0 0 0 0 0 0 0 0 1;1 0 0 0 0 0 0 0 0 0 0 1;1 0 0 0 0 0 0 0 0 0 0 1;1 0 0 0 0 0 0 0 0 0 0 1;1 0 0 0 0 0 0 0 0 0 0 1;1 0 0 0 0 0 0 0 0 0 0 1;1 0 0 0 0 0 0 0 0 0 0 1;1 0 0 0 0 0 0 0 0 0 0 1;1 0 0 0 0 0 0 0 0 0 3 1;1 1 1 1 1 1 1 1 1 1 1 1]
14,12,BFS,0.12476134300231934,19,[1 1 1 1 1 1 1 1 1 1 1 1;1 5 0 0 0 0 0 0 0 0 0 1;1 0 2 0 0 0 0 0 0 0 0 1;1 0 0 0 0 0 0 0 0 0 0 1;1 0 0 0 0 0 0 0 0 0 0 1;1 0 0 0 0 0 0 0 0 0 0 1;1 0 0 0 0 0 0 0 0 0 0 1;1 0 0 0 0 0 0 0 0 0 0 1;1 0 0 0 0 0 0 0 0 0 0 1;1 0 0 0 0 0 0 0 0 0 0 1;1 0 0 0 0 0 0 0 0 0 3 1;1 1 1 1 1 1 1 1 1 1 1 1]
15,12,A*,0.010803937911987305,19,[1 1 1 1 1 1 1 1 1 1 1 1;1 5 0 0 0 0 0 0 0 0 0 1;1 0 2 0 0 0 0 0 0 0 0 1;1 0 0 0 0 0 0 0 0 0 0 1;1 0 0 0 0 0 0 0 0 0 0 1;1 0 0 0 0 0 0 0 0 0 0 1;1 0 0 0 0 0 0 0 0 0 0 1;1 0 0 0 0 0 0 0 0 0 0 1;1 0 0 0 0 0 0 0 0 0 0 1;1 0 0 0 0 0 0 0 0 0 0 1;1 0 0 0 0 0 0 0 0 0 3 1;1 1 1 1 1 1 1 1 1 1 1 1]
15,12,DFS,0.09005069732666016,1241,[1 1 1 1 1 1 1 1 1 1 1 1;1 5 0 0 0 0 0 0 0 0 0 1;1 0 2 0 0 0 0 0 0 0 0 1;1 0 0 0 0 0 0 0 0 0 0 1;1 0 0 0 0 0 0 0 0 0 0 1;1 0 0 0 0 0 0 0 0 0 0 1;1 0 0 0 0 0 0 0 0 0 0 1;1 0 0 0 0 0 0 0 0 0 0 1;1 0 0 0 0 0 0 0 0 0 0 1;1 0 0 0 0 0 0 0 0 0 0 1;1 0 0 0 0 0 0 0 0 0 3 1;1 1 1 1 1 1 1 1 1 1 1 1]
15,12,BFS,0.04877638816833496,19,[1 1 1 1 1 1 1 1 1 1 1 1;1 5 0 0 0 0 0 0 0 0 0 1;1 0 2 0 0 0 0 0 0 0 0 1;1 0 0 0 0 0 0 0 0 0 0 1;1 0 0 0 0 0 0 0 0 0 0 1;1 0 0 0 0 0 0 0 0 0 0 1;1 0 0 0 0 0 0 0 0 0 0 1;1 0 0 0 0 0 0 0 0 0 0 1;1 0 0 0 0 0 0 0 0 0 0 1;1 0 0 0 0 0 0 0 0 0 0 1;1 0 0 0 0 0 0 0 0 0 3 1;1 1 1 1 1 1 1 1 1 1 1 1]
16,13,A*,0.004559040069580078,21,[1 1 1 1 1 1 1 1 1 1 1 1 1;1 5 0 0 0 0 0 0 0 0 0 0 1;1 0 2 0 0 0 0 0 0 0 0 0 1;1 0 0 0 0 0 0 0 0 0 0 0 1;1 0 0 0 0 0 0 0 0 0 0 0 1;1 0 0 0 0 0 0 0 0 0 0 0 1;1 0 0 0 0 0 0 0 0 0 0 0 1;1 0 0 0 0 0 0 0 0 0 0 0 1;1 0 0 0 0 0 0 0 0 0 0 0 1;1 0 0 0 0 0 0 0 0 0 0 0 1;1 0 0 0 0 0 0 0 0 0 0 0 1;1 0 0 0 0 0 0 0 0 0 0 3 1;1 1 1 1 1 1 1 1 1 1 1 1 1]
16,13,DFS,0.11231756210327148,1883,[1 1 1 1 1 1 1 1 1 1 1 1 1;1 5 0 0 0 0 0 0 0 0 0 0 1;1 0 2 0 0 0 0 0 0 0 0 0 1;1 0 0 0 0 0 0 0 0 0 0 0 1;1 0 0 0 0 0 0 0 0 0 0 0 1;1 0 0 0 0 0 0 0 0 0 0 0 1;1 0 0 0 0 0 0 0 0 0 0 0 1;1 0 0 0 0 0 0 0 0 0 0 0 1;1 0 0 0 0 0 0 0 0 0 0 0 1;1 0 0 0 0 0 0 0 0 0 0 0 1;1 0 0 0 0 0 0 0 0 0 0 0 1;1 0 0 0 0 0 0 0 0 0 0 3 1;1 1 1 1 1 1 1 1 1 1 1 1 1]
16,13,BFS,0.10197663307189941,21,[1 1 1 1 1 1 1 1 1 1 1 1 1;1 5 0 0 0 0 0 0 0 0 0 0 1;1 0 2 0 0 0 0 0 0 0 0 0 1;1 0 0 0 0 0 0 0 0 0 0 0 1;1 0 0 0 0 0 0 0 0 0 0 0 1;1 0 0 0 0 0 0 0 0 0 0 0 1;1 0 0 0 0 0 0 0 0 0 0 0 1;1 0 0 0 0 0 0 0 0 0 0 0 1;1 0 0 0 0 0 0 0 0 0 0 0 1;1 0 0 0 0 0 0 0 0 0 0 0 1;1 0 0 0 0 0 0 0 0 0 0 0 1;1 0 0 0 0 0 0 0 0 0 0 3 1;1 1 1 1 1 1 1 1 1 1 1 1 1]
17,13,A*,0.004725217819213867,21,[1 1 1 1 1 1 1 1 1 1 1 1 1;1 5 0 0 0 0 0 0 0 0 0 0 1;1 0 2 0 0 0 0 0 0 0 0 0 1;1 0 0 0 0 0 0 0 0 0 0 0 1;1 0 0 0 0 0 0 0 0 0 0 0 1;1 0 0 0 0 0 0 0 0 0 0 0 1;1 0 0 0 0 0 0 0 0 0 0 0 1;1 0 0 0 0 0 0 0 0 0 0 0 1;1 0 0 0 0 0 0 0 0 0 0 0 1;1 0 0 0 0 0 0 0 0 0 0 0 1;1 0 0 0 0 0 0 0 0 0 0 0 1;1 0 0 0 0 0 0 0 0 0 0 3 1;1 1 1 1 1 1 1 1 1 1 1 1 1]
17,13,DFS,0.0850515365600586,1883,[1 1 1 1 1 1 1 1 1 1 1 1 1;1 5 0 0 0 0 0 0 0 0 0 0 1;1 0 2 0 0 0 0 0 0 0 0 0 1;1 0 0 0 0 0 0 0 0 0 0 0 1;1 0 0 0 0 0 0 0 0 0 0 0 1;1 0 0 0 0 0 0 0 0 0 0 0 1;1 0 0 0 0 0 0 0 0 0 0 0 1;1 0 0 0 0 0 0 0 0 0 0 0 1;1 0 0 0 0 0 0 0 0 0 0 0 1;1 0 0 0 0 0 0 0 0 0 0 0 1;1 0 0 0 0 0 0 0 0 0 0 0 1;1 0 0 0 0 0 0 0 0 0 0 3 1;1 1 1 1 1 1 1 1 1 1 1 1 1]
17,13,BFS,0.08330178260803223,21,[1 1 1 1 1 1 1 1 1 1 1 1 1;1 5 0 0 0 0 0 0 0 0 0 0 1;1 0 2 0 0 0 0 0 0 0 0 0 1;1 0 0 0 0 0 0 0 0 0 0 0 1;1 0 0 0 0 0 0 0 0 0 0 0 1;1 0 0 0 0 0 0 0 0 0 0 0 1;1 0 0 0 0 0 0 0 0 0 0 0 1;1 0 0 0 0 0 0 0 0 0 0 0 1;1 0 0 0 0 0 0 0 0 0 0 0 1;1 0 0 0 0 0 0 0 0 0 0 0 1;1 0 0 0 0 0 0 0 0 0 0 0 1;1 0 0 0 0 0 0 0 0 0 0 3 1;1 1 1 1 1 1 1 1 1 1 1 1 1]
18,14,A*,0.013956546783447266,23,[1 1 1 1 1 1 1 1 1 1 1 1 1 1;1 5 0 0 0 0 0 0 0 0 0 0 0 1;1 0 2 0 0 0 0 0 0 0 0 0 0 1;1 0 0 0 0 0 0 0 0 0 0 0 0 1;1 0 0 0 0 0 0 0 0 0 0 0 0 1;1 0 0 0 0 0 0 0 0 0 0 0 0 1;1 0 0 0 0 0 0 0 0 0 0 0 0 1;1 0 0 0 0 0 0 0 0 0 0 0 0 1;1 0 0 0 0 0 0 0 0 0 0 0 0 1;1 0 0 0 0 0 0 0 0 0 0 0 0 1;1 0 0 0 0 0 0 0 0 0 0 0 0 1;1 0 0 0 0 0 0 0 0 0 0 0 0 1;1 0 0 0 0 0 0 0 0 0 0 0 3 1;1 1 1 1 1 1 1 1 1 1 1 1 1 1]
18,14,DFS,0.20494985580444336,2319,[1 1 1 1 1 1 1 1 1 1 1 1 1 1;1 5 0 0 0 0 0 0 0 0 0 0 0 1;1 0 2 0 0 0 0 0 0 0 0 0 0 1;1 0 0 0 0 0 0 0 0 0 0 0 0 1;1 0 0 0 0 0 0 0 0 0 0 0 0 1;1 0 0 0 0 0 0 0 0 0 0 0 0 1;1 0 0 0 0 0 0 0 0 0 0 0 0 1;1 0 0 0 0 0 0 0 0 0 0 0 0 1;1 0 0 0 0 0 0 0 0 0 0 0 0 1;1 0 0 0 0 0 0 0 0 0 0 0 0 1;1 0 0 0 0 0 0 0 0 0 0 0 0 1;1 0 0 0 0 0 0 0 0 0 0 0 0 1;1 0 0 0 0 0 0 0 0 0 0 0 3 1;1 1 1 1 1 1 1 1 1 1 1 1 1 1]
18,14,BFS,0.23175644874572754,23,[1 1 1 1 1 1 1 1 1 1 1 1 1 1;1 5 0 0 0 0 0 0 0 0 0 0 0 1;1 0 2 0 0 0 0 0 0 0 0 0 0 1;1 0 0 0 0 0 0 0 0 0 0 0 0 1;1 0 0 0 0 0 0 0 0 0 0 0 0 1;1 0 0 0 0 0 0 0 0 0 0 0 0 1;1 0 0 0 0 0 0 0 0 0 0 0 0 1;1 0 0 0 0 0 0 0 0 0 0 0 0 1;1 0 0 0 0 0 0 0 0 0 0 0 0 1;1 0 0 0 0 0 0 0 0 0 0 0 0 1;1 0 0 0 0 0 0 0 0 0 0 0 0 1;1 0 0 0 0 0 0 0 0 0 0 0 0 1;1 0 0 0 0 0 0 0 0 0 0 0 3 1;1 1 1 1 1 1 1 1 1 1 1 1 1 1]
19,14,A*,0.007708072662353516,23,[1 1 1 1 1 1 1 1 1 1 1 1 1 1;1 5 0 0 0 0 0 0 0 0 0 0 0 1;1 0 2 0 0 0 0 0 0 0 0 0 0 1;1 0 0 0 0 0 0 0 0 0 0 0 0 1;1 0 0 0 0 0 0 0 0 0 0 0 0 1;1 0 0 0 0 0 0 0 0 0 0 0 0 1;1 0 0 0 0 0 0 0 0 0 0 0 0 1;1 0 0 0 0 0 0 0 0 0 0 0 0 1;1 0 0 0 0 0 0 0 0 0 0 0 0 1;1 0 0 0 0 0 0 0 0 0 0 0 0 1;1 0 0 0 0 0 0 0 0 0 0 0 0 1;1 0 0 0 0 0 0 0 0 0 0 0 0 1;1 0 0 0 0 0 0 0 0 0 0 0 3 1;1 1 1 1 1 1 1 1 1 1 1 1 1 1]
19,14,DFS,0.15524768829345703,2319,[1 1 1 1 1 1 1 1 1 1 1 1 1 1;1 5 0 0 0 0 0 0 0 0 0 0 0 1;1 0 2 0 0 0 0 0 0 0 0 0 0 1;1 0 0 0 0 0 0 0 0 0 0 0 0 1;1 0 0 0 0 0 0 0 0 0 0 0 0 1;1 0 0 0 0 0 0 0 0 0 0 0 0 1;1 0 0 0 0 0 0 0 0 0 0 0 0 1;1 0 0 0 0 0 0 0 0 0 0 0 0 1;1 0 0 0 0 0 0 0 0 0 0 0 0 1;1 0 0 0 0 0 0 0 0 0 0 0 0 1;1 0 0 0 0 0 0 0 0 0 0 0 0 1;1 0 0 0 0 0 0 0 0 0 0 0 0 1;1 0 0 0 0 0 0 0 0 0 0 0 3 1;1 1 1 1 1 1 1 1 1 1 1 1 1 1]
19,14,BFS,0.17220139503479004,23,[1 1 1 1 1 1 1 1 1 1 1 1 1 1;1 5 0 0 0 0 0 0 0 0 0 0 0 1;1 0 2 0 0 0 0 0 0 0 0 0 0 1;1 0 0 0 0 0 0 0 0 0 0 0 0 1;1 0 0 0 0 0 0 0 0 0 0 0 0 1;1 0 0 0 0 0 0 0 0 0 0 0 0 1;1 0 0 0 0 0 0 0 0 0 0 0 0 1;1 0 0 0 0 0 0 0 0 0 0 0 0 1;1 0 0 0 0 0 0 0 0 0 0 0 0 1;1 0 0 0 0 0 0 0 0 0 0 0 0 1;1 0 0 0 0 0 0 0 0 0 0 0 0 1;1 0 0 0 0 0 0 0 0 0 0 0 0 1;1 0 0 0 0 0 0 0 0 0 0 0 3 1;1 1 1 1 1 1 1 1 1 1 1 1 1 1]
20,15,A*,0.005776882171630859,25,[1 1 1 1 1 1 1 1 1 1 1 1 1 1 1;1 5 0 0 0 0 0 0 0 0 0 0 0 0 1;1 0 2 0 0 0 0 0 0 0 0 0 0 0 1;1 0 0 0 0 0 0 0 0 0 0 0 0 0 1;1 0 0 0 0 0 0 0 0 0 0 0 0 0 1;1 0 0 0 0 0 0 0 0 0 0 0 0 0 1;1 0 0 0 0 0 0 0 0 0 0 0 0 0 1;1 0 0 0 0 0 0 0 0 0 0 0 0 0 1;1 0 0 0 0 0 0 0 0 0 0 0 0 0 1;1 0 0 0 0 0 0 0 0 0 0 0 0 0 1;1 0 0 0 0 0 0 0 0 0 0 0 0 0 1;1 0 0 0 0 0 0 0 0 0 0 0 0 0 1;1 0 0 0 0 0 0 0 0 0 0 0 0 0 1;1 0 0 0 0 0 0 0 0 0 0 0 0 3 1;1 1 1 1 1 1 1 1 1 1 1 1 1 1 1]
20,15,DFS,0.37946510314941406,3279,[1 1 1 1 1 1 1 1 1 1 1 1 1 1 1;1 5 0 0 0 0 0 0 0 0 0 0 0 0 1;1 0 2 0 0 0 0 0 0 0 0 0 0 0 1;1 0 0 0 0 0 0 0 0 0 0 0 0 0 1;1 0 0 0 0 0 0 0 0 0 0 0 0 0 1;1 0 0 0 0 0 0 0 0 0 0 0 0 0 1;1 0 0 0 0 0 0 0 0 0 0 0 0 0 1;1 0 0 0 0 0 0 0 0 0 0 0 0 0 1;1 0 0 0 0 0 0 0 0 0 0 0 0 0 1;1 0 0 0 0 0 0 0 0 0 0 0 0 0 1;1 0 0 0 0 0 0 0 0 0 0 0 0 0 1;1 0 0 0 0 0 0 0 0 0 0 0 0 0 1;1 0 0 0 0 0 0 0 0 0 0 0 0 0 1;1 0 0 0 0 0 0 0 0 0 0 0 0 3 1;1 1 1 1 1 1 1 1 1 1 1 1 1 1 1]
20,15,BFS,0.15625715255737305,25,[1 1 1 1 1 1 1 1 1 1 1 1 1 1 1;1 5 0 0 0 0 0 0 0 0 0 0 0 0 1;1 0 2 0 0 0 0 0 0 0 0 0 0 0 1;1 0 0 0 0 0 0 0 0 0 0 0 0 0 1;1 0 0 0 0 0 0 0 0 0 0 0 0 0 1;1 0 0 0 0 0 0 0 0 0 0 0 0 0 1;1 0 0 0 0 0 0 0 0 0 0 0 0 0 1;1 0 0 0 0 0 0 0 0 0 0 0 0 0 1;1 0 0 0 0 0 0 0 0 0 0 0 0 0 1;1 0 0 0 0 0 0 0 0 0 0 0 0 0 1;1 0 0 0 0 0 0 0 0 0 0 0 0 0 1;1 0 0 0 0 0 0 0 0 0 0 0 0 0 1;1 0 0 0 0 0 0 0 0 0 0 0 0 0 1;1 0 0 0 0 0 0 0 0 0 0 0 0 3 1;1 1 1 1 1 1 1 1 1 1 1 1 1 1 1]
21,15,A*,0.007304191589355469,25,[1 1 1 1 1 1 1 1 1 1 1 1 1 1 1;1 5 0 0 0 0 0 0 0 0 0 0 0 0 1;1 0 2 0 0 0 0 0 0 0 0 0 0 0 1;1 0 0 0 0 0 0 0 0 0 0 0 0 0 1;1 0 0 0 0 0 0 0 0 0 0 0 0 0 1;1 0 0 0 0 0 0 0 0 0 0 0 0 0 1;1 0 0 0 0 0 0 0 0 0 0 0 0 0 1;1 0 0 0 0 0 0 0 0 0 0 0 0 0 1;1 0 0 0 0 0 0 0 0 0 0 0 0 0 1;1 0 0 0 0 0 0 0 0 0 0 0 0 0 1;1 0 0 0 0 0 0 0 0 0 0 0 0 0 1;1 0 0 0 0 0 0 0 0 0 0 0 0 0 1;1 0 0 0 0 0 0 0 0 0 0 0 0 0 1;1 0 0 0 0 0 0 0 0 0 0 0 0 3 1;1 1 1 1 1 1 1 1 1 1 1 1 1 1 1]
21,15,DFS,0.3257739543914795,3279,[1 1 1 1 1 1 1 1 1 1 1 1 1 1 1;1 5 0 0 0 0 0 0 0 0 0 0 0 0 1;1 0 2 0 0 0 0 0 0 0 0 0 0 0 1;1 0 0 0 0 0 0 0 0 0 0 0 0 0 1;1 0 0 0 0 0 0 0 0 0 0 0 0 0 1;1 0 0 0 0 0 0 0 0 0 0 0 0 0 1;1 0 0 0 0 0 0 0 0 0 0 0 0 0 1;1 0 0 0 0 0 0 0 0 0 0 0 0 0 1;1 0 0 0 0 0 0 0 0 0 0 0 0 0 1;1 0 0 0 0 0 0 0 0 0 0 0 0 0 1;1 0 0 0 0 0 0 0 0 0 0 0 0 0 1;1 0 0 0 0 0 0 0 0 0 0 0 0 0 1;1 0 0 0 0 0 0 0 0 0 0 0 0 0 1;1 0 0 0 0 0 0 0 0 0 0 0 0 3 1;1 1 1 1 1 1 1 1 1 1 1 1 1 1 1]
21,15,BFS,0.17358827590942383,25,[1 1 1 1 1 1 1 1 1 1 1 1 1 1 1;1 5 0 0 0 0 0 0 0 0 0 0 0 0 1;1 0 2 0 0 0 0 0 0 0 0 0 0 0 1;1 0 0 0 0 0 0 0 0 0 0 0 0 0 1;1 0 0 0 0 0 0 0 0 0 0 0 0 0 1;1 0 0 0 0 0 0 0 0 0 0 0 0 0 1;1 0 0 0 0 0 0 0 0 0 0 0 0 0 1;1 0 0 0 0 0 0 0 0 0 0 0 0 0 1;1 0 0 0 0 0 0 0 0 0 0 0 0 0 1;1 0 0 0 0 0 0 0 0 0 0 0 0 0 1;1 0 0 0 0 0 0 0 0 0 0 0 0 0 1;1 0 0 0 0 0 0 0 0 0 0 0 0 0 1;1 0 0 0 0 0 0 0 0 0 0 0 0 0 1;1 0 0 0 0 0 0 0 0 0 0 0 0 3 1;1 1 1 1 1 1 1 1 1 1 1 1 1 1 1]
22,16,A*,0.007430315017700195,27,[1 1 1 1 1 1 1 1 1 1 1 1 1 1 1 1;1 5 0 0 0 0 0 0 0 0 0 0 0 0 0 1;1 0 2 0 0 0 0 0 0 0 0 0 0 0 0 1;1 0 0 0 0 0 0 0 0 0 0 0 0 0 0 1;1 0 0 0 0 0 0 0 0 0 0 0 0 0 0 1;1 0 0 0 0 0 0 0 0 0 0 0 0 0 0 1;1 0 0 0 0 0 0 0 0 0 0 0 0 0 0 1;1 0 0 0 0 0 0 0 0 0 0 0 0 0 0 1;1 0 0 0 0 0 0 0 0 0 0 0 0 0 0 1;1 0 0 0 0 0 0 0 0 0 0 0 0 0 0 1;1 0 0 0 0 0 0 0 0 0 0 0 0 0 0 1;1 0 0 0 0 0 0 0 0 0 0 0 0 0 0 1;1 0 0 0 0 0 0 0 0 0 0 0 0 0 0 1;1 0 0 0 0 0 0 0 0 0 0 0 0 0 0 1;1 0 0 0 0 0 0 0 0 0 0 0 0 0 3 1;1 1 1 1 1 1 1 1 1 1 1 1 1 1 1 1]
22,16,DFS,0.540729284286499,3897,[1 1 1 1 1 1 1 1 1 1 1 1 1 1 1 1;1 5 0 0 0 0 0 0 0 0 0 0 0 0 0 1;1 0 2 0 0 0 0 0 0 0 0 0 0 0 0 1;1 0 0 0 0 0 0 0 0 0 0 0 0 0 0 1;1 0 0 0 0 0 0 0 0 0 0 0 0 0 0 1;1 0 0 0 0 0 0 0 0 0 0 0 0 0 0 1;1 0 0 0 0 0 0 0 0 0 0 0 0 0 0 1;1 0 0 0 0 0 0 0 0 0 0 0 0 0 0 1;1 0 0 0 0 0 0 0 0 0 0 0 0 0 0 1;1 0 0 0 0 0 0 0 0 0 0 0 0 0 0 1;1 0 0 0 0 0 0 0 0 0 0 0 0 0 0 1;1 0 0 0 0 0 0 0 0 0 0 0 0 0 0 1;1 0 0 0 0 0 0 0 0 0 0 0 0 0 0 1;1 0 0 0 0 0 0 0 0 0 0 0 0 0 0 1;1 0 0 0 0 0 0 0 0 0 0 0 0 0 3 1;1 1 1 1 1 1 1 1 1 1 1 1 1 1 1 1]
22,16,BFS,0.4036562442779541,27,[1 1 1 1 1 1 1 1 1 1 1 1 1 1 1 1;1 5 0 0 0 0 0 0 0 0 0 0 0 0 0 1;1 0 2 0 0 0 0 0 0 0 0 0 0 0 0 1;1 0 0 0 0 0 0 0 0 0 0 0 0 0 0 1;1 0 0 0 0 0 0 0 0 0 0 0 0 0 0 1;1 0 0 0 0 0 0 0 0 0 0 0 0 0 0 1;1 0 0 0 0 0 0 0 0 0 0 0 0 0 0 1;1 0 0 0 0 0 0 0 0 0 0 0 0 0 0 1;1 0 0 0 0 0 0 0 0 0 0 0 0 0 0 1;1 0 0 0 0 0 0 0 0 0 0 0 0 0 0 1;1 0 0 0 0 0 0 0 0 0 0 0 0 0 0 1;1 0 0 0 0 0 0 0 0 0 0 0 0 0 0 1;1 0 0 0 0 0 0 0 0 0 0 0 0 0 0 1;1 0 0 0 0 0 0 0 0 0 0 0 0 0 0 1;1 0 0 0 0 0 0 0 0 0 0 0 0 0 3 1;1 1 1 1 1 1 1 1 1 1 1 1 1 1 1 1]
23,16,A*,0.021996259689331055,27,[1 1 1 1 1 1 1 1 1 1 1 1 1 1 1 1;1 5 0 0 0 0 0 0 0 0 0 0 0 0 0 1;1 0 2 0 0 0 0 0 0 0 0 0 0 0 0 1;1 0 0 0 0 0 0 0 0 0 0 0 0 0 0 1;1 0 0 0 0 0 0 0 0 0 0 0 0 0 0 1;1 0 0 0 0 0 0 0 0 0 0 0 0 0 0 1;1 0 0 0 0 0 0 0 0 0 0 0 0 0 0 1;1 0 0 0 0 0 0 0 0 0 0 0 0 0 0 1;1 0 0 0 0 0 0 0 0 0 0 0 0 0 0 1;1 0 0 0 0 0 0 0 0 0 0 0 0 0 0 1;1 0 0 0 0 0 0 0 0 0 0 0 0 0 0 1;1 0 0 0 0 0 0 0 0 0 0 0 0 0 0 1;1 0 0 0 0 0 0 0 0 0 0 0 0 0 0 1;1 0 0 0 0 0 0 0 0 0 0 0 0 0 0 1;1 0 0 0 0 0 0 0 0 0 0 0 0 0 3 1;1 1 1 1 1 1 1 1 1 1 1 1 1 1 1 1]
23,16,DFS,0.631218671798706,3897,[1 1 1 1 1 1 1 1 1 1 1 1 1 1 1 1;1 5 0 0 0 0 0 0 0 0 0 0 0 0 0 1;1 0 2 0 0 0 0 0 0 0 0 0 0 0 0 1;1 0 0 0 0 0 0 0 0 0 0 0 0 0 0 1;1 0 0 0 0 0 0 0 0 0 0 0 0 0 0 1;1 0 0 0 0 0 0 0 0 0 0 0 0 0 0 1;1 0 0 0 0 0 0 0 0 0 0 0 0 0 0 1;1 0 0 0 0 0 0 0 0 0 0 0 0 0 0 1;1 0 0 0 0 0 0 0 0 0 0 0 0 0 0 1;1 0 0 0 0 0 0 0 0 0 0 0 0 0 0 1;1 0 0 0 0 0 0 0 0 0 0 0 0 0 0 1;1 0 0 0 0 0 0 0 0 0 0 0 0 0 0 1;1 0 0 0 0 0 0 0 0 0 0 0 0 0 0 1;1 0 0 0 0 0 0 0 0 0 0 0 0 0 0 1;1 0 0 0 0 0 0 0 0 0 0 0 0 0 3 1;1 1 1 1 1 1 1 1 1 1 1 1 1 1 1 1]
23,16,BFS,0.33713793754577637,27,[1 1 1 1 1 1 1 1 1 1 1 1 1 1 1 1;1 5 0 0 0 0 0 0 0 0 0 0 0 0 0 1;1 0 2 0 0 0 0 0 0 0 0 0 0 0 0 1;1 0 0 0 0 0 0 0 0 0 0 0 0 0 0 1;1 0 0 0 0 0 0 0 0 0 0 0 0 0 0 1;1 0 0 0 0 0 0 0 0 0 0 0 0 0 0 1;1 0 0 0 0 0 0 0 0 0 0 0 0 0 0 1;1 0 0 0 0 0 0 0 0 0 0 0 0 0 0 1;1 0 0 0 0 0 0 0 0 0 0 0 0 0 0 1;1 0 0 0 0 0 0 0 0 0 0 0 0 0 0 1;1 0 0 0 0 0 0 0 0 0 0 0 0 0 0 1;1 0 0 0 0 0 0 0 0 0 0 0 0 0 0 1;1 0 0 0 0 0 0 0 0 0 0 0 0 0 0 1;1 0 0 0 0 0 0 0 0 0 0 0 0 0 0 1;1 0 0 0 0 0 0 0 0 0 0 0 0 0 3 1;1 1 1 1 1 1 1 1 1 1 1 1 1 1 1 1]
24,17,A*,0.011291742324829102,29,[1 1 1 1 1 1 1 1 1 1 1 1 1 1 1 1 1;1 5 0 0 0 0 0 0 0 0 0 0 0 0 0 0 1;1 0 2 0 0 0 0 0 0 0 0 0 0 0 0 0 1;1 0 0 0 0 0 0 0 0 0 0 0 0 0 0 0 1;1 0 0 0 0 0 0 0 0 0 0 0 0 0 0 0 1;1 0 0 0 0 0 0 0 0 0 0 0 0 0 0 0 1;1 0 0 0 0 0 0 0 0 0 0 0 0 0 0 0 1;1 0 0 0 0 0 0 0 0 0 0 0 0 0 0 0 1;1 0 0 0 0 0 0 0 0 0 0 0 0 0 0 0 1;1 0 0 0 0 0 0 0 0 0 0 0 0 0 0 0 1;1 0 0 0 0 0 0 0 0 0 0 0 0 0 0 0 1;1 0 0 0 0 0 0 0 0 0 0 0 0 0 0 0 1;1 0 0 0 0 0 0 0 0 0 0 0 0 0 0 0 1;1 0 0 0 0 0 0 0 0 0 0 0 0 0 0 0 1;1 0 0 0 0 0 0 0 0 0 0 0 0 0 0 0 1;1 0 0 0 0 0 0 0 0 0 0 0 0 0 0 3 1;1 1 1 1 1 1 1 1 1 1 1 1 1 1 1 1 1]
24,17,DFS,1.9216322898864746,5239,[1 1 1 1 1 1 1 1 1 1 1 1 1 1 1 1 1;1 5 0 0 0 0 0 0 0 0 0 0 0 0 0 0 1;1 0 2 0 0 0 0 0 0 0 0 0 0 0 0 0 1;1 0 0 0 0 0 0 0 0 0 0 0 0 0 0 0 1;1 0 0 0 0 0 0 0 0 0 0 0 0 0 0 0 1;1 0 0 0 0 0 0 0 0 0 0 0 0 0 0 0 1;1 0 0 0 0 0 0 0 0 0 0 0 0 0 0 0 1;1 0 0 0 0 0 0 0 0 0 0 0 0 0 0 0 1;1 0 0 0 0 0 0 0 0 0 0 0 0 0 0 0 1;1 0 0 0 0 0 0 0 0 0 0 0 0 0 0 0 1;1 0 0 0 0 0 0 0 0 0 0 0 0 0 0 0 1;1 0 0 0 0 0 0 0 0 0 0 0 0 0 0 0 1;1 0 0 0 0 0 0 0 0 0 0 0 0 0 0 0 1;1 0 0 0 0 0 0 0 0 0 0 0 0 0 0 0 1;1 0 0 0 0 0 0 0 0 0 0 0 0 0 0 0 1;1 0 0 0 0 0 0 0 0 0 0 0 0 0 0 3 1;1 1 1 1 1 1 1 1 1 1 1 1 1 1 1 1 1]
24,17,BFS,0.3386518955230713,29,[1 1 1 1 1 1 1 1 1 1 1 1 1 1 1 1 1;1 5 0 0 0 0 0 0 0 0 0 0 0 0 0 0 1;1 0 2 0 0 0 0 0 0 0 0 0 0 0 0 0 1;1 0 0 0 0 0 0 0 0 0 0 0 0 0 0 0 1;1 0 0 0 0 0 0 0 0 0 0 0 0 0 0 0 1;1 0 0 0 0 0 0 0 0 0 0 0 0 0 0 0 1;1 0 0 0 0 0 0 0 0 0 0 0 0 0 0 0 1;1 0 0 0 0 0 0 0 0 0 0 0 0 0 0 0 1;1 0 0 0 0 0 0 0 0 0 0 0 0 0 0 0 1;1 0 0 0 0 0 0 0 0 0 0 0 0 0 0 0 1;1 0 0 0 0 0 0 0 0 0 0 0 0 0 0 0 1;1 0 0 0 0 0 0 0 0 0 0 0 0 0 0 0 1;1 0 0 0 0 0 0 0 0 0 0 0 0 0 0 0 1;1 0 0 0 0 0 0 0 0 0 0 0 0 0 0 0 1;1 0 0 0 0 0 0 0 0 0 0 0 0 0 0 0 1;1 0 0 0 0 0 0 0 0 0 0 0 0 0 0 3 1;1 1 1 1 1 1 1 1 1 1 1 1 1 1 1 1 1]
25,17,A*,0.009071588516235352,29,[1 1 1 1 1 1 1 1 1 1 1 1 1 1 1 1 1;1 5 0 0 0 0 0 0 0 0 0 0 0 0 0 0 1;1 0 2 0 0 0 0 0 0 0 0 0 0 0 0 0 1;1 0 0 0 0 0 0 0 0 0 0 0 0 0 0 0 1;1 0 0 0 0 0 0 0 0 0 0 0 0 0 0 0 1;1 0 0 0 0 0 0 0 0 0 0 0 0 0 0 0 1;1 0 0 0 0 0 0 0 0 0 0 0 0 0 0 0 1;1 0 0 0 0 0 0 0 0 0 0 0 0 0 0 0 1;1 0 0 0 0 0 0 0 0 0 0 0 0 0 0 0 1;1 0 0 0 0 0 0 0 0 0 0 0 0 0 0 0 1;1 0 0 0 0 0 0 0 0 0 0 0 0 0 0 0 1;1 0 0 0 0 0 0 0 0 0 0 0 0 0 0 0 1;1 0 0 0 0 0 0 0 0 0 0 0 0 0 0 0 1;1 0 0 0 0 0 0 0 0 0 0 0 0 0 0 0 1;1 0 0 0 0 0 0 0 0 0 0 0 0 0 0 0 1;1 0 0 0 0 0 0 0 0 0 0 0 0 0 0 3 1;1 1 1 1 1 1 1 1 1 1 1 1 1 1 1 1 1]
25,17,DFS,1.3291456699371338,5239,[1 1 1 1 1 1 1 1 1 1 1 1 1 1 1 1 1;1 5 0 0 0 0 0 0 0 0 0 0 0 0 0 0 1;1 0 2 0 0 0 0 0 0 0 0 0 0 0 0 0 1;1 0 0 0 0 0 0 0 0 0 0 0 0 0 0 0 1;1 0 0 0 0 0 0 0 0 0 0 0 0 0 0 0 1;1 0 0 0 0 0 0 0 0 0 0 0 0 0 0 0 1;1 0 0 0 0 0 0 0 0 0 0 0 0 0 0 0 1;1 0 0 0 0 0 0 0 0 0 0 0 0 0 0 0 1;1 0 0 0 0 0 0 0 0 0 0 0 0 0 0 0 1;1 0 0 0 0 0 0 0 0 0 0 0 0 0 0 0 1;1 0 0 0 0 0 0 0 0 0 0 0 0 0 0 0 1;1 0 0 0 0 0 0 0 0 0 0 0 0 0 0 0 1;1 0 0 0 0 0 0 0 0 0 0 0 0 0 0 0 1;1 0 0 0 0 0 0 0 0 0 0 0 0 0 0 0 1;1 0 0 0 0 0 0 0 0 0 0 0 0 0 0 0 1;1 0 0 0 0 0 0 0 0 0 0 0 0 0 0 3 1;1 1 1 1 1 1 1 1 1 1 1 1 1 1 1 1 1]
25,17,BFS,0.5423903465270996,29,[1 1 1 1 1 1 1 1 1 1 1 1 1 1 1 1 1;1 5 0 0 0 0 0 0 0 0 0 0 0 0 0 0 1;1 0 2 0 0 0 0 0 0 0 0 0 0 0 0 0 1;1 0 0 0 0 0 0 0 0 0 0 0 0 0 0 0 1;1 0 0 0 0 0 0 0 0 0 0 0 0 0 0 0 1;1 0 0 0 0 0 0 0 0 0 0 0 0 0 0 0 1;1 0 0 0 0 0 0 0 0 0 0 0 0 0 0 0 1;1 0 0 0 0 0 0 0 0 0 0 0 0 0 0 0 1;1 0 0 0 0 0 0 0 0 0 0 0 0 0 0 0 1;1 0 0 0 0 0 0 0 0 0 0 0 0 0 0 0 1;1 0 0 0 0 0 0 0 0 0 0 0 0 0 0 0 1;1 0 0 0 0 0 0 0 0 0 0 0 0 0 0 0 1;1 0 0 0 0 0 0 0 0 0 0 0 0 0 0 0 1;1 0 0 0 0 0 0 0 0 0 0 0 0 0 0 0 1;1 0 0 0 0 0 0 0 0 0 0 0 0 0 0 0 1;1 0 0 0 0 0 0 0 0 0 0 0 0 0 0 3 1;1 1 1 1 1 1 1 1 1 1 1 1 1 1 1 1 1]
26,18,A*,0.012075185775756836,31,[1 1 1 1 1 1 1 1 1 1 1 1 1 1 1 1 1 1;1 5 0 0 0 0 0 0 0 0 0 0 0 0 0 0 0 1;1 0 2 0 0 0 0 0 0 0 0 0 0 0 0 0 0 1;1 0 0 0 0 0 0 0 0 0 0 0 0 0 0 0 0 1;1 0 0 0 0 0 0 0 0 0 0 0 0 0 0 0 0 1;1 0 0 0 0 0 0 0 0 0 0 0 0 0 0 0 0 1;1 0 0 0 0 0 0 0 0 0 0 0 0 0 0 0 0 1;1 0 0 0 0 0 0 0 0 0 0 0 0 0 0 0 0 1;1 0 0 0 0 0 0 0 0 0 0 0 0 0 0 0 0 1;1 0 0 0 0 0 0 0 0 0 0 0 0 0 0 0 0 1;1 0 0 0 0 0 0 0 0 0 0 0 0 0 0 0 0 1;1 0 0 0 0 0 0 0 0 0 0 0 0 0 0 0 0 1;1 0 0 0 0 0 0 0 0 0 0 0 0 0 0 0 0 1;1 0 0 0 0 0 0 0 0 0 0 0 0 0 0 0 0 1;1 0 0 0 0 0 0 0 0 0 0 0 0 0 0 0 0 1;1 0 0 0 0 0 0 0 0 0 0 0 0 0 0 0 0 1;1 0 0 0 0 0 0 0 0 0 0 0 0 0 0 0 3 1;1 1 1 1 1 1 1 1 1 1 1 1 1 1 1 1 1 1]
26,18,DFS,2.2097766399383545,6071,[1 1 1 1 1 1 1 1 1 1 1 1 1 1 1 1 1 1;1 5 0 0 0 0 0 0 0 0 0 0 0 0 0 0 0 1;1 0 2 0 0 0 0 0 0 0 0 0 0 0 0 0 0 1;1 0 0 0 0 0 0 0 0 0 0 0 0 0 0 0 0 1;1 0 0 0 0 0 0 0 0 0 0 0 0 0 0 0 0 1;1 0 0 0 0 0 0 0 0 0 0 0 0 0 0 0 0 1;1 0 0 0 0 0 0 0 0 0 0 0 0 0 0 0 0 1;1 0 0 0 0 0 0 0 0 0 0 0 0 0 0 0 0 1;1 0 0 0 0 0 0 0 0 0 0 0 0 0 0 0 0 1;1 0 0 0 0 0 0 0 0 0 0 0 0 0 0 0 0 1;1 0 0 0 0 0 0 0 0 0 0 0 0 0 0 0 0 1;1 0 0 0 0 0 0 0 0 0 0 0 0 0 0 0 0 1;1 0 0 0 0 0 0 0 0 0 0 0 0 0 0 0 0 1;1 0 0 0 0 0 0 0 0 0 0 0 0 0 0 0 0 1;1 0 0 0 0 0 0 0 0 0 0 0 0 0 0 0 0 1;1 0 0 0 0 0 0 0 0 0 0 0 0 0 0 0 0 1;1 0 0 0 0 0 0 0 0 0 0 0 0 0 0 0 3 1;1 1 1 1 1 1 1 1 1 1 1 1 1 1 1 1 1 1]
26,18,BFS,0.6179103851318359,31,[1 1 1 1 1 1 1 1 1 1 1 1 1 1 1 1 1 1;1 5 0 0 0 0 0 0 0 0 0 0 0 0 0 0 0 1;1 0 2 0 0 0 0 0 0 0 0 0 0 0 0 0 0 1;1 0 0 0 0 0 0 0 0 0 0 0 0 0 0 0 0 1;1 0 0 0 0 0 0 0 0 0 0 0 0 0 0 0 0 1;1 0 0 0 0 0 0 0 0 0 0 0 0 0 0 0 0 1;1 0 0 0 0 0 0 0 0 0 0 0 0 0 0 0 0 1;1 0 0 0 0 0 0 0 0 0 0 0 0 0 0 0 0 1;1 0 0 0 0 0 0 0 0 0 0 0 0 0 0 0 0 1;1 0 0 0 0 0 0 0 0 0 0 0 0 0 0 0 0 1;1 0 0 0 0 0 0 0 0 0 0 0 0 0 0 0 0 1;1 0 0 0 0 0 0 0 0 0 0 0 0 0 0 0 0 1;1 0 0 0 0 0 0 0 0 0 0 0 0 0 0 0 0 1;1 0 0 0 0 0 0 0 0 0 0 0 0 0 0 0 0 1;1 0 0 0 0 0 0 0 0 0 0 0 0 0 0 0 0 1;1 0 0 0 0 0 0 0 0 0 0 0 0 0 0 0 0 1;1 0 0 0 0 0 0 0 0 0 0 0 0 0 0 0 3 1;1 1 1 1 1 1 1 1 1 1 1 1 1 1 1 1 1 1]
27,18,A*,0.012289047241210938,31,[1 1 1 1 1 1 1 1 1 1 1 1 1 1 1 1 1 1;1 5 0 0 0 0 0 0 0 0 0 0 0 0 0 0 0 1;1 0 2 0 0 0 0 0 0 0 0 0 0 0 0 0 0 1;1 0 0 0 0 0 0 0 0 0 0 0 0 0 0 0 0 1;1 0 0 0 0 0 0 0 0 0 0 0 0 0 0 0 0 1;1 0 0 0 0 0 0 0 0 0 0 0 0 0 0 0 0 1;1 0 0 0 0 0 0 0 0 0 0 0 0 0 0 0 0 1;1 0 0 0 0 0 0 0 0 0 0 0 0 0 0 0 0 1;1 0 0 0 0 0 0 0 0 0 0 0 0 0 0 0 0 1;1 0 0 0 0 0 0 0 0 0 0 0 0 0 0 0 0 1;1 0 0 0 0 0 0 0 0 0 0 0 0 0 0 0 0 1;1 0 0 0 0 0 0 0 0 0 0 0 0 0 0 0 0 1;1 0 0 0 0 0 0 0 0 0 0 0 0 0 0 0 0 1;1 0 0 0 0 0 0 0 0 0 0 0 0 0 0 0 0 1;1 0 0 0 0 0 0 0 0 0 0 0 0 0 0 0 0 1;1 0 0 0 0 0 0 0 0 0 0 0 0 0 0 0 0 1;1 0 0 0 0 0 0 0 0 0 0 0 0 0 0 0 3 1;1 1 1 1 1 1 1 1 1 1 1 1 1 1 1 1 1 1]
27,18,DFS,1.8240902423858643,6071,[1 1 1 1 1 1 1 1 1 1 1 1 1 1 1 1 1 1;1 5 0 0 0 0 0 0 0 0 0 0 0 0 0 0 0 1;1 0 2 0 0 0 0 0 0 0 0 0 0 0 0 0 0 1;1 0 0 0 0 0 0 0 0 0 0 0 0 0 0 0 0 1;1 0 0 0 0 0 0 0 0 0 0 0 0 0 0 0 0 1;1 0 0 0 0 0 0 0 0 0 0 0 0 0 0 0 0 1;1 0 0 0 0 0 0 0 0 0 0 0 0 0 0 0 0 1;1 0 0 0 0 0 0 0 0 0 0 0 0 0 0 0 0 1;1 0 0 0 0 0 0 0 0 0 0 0 0 0 0 0 0 1;1 0 0 0 0 0 0 0 0 0 0 0 0 0 0 0 0 1;1 0 0 0 0 0 0 0 0 0 0 0 0 0 0 0 0 1;1 0 0 0 0 0 0 0 0 0 0 0 0 0 0 0 0 1;1 0 0 0 0 0 0 0 0 0 0 0 0 0 0 0 0 1;1 0 0 0 0 0 0 0 0 0 0 0 0 0 0 0 0 1;1 0 0 0 0 0 0 0 0 0 0 0 0 0 0 0 0 1;1 0 0 0 0 0 0 0 0 0 0 0 0 0 0 0 0 1;1 0 0 0 0 0 0 0 0 0 0 0 0 0 0 0 3 1;1 1 1 1 1 1 1 1 1 1 1 1 1 1 1 1 1 1]
27,18,BFS,0.5605664253234863,31,[1 1 1 1 1 1 1 1 1 1 1 1 1 1 1 1 1 1;1 5 0 0 0 0 0 0 0 0 0 0 0 0 0 0 0 1;1 0 2 0 0 0 0 0 0 0 0 0 0 0 0 0 0 1;1 0 0 0 0 0 0 0 0 0 0 0 0 0 0 0 0 1;1 0 0 0 0 0 0 0 0 0 0 0 0 0 0 0 0 1;1 0 0 0 0 0 0 0 0 0 0 0 0 0 0 0 0 1;1 0 0 0 0 0 0 0 0 0 0 0 0 0 0 0 0 1;1 0 0 0 0 0 0 0 0 0 0 0 0 0 0 0 0 1;1 0 0 0 0 0 0 0 0 0 0 0 0 0 0 0 0 1;1 0 0 0 0 0 0 0 0 0 0 0 0 0 0 0 0 1;1 0 0 0 0 0 0 0 0 0 0 0 0 0 0 0 0 1;1 0 0 0 0 0 0 0 0 0 0 0 0 0 0 0 0 1;1 0 0 0 0 0 0 0 0 0 0 0 0 0 0 0 0 1;1 0 0 0 0 0 0 0 0 0 0 0 0 0 0 0 0 1;1 0 0 0 0 0 0 0 0 0 0 0 0 0 0 0 0 1;1 0 0 0 0 0 0 0 0 0 0 0 0 0 0 0 0 1;1 0 0 0 0 0 0 0 0 0 0 0 0 0 0 0 3 1;1 1 1 1 1 1 1 1 1 1 1 1 1 1 1 1 1 1]
28,19,A*,0.012084245681762695,33,[1 1 1 1 1 1 1 1 1 1 1 1 1 1 1 1 1 1 1;1 5 0 0 0 0 0 0 0 0 0 0 0 0 0 0 0 0 1;1 0 2 0 0 0 0 0 0 0 0 0 0 0 0 0 0 0 1;1 0 0 0 0 0 0 0 0 0 0 0 0 0 0 0 0 0 1;1 0 0 0 0 0 0 0 0 0 0 0 0 0 0 0 0 0 1;1 0 0 0 0 0 0 0 0 0 0 0 0 0 0 0 0 0 1;1 0 0 0 0 0 0 0 0 0 0 0 0 0 0 0 0 0 1;1 0 0 0 0 0 0 0 0 0 0 0 0 0 0 0 0 0 1;1 0 0 0 0 0 0 0 0 0 0 0 0 0 0 0 0 0 1;1 0 0 0 0 0 0 0 0 0 0 0 0 0 0 0 0 0 1;1 0 0 0 0 0 0 0 0 0 0 0 0 0 0 0 0 0 1;1 0 0 0 0 0 0 0 0 0 0 0 0 0 0 0 0 0 1;1 0 0 0 0 0 0 0 0 0 0 0 0 0 0 0 0 0 1;1 0 0 0 0 0 0 0 0 0 0 0 0 0 0 0 0 0 1;1 0 0 0 0 0 0 0 0 0 0 0 0 0 0 0 0 0 1;1 0 0 0 0 0 0 0 0 0 0 0 0 0 0 0 0 0 1;1 0 0 0 0 0 0 0 0 0 0 0 0 0 0 0 0 0 1;1 0 0 0 0 0 0 0 0 0 0 0 0 0 0 0 0 3 1;1 1 1 1 1 1 1 1 1 1 1 1 1 1 1 1 1 1 1]
28,19,DFS,3.1427128314971924,7859,[1 1 1 1 1 1 1 1 1 1 1 1 1 1 1 1 1 1 1;1 5 0 0 0 0 0 0 0 0 0 0 0 0 0 0 0 0 1;1 0 2 0 0 0 0 0 0 0 0 0 0 0 0 0 0 0 1;1 0 0 0 0 0 0 0 0 0 0 0 0 0 0 0 0 0 1;1 0 0 0 0 0 0 0 0 0 0 0 0 0 0 0 0 0 1;1 0 0 0 0 0 0 0 0 0 0 0 0 0 0 0 0 0 1;1 0 0 0 0 0 0 0 0 0 0 0 0 0 0 0 0 0 1;1 0 0 0 0 0 0 0 0 0 0 0 0 0 0 0 0 0 1;1 0 0 0 0 0 0 0 0 0 0 0 0 0 0 0 0 0 1;1 0 0 0 0 0 0 0 0 0 0 0 0 0 0 0 0 0 1;1 0 0 0 0 0 0 0 0 0 0 0 0 0 0 0 0 0 1;1 0 0 0 0 0 0 0 0 0 0 0 0 0 0 0 0 0 1;1 0 0 0 0 0 0 0 0 0 0 0 0 0 0 0 0 0 1;1 0 0 0 0 0 0 0 0 0 0 0 0 0 0 0 0 0 1;1 0 0 0 0 0 0 0 0 0 0 0 0 0 0 0 0 0 1;1 0 0 0 0 0 0 0 0 0 0 0 0 0 0 0 0 0 1;1 0 0 0 0 0 0 0 0 0 0 0 0 0 0 0 0 0 1;1 0 0 0 0 0 0 0 0 0 0 0 0 0 0 0 0 3 1;1 1 1 1 1 1 1 1 1 1 1 1 1 1 1 1 1 1 1]
28,19,BFS,0.5700323581695557,33,[1 1 1 1 1 1 1 1 1 1 1 1 1 1 1 1 1 1 1;1 5 0 0 0 0 0 0 0 0 0 0 0 0 0 0 0 0 1;1 0 2 0 0 0 0 0 0 0 0 0 0 0 0 0 0 0 1;1 0 0 0 0 0 0 0 0 0 0 0 0 0 0 0 0 0 1;1 0 0 0 0 0 0 0 0 0 0 0 0 0 0 0 0 0 1;1 0 0 0 0 0 0 0 0 0 0 0 0 0 0 0 0 0 1;1 0 0 0 0 0 0 0 0 0 0 0 0 0 0 0 0 0 1;1 0 0 0 0 0 0 0 0 0 0 0 0 0 0 0 0 0 1;1 0 0 0 0 0 0 0 0 0 0 0 0 0 0 0 0 0 1;1 0 0 0 0 0 0 0 0 0 0 0 0 0 0 0 0 0 1;1 0 0 0 0 0 0 0 0 0 0 0 0 0 0 0 0 0 1;1 0 0 0 0 0 0 0 0 0 0 0 0 0 0 0 0 0 1;1 0 0 0 0 0 0 0 0 0 0 0 0 0 0 0 0 0 1;1 0 0 0 0 0 0 0 0 0 0 0 0 0 0 0 0 0 1;1 0 0 0 0 0 0 0 0 0 0 0 0 0 0 0 0 0 1;1 0 0 0 0 0 0 0 0 0 0 0 0 0 0 0 0 0 1;1 0 0 0 0 0 0 0 0 0 0 0 0 0 0 0 0 0 1;1 0 0 0 0 0 0 0 0 0 0 0 0 0 0 0 0 3 1;1 1 1 1 1 1 1 1 1 1 1 1 1 1 1 1 1 1 1]
29,19,A*,0.013797760009765625,33,[1 1 1 1 1 1 1 1 1 1 1 1 1 1 1 1 1 1 1;1 5 0 0 0 0 0 0 0 0 0 0 0 0 0 0 0 0 1;1 0 2 0 0 0 0 0 0 0 0 0 0 0 0 0 0 0 1;1 0 0 0 0 0 0 0 0 0 0 0 0 0 0 0 0 0 1;1 0 0 0 0 0 0 0 0 0 0 0 0 0 0 0 0 0 1;1 0 0 0 0 0 0 0 0 0 0 0 0 0 0 0 0 0 1;1 0 0 0 0 0 0 0 0 0 0 0 0 0 0 0 0 0 1;1 0 0 0 0 0 0 0 0 0 0 0 0 0 0 0 0 0 1;1 0 0 0 0 0 0 0 0 0 0 0 0 0 0 0 0 0 1;1 0 0 0 0 0 0 0 0 0 0 0 0 0 0 0 0 0 1;1 0 0 0 0 0 0 0 0 0 0 0 0 0 0 0 0 0 1;1 0 0 0 0 0 0 0 0 0 0 0 0 0 0 0 0 0 1;1 0 0 0 0 0 0 0 0 0 0 0 0 0 0 0 0 0 1;1 0 0 0 0 0 0 0 0 0 0 0 0 0 0 0 0 0 1;1 0 0 0 0 0 0 0 0 0 0 0 0 0 0 0 0 0 1;1 0 0 0 0 0 0 0 0 0 0 0 0 0 0 0 0 0 1;1 0 0 0 0 0 0 0 0 0 0 0 0 0 0 0 0 0 1;1 0 0 0 0 0 0 0 0 0 0 0 0 0 0 0 0 3 1;1 1 1 1 1 1 1 1 1 1 1 1 1 1 1 1 1 1 1]
29,19,DFS,2.912482738494873,7859,[1 1 1 1 1 1 1 1 1 1 1 1 1 1 1 1 1 1 1;1 5 0 0 0 0 0 0 0 0 0 0 0 0 0 0 0 0 1;1 0 2 0 0 0 0 0 0 0 0 0 0 0 0 0 0 0 1;1 0 0 0 0 0 0 0 0 0 0 0 0 0 0 0 0 0 1;1 0 0 0 0 0 0 0 0 0 0 0 0 0 0 0 0 0 1;1 0 0 0 0 0 0 0 0 0 0 0 0 0 0 0 0 0 1;1 0 0 0 0 0 0 0 0 0 0 0 0 0 0 0 0 0 1;1 0 0 0 0 0 0 0 0 0 0 0 0 0 0 0 0 0 1;1 0 0 0 0 0 0 0 0 0 0 0 0 0 0 0 0 0 1;1 0 0 0 0 0 0 0 0 0 0 0 0 0 0 0 0 0 1;1 0 0 0 0 0 0 0 0 0 0 0 0 0 0 0 0 0 1;1 0 0 0 0 0 0 0 0 0 0 0 0 0 0 0 0 0 1;1 0 0 0 0 0 0 0 0 0 0 0 0 0 0 0 0 0 1;1 0 0 0 0 0 0 0 0 0 0 0 0 0 0 0 0 0 1;1 0 0 0 0 0 0 0 0 0 0 0 0 0 0 0 0 0 1;1 0 0 0 0 0 0 0 0 0 0 0 0 0 0 0 0 0 1;1 0 0 0 0 0 0 0 0 0 0 0 0 0 0 0 0 0 1;1 0 0 0 0 0 0 0 0 0 0 0 0 0 0 0 0 3 1;1 1 1 1 1 1 1 1 1 1 1 1 1 1 1 1 1 1 1]
29,19,BFS,0.8496503829956055,33,[1 1 1 1 1 1 1 1 1 1 1 1 1 1 1 1 1 1 1;1 5 0 0 0 0 0 0 0 0 0 0 0 0 0 0 0 0 1;1 0 2 0 0 0 0 0 0 0 0 0 0 0 0 0 0 0 1;1 0 0 0 0 0 0 0 0 0 0 0 0 0 0 0 0 0 1;1 0 0 0 0 0 0 0 0 0 0 0 0 0 0 0 0 0 1;1 0 0 0 0 0 0 0 0 0 0 0 0 0 0 0 0 0 1;1 0 0 0 0 0 0 0 0 0 0 0 0 0 0 0 0 0 1;1 0 0 0 0 0 0 0 0 0 0 0 0 0 0 0 0 0 1;1 0 0 0 0 0 0 0 0 0 0 0 0 0 0 0 0 0 1;1 0 0 0 0 0 0 0 0 0 0 0 0 0 0 0 0 0 1;1 0 0 0 0 0 0 0 0 0 0 0 0 0 0 0 0 0 1;1 0 0 0 0 0 0 0 0 0 0 0 0 0 0 0 0 0 1;1 0 0 0 0 0 0 0 0 0 0 0 0 0 0 0 0 0 1;1 0 0 0 0 0 0 0 0 0 0 0 0 0 0 0 0 0 1;1 0 0 0 0 0 0 0 0 0 0 0 0 0 0 0 0 0 1;1 0 0 0 0 0 0 0 0 0 0 0 0 0 0 0 0 0 1;1 0 0 0 0 0 0 0 0 0 0 0 0 0 0 0 0 0 1;1 0 0 0 0 0 0 0 0 0 0 0 0 0 0 0 0 3 1;1 1 1 1 1 1 1 1 1 1 1 1 1 1 1 1 1 1 1]
30,20,A*,0.015328645706176758,35,[1 1 1 1 1 1 1 1 1 1 1 1 1 1 1 1 1 1 1 1;1 5 0 0 0 0 0 0 0 0 0 0 0 0 0 0 0 0 0 1;1 0 2 0 0 0 0 0 0 0 0 0 0 0 0 0 0 0 0 1;1 0 0 0 0 0 0 0 0 0 0 0 0 0 0 0 0 0 0 1;1 0 0 0 0 0 0 0 0 0 0 0 0 0 0 0 0 0 0 1;1 0 0 0 0 0 0 0 0 0 0 0 0 0 0 0 0 0 0 1;1 0 0 0 0 0 0 0 0 0 0 0 0 0 0 0 0 0 0 1;1 0 0 0 0 0 0 0 0 0 0 0 0 0 0 0 0 0 0 1;1 0 0 0 0 0 0 0 0 0 0 0 0 0 0 0 0 0 0 1;1 0 0 0 0 0 0 0 0 0 0 0 0 0 0 0 0 0 0 1;1 0 0 0 0 0 0 0 0 0 0 0 0 0 0 0 0 0 0 1;1 0 0 0 0 0 0 0 0 0 0 0 0 0 0 0 0 0 0 1;1 0 0 0 0 0 0 0 0 0 0 0 0 0 0 0 0 0 0 1;1 0 0 0 0 0 0 0 0 0 0 0 0 0 0 0 0 0 0 1;1 0 0 0 0 0 0 0 0 0 0 0 0 0 0 0 0 0 0 1;1 0 0 0 0 0 0 0 0 0 0 0 0 0 0 0 0 0 0 1;1 0 0 0 0 0 0 0 0 0 0 0 0 0 0 0 0 0 0 1;1 0 0 0 0 0 0 0 0 0 0 0 0 0 0 0 0 0 0 1;1 0 0 0 0 0 0 0 0 0 0 0 0 0 0 0 0 0 3 1;1 1 1 1 1 1 1 1 1 1 1 1 1 1 1 1 1 1 1 1]
30,20,DFS,4.227682828903198,8937,[1 1 1 1 1 1 1 1 1 1 1 1 1 1 1 1 1 1 1 1;1 5 0 0 0 0 0 0 0 0 0 0 0 0 0 0 0 0 0 1;1 0 2 0 0 0 0 0 0 0 0 0 0 0 0 0 0 0 0 1;1 0 0 0 0 0 0 0 0 0 0 0 0 0 0 0 0 0 0 1;1 0 0 0 0 0 0 0 0 0 0 0 0 0 0 0 0 0 0 1;1 0 0 0 0 0 0 0 0 0 0 0 0 0 0 0 0 0 0 1;1 0 0 0 0 0 0 0 0 0 0 0 0 0 0 0 0 0 0 1;1 0 0 0 0 0 0 0 0 0 0 0 0 0 0 0 0 0 0 1;1 0 0 0 0 0 0 0 0 0 0 0 0 0 0 0 0 0 0 1;1 0 0 0 0 0 0 0 0 0 0 0 0 0 0 0 0 0 0 1;1 0 0 0 0 0 0 0 0 0 0 0 0 0 0 0 0 0 0 1;1 0 0 0 0 0 0 0 0 0 0 0 0 0 0 0 0 0 0 1;1 0 0 0 0 0 0 0 0 0 0 0 0 0 0 0 0 0 0 1;1 0 0 0 0 0 0 0 0 0 0 0 0 0 0 0 0 0 0 1;1 0 0 0 0 0 0 0 0 0 0 0 0 0 0 0 0 0 0 1;1 0 0 0 0 0 0 0 0 0 0 0 0 0 0 0 0 0 0 1;1 0 0 0 0 0 0 0 0 0 0 0 0 0 0 0 0 0 0 1;1 0 0 0 0 0 0 0 0 0 0 0 0 0 0 0 0 0 0 1;1 0 0 0 0 0 0 0 0 0 0 0 0 0 0 0 0 0 3 1;1 1 1 1 1 1 1 1 1 1 1 1 1 1 1 1 1 1 1 1]
30,20,BFS,0.9521012306213379,35,[1 1 1 1 1 1 1 1 1 1 1 1 1 1 1 1 1 1 1 1;1 5 0 0 0 0 0 0 0 0 0 0 0 0 0 0 0 0 0 1;1 0 2 0 0 0 0 0 0 0 0 0 0 0 0 0 0 0 0 1;1 0 0 0 0 0 0 0 0 0 0 0 0 0 0 0 0 0 0 1;1 0 0 0 0 0 0 0 0 0 0 0 0 0 0 0 0 0 0 1;1 0 0 0 0 0 0 0 0 0 0 0 0 0 0 0 0 0 0 1;1 0 0 0 0 0 0 0 0 0 0 0 0 0 0 0 0 0 0 1;1 0 0 0 0 0 0 0 0 0 0 0 0 0 0 0 0 0 0 1;1 0 0 0 0 0 0 0 0 0 0 0 0 0 0 0 0 0 0 1;1 0 0 0 0 0 0 0 0 0 0 0 0 0 0 0 0 0 0 1;1 0 0 0 0 0 0 0 0 0 0 0 0 0 0 0 0 0 0 1;1 0 0 0 0 0 0 0 0 0 0 0 0 0 0 0 0 0 0 1;1 0 0 0 0 0 0 0 0 0 0 0 0 0 0 0 0 0 0 1;1 0 0 0 0 0 0 0 0 0 0 0 0 0 0 0 0 0 0 1;1 0 0 0 0 0 0 0 0 0 0 0 0 0 0 0 0 0 0 1;1 0 0 0 0 0 0 0 0 0 0 0 0 0 0 0 0 0 0 1;1 0 0 0 0 0 0 0 0 0 0 0 0 0 0 0 0 0 0 1;1 0 0 0 0 0 0 0 0 0 0 0 0 0 0 0 0 0 0 1;1 0 0 0 0 0 0 0 0 0 0 0 0 0 0 0 0 0 3 1;1 1 1 1 1 1 1 1 1 1 1 1 1 1 1 1 1 1 1 1]
31,20,A*,0.017646074295043945,35,[1 1 1 1 1 1 1 1 1 1 1 1 1 1 1 1 1 1 1 1;1 5 0 0 0 0 0 0 0 0 0 0 0 0 0 0 0 0 0 1;1 0 2 0 0 0 0 0 0 0 0 0 0 0 0 0 0 0 0 1;1 0 0 0 0 0 0 0 0 0 0 0 0 0 0 0 0 0 0 1;1 0 0 0 0 0 0 0 0 0 0 0 0 0 0 0 0 0 0 1;1 0 0 0 0 0 0 0 0 0 0 0 0 0 0 0 0 0 0 1;1 0 0 0 0 0 0 0 0 0 0 0 0 0 0 0 0 0 0 1;1 0 0 0 0 0 0 0 0 0 0 0 0 0 0 0 0 0 0 1;1 0 0 0 0 0 0 0 0 0 0 0 0 0 0 0 0 0 0 1;1 0 0 0 0 0 0 0 0 0 0 0 0 0 0 0 0 0 0 1;1 0 0 0 0 0 0 0 0 0 0 0 0 0 0 0 0 0 0 1;1 0 0 0 0 0 0 0 0 0 0 0 0 0 0 0 0 0 0 1;1 0 0 0 0 0 0 0 0 0 0 0 0 0 0 0 0 0 0 1;1 0 0 0 0 0 0 0 0 0 0 0 0 0 0 0 0 0 0 1;1 0 0 0 0 0 0 0 0 0 0 0 0 0 0 0 0 0 0 1;1 0 0 0 0 0 0 0 0 0 0 0 0 0 0 0 0 0 0 1;1 0 0 0 0 0 0 0 0 0 0 0 0 0 0 0 0 0 0 1;1 0 0 0 0 0 0 0 0 0 0 0 0 0 0 0 0 0 0 1;1 0 0 0 0 0 0 0 0 0 0 0 0 0 0 0 0 0 3 1;1 1 1 1 1 1 1 1 1 1 1 1 1 1 1 1 1 1 1 1]
31,20,DFS,5.053066253662109,8937,[1 1 1 1 1 1 1 1 1 1 1 1 1 1 1 1 1 1 1 1;1 5 0 0 0 0 0 0 0 0 0 0 0 0 0 0 0 0 0 1;1 0 2 0 0 0 0 0 0 0 0 0 0 0 0 0 0 0 0 1;1 0 0 0 0 0 0 0 0 0 0 0 0 0 0 0 0 0 0 1;1 0 0 0 0 0 0 0 0 0 0 0 0 0 0 0 0 0 0 1;1 0 0 0 0 0 0 0 0 0 0 0 0 0 0 0 0 0 0 1;1 0 0 0 0 0 0 0 0 0 0 0 0 0 0 0 0 0 0 1;1 0 0 0 0 0 0 0 0 0 0 0 0 0 0 0 0 0 0 1;1 0 0 0 0 0 0 0 0 0 0 0 0 0 0 0 0 0 0 1;1 0 0 0 0 0 0 0 0 0 0 0 0 0 0 0 0 0 0 1;1 0 0 0 0 0 0 0 0 0 0 0 0 0 0 0 0 0 0 1;1 0 0 0 0 0 0 0 0 0 0 0 0 0 0 0 0 0 0 1;1 0 0 0 0 0 0 0 0 0 0 0 0 0 0 0 0 0 0 1;1 0 0 0 0 0 0 0 0 0 0 0 0 0 0 0 0 0 0 1;1 0 0 0 0 0 0 0 0 0 0 0 0 0 0 0 0 0 0 1;1 0 0 0 0 0 0 0 0 0 0 0 0 0 0 0 0 0 0 1;1 0 0 0 0 0 0 0 0 0 0 0 0 0 0 0 0 0 0 1;1 0 0 0 0 0 0 0 0 0 0 0 0 0 0 0 0 0 0 1;1 0 0 0 0 0 0 0 0 0 0 0 0 0 0 0 0 0 3 1;1 1 1 1 1 1 1 1 1 1 1 1 1 1 1 1 1 1 1 1]
31,20,BFS,1.185154676437378,35,[1 1 1 1 1 1 1 1 1 1 1 1 1 1 1 1 1 1 1 1;1 5 0 0 0 0 0 0 0 0 0 0 0 0 0 0 0 0 0 1;1 0 2 0 0 0 0 0 0 0 0 0 0 0 0 0 0 0 0 1;1 0 0 0 0 0 0 0 0 0 0 0 0 0 0 0 0 0 0 1;1 0 0 0 0 0 0 0 0 0 0 0 0 0 0 0 0 0 0 1;1 0 0 0 0 0 0 0 0 0 0 0 0 0 0 0 0 0 0 1;1 0 0 0 0 0 0 0 0 0 0 0 0 0 0 0 0 0 0 1;1 0 0 0 0 0 0 0 0 0 0 0 0 0 0 0 0 0 0 1;1 0 0 0 0 0 0 0 0 0 0 0 0 0 0 0 0 0 0 1;1 0 0 0 0 0 0 0 0 0 0 0 0 0 0 0 0 0 0 1;1 0 0 0 0 0 0 0 0 0 0 0 0 0 0 0 0 0 0 1;1 0 0 0 0 0 0 0 0 0 0 0 0 0 0 0 0 0 0 1;1 0 0 0 0 0 0 0 0 0 0 0 0 0 0 0 0 0 0 1;1 0 0 0 0 0 0 0 0 0 0 0 0 0 0 0 0 0 0 1;1 0 0 0 0 0 0 0 0 0 0 0 0 0 0 0 0 0 0 1;1 0 0 0 0 0 0 0 0 0 0 0 0 0 0 0 0 0 0 1;1 0 0 0 0 0 0 0 0 0 0 0 0 0 0 0 0 0 0 1;1 0 0 0 0 0 0 0 0 0 0 0 0 0 0 0 0 0 0 1;1 0 0 0 0 0 0 0 0 0 0 0 0 0 0 0 0 0 3 1;1 1 1 1 1 1 1 1 1 1 1 1 1 1 1 1 1 1 1 1]
32,21,A*,0.01405191421508789,37,[1 1 1 1 1 1 1 1 1 1 1 1 1 1 1 1 1 1 1 1 1;1 5 0 0 0 0 0 0 0 0 0 0 0 0 0 0 0 0 0 0 1;1 0 2 0 0 0 0 0 0 0 0 0 0 0 0 0 0 0 0 0 1;1 0 0 0 0 0 0 0 0 0 0 0 0 0 0 0 0 0 0 0 1;1 0 0 0 0 0 0 0 0 0 0 0 0 0 0 0 0 0 0 0 1;1 0 0 0 0 0 0 0 0 0 0 0 0 0 0 0 0 0 0 0 1;1 0 0 0 0 0 0 0 0 0 0 0 0 0 0 0 0 0 0 0 1;1 0 0 0 0 0 0 0 0 0 0 0 0 0 0 0 0 0 0 0 1;1 0 0 0 0 0 0 0 0 0 0 0 0 0 0 0 0 0 0 0 1;1 0 0 0 0 0 0 0 0 0 0 0 0 0 0 0 0 0 0 0 1;1 0 0 0 0 0 0 0 0 0 0 0 0 0 0 0 0 0 0 0 1;1 0 0 0 0 0 0 0 0 0 0 0 0 0 0 0 0 0 0 0 1;1 0 0 0 0 0 0 0 0 0 0 0 0 0 0 0 0 0 0 0 1;1 0 0 0 0 0 0 0 0 0 0 0 0 0 0 0 0 0 0 0 1;1 0 0 0 0 0 0 0 0 0 0 0 0 0 0 0 0 0 0 0 1;1 0 0 0 0 0 0 0 0 0 0 0 0 0 0 0 0 0 0 0 1;1 0 0 0 0 0 0 0 0 0 0 0 0 0 0 0 0 0 0 0 1;1 0 0 0 0 0 0 0 0 0 0 0 0 0 0 0 0 0 0 0 1;1 0 0 0 0 0 0 0 0 0 0 0 0 0 0 0 0 0 0 0 1;1 0 0 0 0 0 0 0 0 0 0 0 0 0 0 0 0 0 0 3 1;1 1 1 1 1 1 1 1 1 1 1 1 1 1 1 1 1 1 1 1 1]
32,21,DFS,6.3488006591796875,11235,[1 1 1 1 1 1 1 1 1 1 1 1 1 1 1 1 1 1 1 1 1;1 5 0 0 0 0 0 0 0 0 0 0 0 0 0 0 0 0 0 0 1;1 0 2 0 0 0 0 0 0 0 0 0 0 0 0 0 0 0 0 0 1;1 0 0 0 0 0 0 0 0 0 0 0 0 0 0 0 0 0 0 0 1;1 0 0 0 0 0 0 0 0 0 0 0 0 0 0 0 0 0 0 0 1;1 0 0 0 0 0 0 0 0 0 0 0 0 0 0 0 0 0 0 0 1;1 0 0 0 0 0 0 0 0 0 0 0 0 0 0 0 0 0 0 0 1;1 0 0 0 0 0 0 0 0 0 0 0 0 0 0 0 0 0 0 0 1;1 0 0 0 0 0 0 0 0 0 0 0 0 0 0 0 0 0 0 0 1;1 0 0 0 0 0 0 0 0 0 0 0 0 0 0 0 0 0 0 0 1;1 0 0 0 0 0 0 0 0 0 0 0 0 0 0 0 0 0 0 0 1;1 0 0 0 0 0 0 0 0 0 0 0 0 0 0 0 0 0 0 0 1;1 0 0 0 0 0 0 0 0 0 0 0 0 0 0 0 0 0 0 0 1;1 0 0 0 0 0 0 0 0 0 0 0 0 0 0 0 0 0 0 0 1;1 0 0 0 0 0 0 0 0 0 0 0 0 0 0 0 0 0 0 0 1;1 0 0 0 0 0 0 0 0 0 0 0 0 0 0 0 0 0 0 0 1;1 0 0 0 0 0 0 0 0 0 0 0 0 0 0 0 0 0 0 0 1;1 0 0 0 0 0 0 0 0 0 0 0 0 0 0 0 0 0 0 0 1;1 0 0 0 0 0 0 0 0 0 0 0 0 0 0 0 0 0 0 0 1;1 0 0 0 0 0 0 0 0 0 0 0 0 0 0 0 0 0 0 3 1;1 1 1 1 1 1 1 1 1 1 1 1 1 1 1 1 1 1 1 1 1]
32,21,BFS,1.0275514125823975,37,[1 1 1 1 1 1 1 1 1 1 1 1 1 1 1 1 1 1 1 1 1;1 5 0 0 0 0 0 0 0 0 0 0 0 0 0 0 0 0 0 0 1;1 0 2 0 0 0 0 0 0 0 0 0 0 0 0 0 0 0 0 0 1;1 0 0 0 0 0 0 0 0 0 0 0 0 0 0 0 0 0 0 0 1;1 0 0 0 0 0 0 0 0 0 0 0 0 0 0 0 0 0 0 0 1;1 0 0 0 0 0 0 0 0 0 0 0 0 0 0 0 0 0 0 0 1;1 0 0 0 0 0 0 0 0 0 0 0 0 0 0 0 0 0 0 0 1;1 0 0 0 0 0 0 0 0 0 0 0 0 0 0 0 0 0 0 0 1;1 0 0 0 0 0 0 0 0 0 0 0 0 0 0 0 0 0 0 0 1;1 0 0 0 0 0 0 0 0 0 0 0 0 0 0 0 0 0 0 0 1;1 0 0 0 0 0 0 0 0 0 0 0 0 0 0 0 0 0 0 0 1;1 0 0 0 0 0 0 0 0 0 0 0 0 0 0 0 0 0 0 0 1;1 0 0 0 0 0 0 0 0 0 0 0 0 0 0 0 0 0 0 0 1;1 0 0 0 0 0 0 0 0 0 0 0 0 0 0 0 0 0 0 0 1;1 0 0 0 0 0 0 0 0 0 0 0 0 0 0 0 0 0 0 0 1;1 0 0 0 0 0 0 0 0 0 0 0 0 0 0 0 0 0 0 0 1;1 0 0 0 0 0 0 0 0 0 0 0 0 0 0 0 0 0 0 0 1;1 0 0 0 0 0 0 0 0 0 0 0 0 0 0 0 0 0 0 0 1;1 0 0 0 0 0 0 0 0 0 0 0 0 0 0 0 0 0 0 0 1;1 0 0 0 0 0 0 0 0 0 0 0 0 0 0 0 0 0 0 3 1;1 1 1 1 1 1 1 1 1 1 1 1 1 1 1 1 1 1 1 1 1]
33,21,A*,0.014363288879394531,37,[1 1 1 1 1 1 1 1 1 1 1 1 1 1 1 1 1 1 1 1 1;1 5 0 0 0 0 0 0 0 0 0 0 0 0 0 0 0 0 0 0 1;1 0 2 0 0 0 0 0 0 0 0 0 0 0 0 0 0 0 0 0 1;1 0 0 0 0 0 0 0 0 0 0 0 0 0 0 0 0 0 0 0 1;1 0 0 0 0 0 0 0 0 0 0 0 0 0 0 0 0 0 0 0 1;1 0 0 0 0 0 0 0 0 0 0 0 0 0 0 0 0 0 0 0 1;1 0 0 0 0 0 0 0 0 0 0 0 0 0 0 0 0 0 0 0 1;1 0 0 0 0 0 0 0 0 0 0 0 0 0 0 0 0 0 0 0 1;1 0 0 0 0 0 0 0 0 0 0 0 0 0 0 0 0 0 0 0 1;1 0 0 0 0 0 0 0 0 0 0 0 0 0 0 0 0 0 0 0 1;1 0 0 0 0 0 0 0 0 0 0 0 0 0 0 0 0 0 0 0 1;1 0 0 0 0 0 0 0 0 0 0 0 0 0 0 0 0 0 0 0 1;1 0 0 0 0 0 0 0 0 0 0 0 0 0 0 0 0 0 0 0 1;1 0 0 0 0 0 0 0 0 0 0 0 0 0 0 0 0 0 0 0 1;1 0 0 0 0 0 0 0 0 0 0 0 0 0 0 0 0 0 0 0 1;1 0 0 0 0 0 0 0 0 0 0 0 0 0 0 0 0 0 0 0 1;1 0 0 0 0 0 0 0 0 0 0 0 0 0 0 0 0 0 0 0 1;1 0 0 0 0 0 0 0 0 0 0 0 0 0 0 0 0 0 0 0 1;1 0 0 0 0 0 0 0 0 0 0 0 0 0 0 0 0 0 0 0 1;1 0 0 0 0 0 0 0 0 0 0 0 0 0 0 0 0 0 0 3 1;1 1 1 1 1 1 1 1 1 1 1 1 1 1 1 1 1 1 1 1 1]
33,21,DFS,6.970298767089844,11235,[1 1 1 1 1 1 1 1 1 1 1 1 1 1 1 1 1 1 1 1 1;1 5 0 0 0 0 0 0 0 0 0 0 0 0 0 0 0 0 0 0 1;1 0 2 0 0 0 0 0 0 0 0 0 0 0 0 0 0 0 0 0 1;1 0 0 0 0 0 0 0 0 0 0 0 0 0 0 0 0 0 0 0 1;1 0 0 0 0 0 0 0 0 0 0 0 0 0 0 0 0 0 0 0 1;1 0 0 0 0 0 0 0 0 0 0 0 0 0 0 0 0 0 0 0 1;1 0 0 0 0 0 0 0 0 0 0 0 0 0 0 0 0 0 0 0 1;1 0 0 0 0 0 0 0 0 0 0 0 0 0 0 0 0 0 0 0 1;1 0 0 0 0 0 0 0 0 0 0 0 0 0 0 0 0 0 0 0 1;1 0 0 0 0 0 0 0 0 0 0 0 0 0 0 0 0 0 0 0 1;1 0 0 0 0 0 0 0 0 0 0 0 0 0 0 0 0 0 0 0 1;1 0 0 0 0 0 0 0 0 0 0 0 0 0 0 0 0 0 0 0 1;1 0 0 0 0 0 0 0 0 0 0 0 0 0 0 0 0 0 0 0 1;1 0 0 0 0 0 0 0 0 0 0 0 0 0 0 0 0 0 0 0 1;1 0 0 0 0 0 0 0 0 0 0 0 0 0 0 0 0 0 0 0 1;1 0 0 0 0 0 0 0 0 0 0 0 0 0 0 0 0 0 0 0 1;1 0 0 0 0 0 0 0 0 0 0 0 0 0 0 0 0 0 0 0 1;1 0 0 0 0 0 0 0 0 0 0 0 0 0 0 0 0 0 0 0 1;1 0 0 0 0 0 0 0 0 0 0 0 0 0 0 0 0 0 0 0 1;1 0 0 0 0 0 0 0 0 0 0 0 0 0 0 0 0 0 0 3 1;1 1 1 1 1 1 1 1 1 1 1 1 1 1 1 1 1 1 1 1 1]
33,21,BFS,1.2757575511932373,37,[1 1 1 1 1 1 1 1 1 1 1 1 1 1 1 1 1 1 1 1 1;1 5 0 0 0 0 0 0 0 0 0 0 0 0 0 0 0 0 0 0 1;1 0 2 0 0 0 0 0 0 0 0 0 0 0 0 0 0 0 0 0 1;1 0 0 0 0 0 0 0 0 0 0 0 0 0 0 0 0 0 0 0 1;1 0 0 0 0 0 0 0 0 0 0 0 0 0 0 0 0 0 0 0 1;1 0 0 0 0 0 0 0 0 0 0 0 0 0 0 0 0 0 0 0 1;1 0 0 0 0 0 0 0 0 0 0 0 0 0 0 0 0 0 0 0 1;1 0 0 0 0 0 0 0 0 0 0 0 0 0 0 0 0 0 0 0 1;1 0 0 0 0 0 0 0 0 0 0 0 0 0 0 0 0 0 0 0 1;1 0 0 0 0 0 0 0 0 0 0 0 0 0 0 0 0 0 0 0 1;1 0 0 0 0 0 0 0 0 0 0 0 0 0 0 0 0 0 0 0 1;1 0 0 0 0 0 0 0 0 0 0 0 0 0 0 0 0 0 0 0 1;1 0 0 0 0 0 0 0 0 0 0 0 0 0 0 0 0 0 0 0 1;1 0 0 0 0 0 0 0 0 0 0 0 0 0 0 0 0 0 0 0 1;1 0 0 0 0 0 0 0 0 0 0 0 0 0 0 0 0 0 0 0 1;1 0 0 0 0 0 0 0 0 0 0 0 0 0 0 0 0 0 0 0 1;1 0 0 0 0 0 0 0 0 0 0 0 0 0 0 0 0 0 0 0 1;1 0 0 0 0 0 0 0 0 0 0 0 0 0 0 0 0 0 0 0 1;1 0 0 0 0 0 0 0 0 0 0 0 0 0 0 0 0 0 0 0 1;1 0 0 0 0 0 0 0 0 0 0 0 0 0 0 0 0 0 0 3 1;1 1 1 1 1 1 1 1 1 1 1 1 1 1 1 1 1 1 1 1 1]
34,22,A*,0.037896156311035156,39,[1 1 1 1 1 1 1 1 1 1 1 1 1 1 1 1 1 1 1 1 1 1;1 5 0 0 0 0 0 0 0 0 0 0 0 0 0 0 0 0 0 0 0 1;1 0 2 0 0 0 0 0 0 0 0 0 0 0 0 0 0 0 0 0 0 1;1 0 0 0 0 0 0 0 0 0 0 0 0 0 0 0 0 0 0 0 0 1;1 0 0 0 0 0 0 0 0 0 0 0 0 0 0 0 0 0 0 0 0 1;1 0 0 0 0 0 0 0 0 0 0 0 0 0 0 0 0 0 0 0 0 1;1 0 0 0 0 0 0 0 0 0 0 0 0 0 0 0 0 0 0 0 0 1;1 0 0 0 0 0 0 0 0 0 0 0 0 0 0 0 0 0 0 0 0 1;1 0 0 0 0 0 0 0 0 0 0 0 0 0 0 0 0 0 0 0 0 1;1 0 0 0 0 0 0 0 0 0 0 0 0 0 0 0 0 0 0 0 0 1;1 0 0 0 0 0 0 0 0 0 0 0 0 0 0 0 0 0 0 0 0 1;1 0 0 0 0 0 0 0 0 0 0 0 0 0 0 0 0 0 0 0 0 1;1 0 0 0 0 0 0 0 0 0 0 0 0 0 0 0 0 0 0 0 0 1;1 0 0 0 0 0 0 0 0 0 0 0 0 0 0 0 0 0 0 0 0 1;1 0 0 0 0 0 0 0 0 0 0 0 0 0 0 0 0 0 0 0 0 1;1 0 0 0 0 0 0 0 0 0 0 0 0 0 0 0 0 0 0 0 0 1;1 0 0 0 0 0 0 0 0 0 0 0 0 0 0 0 0 0 0 0 0 1;1 0 0 0 0 0 0 0 0 0 0 0 0 0 0 0 0 0 0 0 0 1;1 0 0 0 0 0 0 0 0 0 0 0 0 0 0 0 0 0 0 0 0 1;1 0 0 0 0 0 0 0 0 0 0 0 0 0 0 0 0 0 0 0 0 1;1 0 0 0 0 0 0 0 0 0 0 0 0 0 0 0 0 0 0 0 3 1;1 1 1 1 1 1 1 1 1 1 1 1 1 1 1 1 1 1 1 1 1 1]
34,22,DFS,9.401815414428711,12591,[1 1 1 1 1 1 1 1 1 1 1 1 1 1 1 1 1 1 1 1 1 1;1 5 0 0 0 0 0 0 0 0 0 0 0 0 0 0 0 0 0 0 0 1;1 0 2 0 0 0 0 0 0 0 0 0 0 0 0 0 0 0 0 0 0 1;1 0 0 0 0 0 0 0 0 0 0 0 0 0 0 0 0 0 0 0 0 1;1 0 0 0 0 0 0 0 0 0 0 0 0 0 0 0 0 0 0 0 0 1;1 0 0 0 0 0 0 0 0 0 0 0 0 0 0 0 0 0 0 0 0 1;1 0 0 0 0 0 0 0 0 0 0 0 0 0 0 0 0 0 0 0 0 1;1 0 0 0 0 0 0 0 0 0 0 0 0 0 0 0 0 0 0 0 0 1;1 0 0 0 0 0 0 0 0 0 0 0 0 0 0 0 0 0 0 0 0 1;1 0 0 0 0 0 0 0 0 0 0 0 0 0 0 0 0 0 0 0 0 1;1 0 0 0 0 0 0 0 0 0 0 0 0 0 0 0 0 0 0 0 0 1;1 0 0 0 0 0 0 0 0 0 0 0 0 0 0 0 0 0 0 0 0 1;1 0 0 0 0 0 0 0 0 0 0 0 0 0 0 0 0 0 0 0 0 1;1 0 0 0 0 0 0 0 0 0 0 0 0 0 0 0 0 0 0 0 0 1;1 0 0 0 0 0 0 0 0 0 0 0 0 0 0 0 0 0 0 0 0 1;1 0 0 0 0 0 0 0 0 0 0 0 0 0 0 0 0 0 0 0 0 1;1 0 0 0 0 0 0 0 0 0 0 0 0 0 0 0 0 0 0 0 0 1;1 0 0 0 0 0 0 0 0 0 0 0 0 0 0 0 0 0 0 0 0 1;1 0 0 0 0 0 0 0 0 0 0 0 0 0 0 0 0 0 0 0 0 1;1 0 0 0 0 0 0 0 0 0 0 0 0 0 0 0 0 0 0 0 0 1;1 0 0 0 0 0 0 0 0 0 0 0 0 0 0 0 0 0 0 0 3 1;1 1 1 1 1 1 1 1 1 1 1 1 1 1 1 1 1 1 1 1 1 1]
34,22,BFS,1.6457645893096924,39,[1 1 1 1 1 1 1 1 1 1 1 1 1 1 1 1 1 1 1 1 1 1;1 5 0 0 0 0 0 0 0 0 0 0 0 0 0 0 0 0 0 0 0 1;1 0 2 0 0 0 0 0 0 0 0 0 0 0 0 0 0 0 0 0 0 1;1 0 0 0 0 0 0 0 0 0 0 0 0 0 0 0 0 0 0 0 0 1;1 0 0 0 0 0 0 0 0 0 0 0 0 0 0 0 0 0 0 0 0 1;1 0 0 0 0 0 0 0 0 0 0 0 0 0 0 0 0 0 0 0 0 1;1 0 0 0 0 0 0 0 0 0 0 0 0 0 0 0 0 0 0 0 0 1;1 0 0 0 0 0 0 0 0 0 0 0 0 0 0 0 0 0 0 0 0 1;1 0 0 0 0 0 0 0 0 0 0 0 0 0 0 0 0 0 0 0 0 1;1 0 0 0 0 0 0 0 0 0 0 0 0 0 0 0 0 0 0 0 0 1;1 0 0 0 0 0 0 0 0 0 0 0 0 0 0 0 0 0 0 0 0 1;1 0 0 0 0 0 0 0 0 0 0 0 0 0 0 0 0 0 0 0 0 1;1 0 0 0 0 0 0 0 0 0 0 0 0 0 0 0 0 0 0 0 0 1;1 0 0 0 0 0 0 0 0 0 0 0 0 0 0 0 0 0 0 0 0 1;1 0 0 0 0 0 0 0 0 0 0 0 0 0 0 0 0 0 0 0 0 1;1 0 0 0 0 0 0 0 0 0 0 0 0 0 0 0 0 0 0 0 0 1;1 0 0 0 0 0 0 0 0 0 0 0 0 0 0 0 0 0 0 0 0 1;1 0 0 0 0 0 0 0 0 0 0 0 0 0 0 0 0 0 0 0 0 1;1 0 0 0 0 0 0 0 0 0 0 0 0 0 0 0 0 0 0 0 0 1;1 0 0 0 0 0 0 0 0 0 0 0 0 0 0 0 0 0 0 0 0 1;1 0 0 0 0 0 0 0 0 0 0 0 0 0 0 0 0 0 0 0 3 1;1 1 1 1 1 1 1 1 1 1 1 1 1 1 1 1 1 1 1 1 1 1]
35,22,A*,0.029571056365966797,39,[1 1 1 1 1 1 1 1 1 1 1 1 1 1 1 1 1 1 1 1 1 1;1 5 0 0 0 0 0 0 0 0 0 0 0 0 0 0 0 0 0 0 0 1;1 0 2 0 0 0 0 0 0 0 0 0 0 0 0 0 0 0 0 0 0 1;1 0 0 0 0 0 0 0 0 0 0 0 0 0 0 0 0 0 0 0 0 1;1 0 0 0 0 0 0 0 0 0 0 0 0 0 0 0 0 0 0 0 0 1;1 0 0 0 0 0 0 0 0 0 0 0 0 0 0 0 0 0 0 0 0 1;1 0 0 0 0 0 0 0 0 0 0 0 0 0 0 0 0 0 0 0 0 1;1 0 0 0 0 0 0 0 0 0 0 0 0 0 0 0 0 0 0 0 0 1;1 0 0 0 0 0 0 0 0 0 0 0 0 0 0 0 0 0 0 0 0 1;1 0 0 0 0 0 0 0 0 0 0 0 0 0 0 0 0 0 0 0 0 1;1 0 0 0 0 0 0 0 0 0 0 0 0 0 0 0 0 0 0 0 0 1;1 0 0 0 0 0 0 0 0 0 0 0 0 0 0 0 0 0 0 0 0 1;1 0 0 0 0 0 0 0 0 0 0 0 0 0 0 0 0 0 0 0 0 1;1 0 0 0 0 0 0 0 0 0 0 0 0 0 0 0 0 0 0 0 0 1;1 0 0 0 0 0 0 0 0 0 0 0 0 0 0 0 0 0 0 0 0 1;1 0 0 0 0 0 0 0 0 0 0 0 0 0 0 0 0 0 0 0 0 1;1 0 0 0 0 0 0 0 0 0 0 0 0 0 0 0 0 0 0 0 0 1;1 0 0 0 0 0 0 0 0 0 0 0 0 0 0 0 0 0 0 0 0 1;1 0 0 0 0 0 0 0 0 0 0 0 0 0 0 0 0 0 0 0 0 1;1 0 0 0 0 0 0 0 0 0 0 0 0 0 0 0 0 0 0 0 0 1;1 0 0 0 0 0 0 0 0 0 0 0 0 0 0 0 0 0 0 0 3 1;1 1 1 1 1 1 1 1 1 1 1 1 1 1 1 1 1 1 1 1 1 1]
35,22,DFS,10.140507936477661,12591,[1 1 1 1 1 1 1 1 1 1 1 1 1 1 1 1 1 1 1 1 1 1;1 5 0 0 0 0 0 0 0 0 0 0 0 0 0 0 0 0 0 0 0 1;1 0 2 0 0 0 0 0 0 0 0 0 0 0 0 0 0 0 0 0 0 1;1 0 0 0 0 0 0 0 0 0 0 0 0 0 0 0 0 0 0 0 0 1;1 0 0 0 0 0 0 0 0 0 0 0 0 0 0 0 0 0 0 0 0 1;1 0 0 0 0 0 0 0 0 0 0 0 0 0 0 0 0 0 0 0 0 1;1 0 0 0 0 0 0 0 0 0 0 0 0 0 0 0 0 0 0 0 0 1;1 0 0 0 0 0 0 0 0 0 0 0 0 0 0 0 0 0 0 0 0 1;1 0 0 0 0 0 0 0 0 0 0 0 0 0 0 0 0 0 0 0 0 1;1 0 0 0 0 0 0 0 0 0 0 0 0 0 0 0 0 0 0 0 0 1;1 0 0 0 0 0 0 0 0 0 0 0 0 0 0 0 0 0 0 0 0 1;1 0 0 0 0 0 0 0 0 0 0 0 0 0 0 0 0 0 0 0 0 1;1 0 0 0 0 0 0 0 0 0 0 0 0 0 0 0 0 0 0 0 0 1;1 0 0 0 0 0 0 0 0 0 0 0 0 0 0 0 0 0 0 0 0 1;1 0 0 0 0 0 0 0 0 0 0 0 0 0 0 0 0 0 0 0 0 1;1 0 0 0 0 0 0 0 0 0 0 0 0 0 0 0 0 0 0 0 0 1;1 0 0 0 0 0 0 0 0 0 0 0 0 0 0 0 0 0 0 0 0 1;1 0 0 0 0 0 0 0 0 0 0 0 0 0 0 0 0 0 0 0 0 1;1 0 0 0 0 0 0 0 0 0 0 0 0 0 0 0 0 0 0 0 0 1;1 0 0 0 0 0 0 0 0 0 0 0 0 0 0 0 0 0 0 0 0 1;1 0 0 0 0 0 0 0 0 0 0 0 0 0 0 0 0 0 0 0 3 1;1 1 1 1 1 1 1 1 1 1 1 1 1 1 1 1 1 1 1 1 1 1]
35,22,BFS,1.552626609802246,39,[1 1 1 1 1 1 1 1 1 1 1 1 1 1 1 1 1 1 1 1 1 1;1 5 0 0 0 0 0 0 0 0 0 0 0 0 0 0 0 0 0 0 0 1;1 0 2 0 0 0 0 0 0 0 0 0 0 0 0 0 0 0 0 0 0 1;1 0 0 0 0 0 0 0 0 0 0 0 0 0 0 0 0 0 0 0 0 1;1 0 0 0 0 0 0 0 0 0 0 0 0 0 0 0 0 0 0 0 0 1;1 0 0 0 0 0 0 0 0 0 0 0 0 0 0 0 0 0 0 0 0 1;1 0 0 0 0 0 0 0 0 0 0 0 0 0 0 0 0 0 0 0 0 1;1 0 0 0 0 0 0 0 0 0 0 0 0 0 0 0 0 0 0 0 0 1;1 0 0 0 0 0 0 0 0 0 0 0 0 0 0 0 0 0 0 0 0 1;1 0 0 0 0 0 0 0 0 0 0 0 0 0 0 0 0 0 0 0 0 1;1 0 0 0 0 0 0 0 0 0 0 0 0 0 0 0 0 0 0 0 0 1;1 0 0 0 0 0 0 0 0 0 0 0 0 0 0 0 0 0 0 0 0 1;1 0 0 0 0 0 0 0 0 0 0 0 0 0 0 0 0 0 0 0 0 1;1 0 0 0 0 0 0 0 0 0 0 0 0 0 0 0 0 0 0 0 0 1;1 0 0 0 0 0 0 0 0 0 0 0 0 0 0 0 0 0 0 0 0 1;1 0 0 0 0 0 0 0 0 0 0 0 0 0 0 0 0 0 0 0 0 1;1 0 0 0 0 0 0 0 0 0 0 0 0 0 0 0 0 0 0 0 0 1;1 0 0 0 0 0 0 0 0 0 0 0 0 0 0 0 0 0 0 0 0 1;1 0 0 0 0 0 0 0 0 0 0 0 0 0 0 0 0 0 0 0 0 1;1 0 0 0 0 0 0 0 0 0 0 0 0 0 0 0 0 0 0 0 0 1;1 0 0 0 0 0 0 0 0 0 0 0 0 0 0 0 0 0 0 0 3 1;1 1 1 1 1 1 1 1 1 1 1 1 1 1 1 1 1 1 1 1 1 1]
36,23,A*,0.016721725463867188,41,[1 1 1 1 1 1 1 1 1 1 1 1 1 1 1 1 1 1 1 1 1 1 1;1 5 0 0 0 0 0 0 0 0 0 0 0 0 0 0 0 0 0 0 0 0 1;1 0 2 0 0 0 0 0 0 0 0 0 0 0 0 0 0 0 0 0 0 0 1;1 0 0 0 0 0 0 0 0 0 0 0 0 0 0 0 0 0 0 0 0 0 1;1 0 0 0 0 0 0 0 0 0 0 0 0 0 0 0 0 0 0 0 0 0 1;1 0 0 0 0 0 0 0 0 0 0 0 0 0 0 0 0 0 0 0 0 0 1;1 0 0 0 0 0 0 0 0 0 0 0 0 0 0 0 0 0 0 0 0 0 1;1 0 0 0 0 0 0 0 0 0 0 0 0 0 0 0 0 0 0 0 0 0 1;1 0 0 0 0 0 0 0 0 0 0 0 0 0 0 0 0 0 0 0 0 0 1;1 0 0 0 0 0 0 0 0 0 0 0 0 0 0 0 0 0 0 0 0 0 1;1 0 0 0 0 0 0 0 0 0 0 0 0 0 0 0 0 0 0 0 0 0 1;1 0 0 0 0 0 0 0 0 0 0 0 0 0 0 0 0 0 0 0 0 0 1;1 0 0 0 0 0 0 0 0 0 0 0 0 0 0 0 0 0 0 0 0 0 1;1 0 0 0 0 0 0 0 0 0 0 0 0 0 0 0 0 0 0 0 0 0 1;1 0 0 0 0 0 0 0 0 0 0 0 0 0 0 0 0 0 0 0 0 0 1;1 0 0 0 0 0 0 0 0 0 0 0 0 0 0 0 0 0 0 0 0 0 1;1 0 0 0 0 0 0 0 0 0 0 0 0 0 0 0 0 0 0 0 0 0 1;1 0 0 0 0 0 0 0 0 0 0 0 0 0 0 0 0 0 0 0 0 0 1;1 0 0 0 0 0 0 0 0 0 0 0 0 0 0 0 0 0 0 0 0 0 1;1 0 0 0 0 0 0 0 0 0 0 0 0 0 0 0 0 0 0 0 0 0 1;1 0 0 0 0 0 0 0 0 0 0 0 0 0 0 0 0 0 0 0 0 0 1;1 0 0 0 0 0 0 0 0 0 0 0 0 0 0 0 0 0 0 0 0 3 1;1 1 1 1 1 1 1 1 1 1 1 1 1 1 1 1 1 1 1 1 1 1 1]
36,23,DFS,13.452576160430908,15463,[1 1 1 1 1 1 1 1 1 1 1 1 1 1 1 1 1 1 1 1 1 1 1;1 5 0 0 0 0 0 0 0 0 0 0 0 0 0 0 0 0 0 0 0 0 1;1 0 2 0 0 0 0 0 0 0 0 0 0 0 0 0 0 0 0 0 0 0 1;1 0 0 0 0 0 0 0 0 0 0 0 0 0 0 0 0 0 0 0 0 0 1;1 0 0 0 0 0 0 0 0 0 0 0 0 0 0 0 0 0 0 0 0 0 1;1 0 0 0 0 0 0 0 0 0 0 0 0 0 0 0 0 0 0 0 0 0 1;1 0 0 0 0 0 0 0 0 0 0 0 0 0 0 0 0 0 0 0 0 0 1;1 0 0 0 0 0 0 0 0 0 0 0 0 0 0 0 0 0 0 0 0 0 1;1 0 0 0 0 0 0 0 0 0 0 0 0 0 0 0 0 0 0 0 0 0 1;1 0 0 0 0 0 0 0 0 0 0 0 0 0 0 0 0 0 0 0 0 0 1;1 0 0 0 0 0 0 0 0 0 0 0 0 0 0 0 0 0 0 0 0 0 1;1 0 0 0 0 0 0 0 0 0 0 0 0 0 0 0 0 0 0 0 0 0 1;1 0 0 0 0 0 0 0 0 0 0 0 0 0 0 0 0 0 0 0 0 0 1;1 0 0 0 0 0 0 0 0 0 0 0 0 0 0 0 0 0 0 0 0 0 1;1 0 0 0 0 0 0 0 0 0 0 0 0 0 0 0 0 0 0 0 0 0 1;1 0 0 0 0 0 0 0 0 0 0 0 0 0 0 0 0 0 0 0 0 0 1;1 0 0 0 0 0 0 0 0 0 0 0 0 0 0 0 0 0 0 0 0 0 1;1 0 0 0 0 0 0 0 0 0 0 0 0 0 0 0 0 0 0 0 0 0 1;1 0 0 0 0 0 0 0 0 0 0 0 0 0 0 0 0 0 0 0 0 0 1;1 0 0 0 0 0 0 0 0 0 0 0 0 0 0 0 0 0 0 0 0 0 1;1 0 0 0 0 0 0 0 0 0 0 0 0 0 0 0 0 0 0 0 0 0 1;1 0 0 0 0 0 0 0 0 0 0 0 0 0 0 0 0 0 0 0 0 3 1;1 1 1 1 1 1 1 1 1 1 1 1 1 1 1 1 1 1 1 1 1 1 1]
36,23,BFS,2.484337329864502,41,[1 1 1 1 1 1 1 1 1 1 1 1 1 1 1 1 1 1 1 1 1 1 1;1 5 0 0 0 0 0 0 0 0 0 0 0 0 0 0 0 0 0 0 0 0 1;1 0 2 0 0 0 0 0 0 0 0 0 0 0 0 0 0 0 0 0 0 0 1;1 0 0 0 0 0 0 0 0 0 0 0 0 0 0 0 0 0 0 0 0 0 1;1 0 0 0 0 0 0 0 0 0 0 0 0 0 0 0 0 0 0 0 0 0 1;1 0 0 0 0 0 0 0 0 0 0 0 0 0 0 0 0 0 0 0 0 0 1;1 0 0 0 0 0 0 0 0 0 0 0 0 0 0 0 0 0 0 0 0 0 1;1 0 0 0 0 0 0 0 0 0 0 0 0 0 0 0 0 0 0 0 0 0 1;1 0 0 0 0 0 0 0 0 0 0 0 0 0 0 0 0 0 0 0 0 0 1;1 0 0 0 0 0 0 0 0 0 0 0 0 0 0 0 0 0 0 0 0 0 1;1 0 0 0 0 0 0 0 0 0 0 0 0 0 0 0 0 0 0 0 0 0 1;1 0 0 0 0 0 0 0 0 0 0 0 0 0 0 0 0 0 0 0 0 0 1;1 0 0 0 0 0 0 0 0 0 0 0 0 0 0 0 0 0 0 0 0 0 1;1 0 0 0 0 0 0 0 0 0 0 0 0 0 0 0 0 0 0 0 0 0 1;1 0 0 0 0 0 0 0 0 0 0 0 0 0 0 0 0 0 0 0 0 0 1;1 0 0 0 0 0 0 0 0 0 0 0 0 0 0 0 0 0 0 0 0 0 1;1 0 0 0 0 0 0 0 0 0 0 0 0 0 0 0 0 0 0 0 0 0 1;1 0 0 0 0 0 0 0 0 0 0 0 0 0 0 0 0 0 0 0 0 0 1;1 0 0 0 0 0 0 0 0 0 0 0 0 0 0 0 0 0 0 0 0 0 1;1 0 0 0 0 0 0 0 0 0 0 0 0 0 0 0 0 0 0 0 0 0 1;1 0 0 0 0 0 0 0 0 0 0 0 0 0 0 0 0 0 0 0 0 0 1;1 0 0 0 0 0 0 0 0 0 0 0 0 0 0 0 0 0 0 0 0 3 1;1 1 1 1 1 1 1 1 1 1 1 1 1 1 1 1 1 1 1 1 1 1 1]
37,23,A*,0.026937246322631836,41,[1 1 1 1 1 1 1 1 1 1 1 1 1 1 1 1 1 1 1 1 1 1 1;1 5 0 0 0 0 0 0 0 0 0 0 0 0 0 0 0 0 0 0 0 0 1;1 0 2 0 0 0 0 0 0 0 0 0 0 0 0 0 0 0 0 0 0 0 1;1 0 0 0 0 0 0 0 0 0 0 0 0 0 0 0 0 0 0 0 0 0 1;1 0 0 0 0 0 0 0 0 0 0 0 0 0 0 0 0 0 0 0 0 0 1;1 0 0 0 0 0 0 0 0 0 0 0 0 0 0 0 0 0 0 0 0 0 1;1 0 0 0 0 0 0 0 0 0 0 0 0 0 0 0 0 0 0 0 0 0 1;1 0 0 0 0 0 0 0 0 0 0 0 0 0 0 0 0 0 0 0 0 0 1;1 0 0 0 0 0 0 0 0 0 0 0 0 0 0 0 0 0 0 0 0 0 1;1 0 0 0 0 0 0 0 0 0 0 0 0 0 0 0 0 0 0 0 0 0 1;1 0 0 0 0 0 0 0 0 0 0 0 0 0 0 0 0 0 0 0 0 0 1;1 0 0 0 0 0 0 0 0 0 0 0 0 0 0 0 0 0 0 0 0 0 1;1 0 0 0 0 0 0 0 0 0 0 0 0 0 0 0 0 0 0 0 0 0 1;1 0 0 0 0 0 0 0 0 0 0 0 0 0 0 0 0 0 0 0 0 0 1;1 0 0 0 0 0 0 0 0 0 0 0 0 0 0 0 0 0 0 0 0 0 1;1 0 0 0 0 0 0 0 0 0 0 0 0 0 0 0 0 0 0 0 0 0 1;1 0 0 0 0 0 0 0 0 0 0 0 0 0 0 0 0 0 0 0 0 0 1;1 0 0 0 0 0 0 0 0 0 0 0 0 0 0 0 0 0 0 0 0 0 1;1 0 0 0 0 0 0 0 0 0 0 0 0 0 0 0 0 0 0 0 0 0 1;1 0 0 0 0 0 0 0 0 0 0 0 0 0 0 0 0 0 0 0 0 0 1;1 0 0 0 0 0 0 0 0 0 0 0 0 0 0 0 0 0 0 0 0 0 1;1 0 0 0 0 0 0 0 0 0 0 0 0 0 0 0 0 0 0 0 0 3 1;1 1 1 1 1 1 1 1 1 1 1 1 1 1 1 1 1 1 1 1 1 1 1]
37,23,DFS,13.75895881652832,15463,[1 1 1 1 1 1 1 1 1 1 1 1 1 1 1 1 1 1 1 1 1 1 1;1 5 0 0 0 0 0 0 0 0 0 0 0 0 0 0 0 0 0 0 0 0 1;1 0 2 0 0 0 0 0 0 0 0 0 0 0 0 0 0 0 0 0 0 0 1;1 0 0 0 0 0 0 0 0 0 0 0 0 0 0 0 0 0 0 0 0 0 1;1 0 0 0 0 0 0 0 0 0 0 0 0 0 0 0 0 0 0 0 0 0 1;1 0 0 0 0 0 0 0 0 0 0 0 0 0 0 0 0 0 0 0 0 0 1;1 0 0 0 0 0 0 0 0 0 0 0 0 0 0 0 0 0 0 0 0 0 1;1 0 0 0 0 0 0 0 0 0 0 0 0 0 0 0 0 0 0 0 0 0 1;1 0 0 0 0 0 0 0 0 0 0 0 0 0 0 0 0 0 0 0 0 0 1;1 0 0 0 0 0 0 0 0 0 0 0 0 0 0 0 0 0 0 0 0 0 1;1 0 0 0 0 0 0 0 0 0 0 0 0 0 0 0 0 0 0 0 0 0 1;1 0 0 0 0 0 0 0 0 0 0 0 0 0 0 0 0 0 0 0 0 0 1;1 0 0 0 0 0 0 0 0 0 0 0 0 0 0 0 0 0 0 0 0 0 1;1 0 0 0 0 0 0 0 0 0 0 0 0 0 0 0 0 0 0 0 0 0 1;1 0 0 0 0 0 0 0 0 0 0 0 0 0 0 0 0 0 0 0 0 0 1;1 0 0 0 0 0 0 0 0 0 0 0 0 0 0 0 0 0 0 0 0 0 1;1 0 0 0 0 0 0 0 0 0 0 0 0 0 0 0 0 0 0 0 0 0 1;1 0 0 0 0 0 0 0 0 0 0 0 0 0 0 0 0 0 0 0 0 0 1;1 0 0 0 0 0 0 0 0 0 0 0 0 0 0 0 0 0 0 0 0 0 1;1 0 0 0 0 0 0 0 0 0 0 0 0 0 0 0 0 0 0 0 0 0 1;1 0 0 0 0 0 0 0 0 0 0 0 0 0 0 0 0 0 0 0 0 0 1;1 0 0 0 0 0 0 0 0 0 0 0 0 0 0 0 0 0 0 0 0 3 1;1 1 1 1 1 1 1 1 1 1 1 1 1 1 1 1 1 1 1 1 1 1 1]
37,23,BFS,2.1911985874176025,41,[1 1 1 1 1 1 1 1 1 1 1 1 1 1 1 1 1 1 1 1 1 1 1;1 5 0 0 0 0 0 0 0 0 0 0 0 0 0 0 0 0 0 0 0 0 1;1 0 2 0 0 0 0 0 0 0 0 0 0 0 0 0 0 0 0 0 0 0 1;1 0 0 0 0 0 0 0 0 0 0 0 0 0 0 0 0 0 0 0 0 0 1;1 0 0 0 0 0 0 0 0 0 0 0 0 0 0 0 0 0 0 0 0 0 1;1 0 0 0 0 0 0 0 0 0 0 0 0 0 0 0 0 0 0 0 0 0 1;1 0 0 0 0 0 0 0 0 0 0 0 0 0 0 0 0 0 0 0 0 0 1;1 0 0 0 0 0 0 0 0 0 0 0 0 0 0 0 0 0 0 0 0 0 1;1 0 0 0 0 0 0 0 0 0 0 0 0 0 0 0 0 0 0 0 0 0 1;1 0 0 0 0 0 0 0 0 0 0 0 0 0 0 0 0 0 0 0 0 0 1;1 0 0 0 0 0 0 0 0 0 0 0 0 0 0 0 0 0 0 0 0 0 1;1 0 0 0 0 0 0 0 0 0 0 0 0 0 0 0 0 0 0 0 0 0 1;1 0 0 0 0 0 0 0 0 0 0 0 0 0 0 0 0 0 0 0 0 0 1;1 0 0 0 0 0 0 0 0 0 0 0 0 0 0 0 0 0 0 0 0 0 1;1 0 0 0 0 0 0 0 0 0 0 0 0 0 0 0 0 0 0 0 0 0 1;1 0 0 0 0 0 0 0 0 0 0 0 0 0 0 0 0 0 0 0 0 0 1;1 0 0 0 0 0 0 0 0 0 0 0 0 0 0 0 0 0 0 0 0 0 1;1 0 0 0 0 0 0 0 0 0 0 0 0 0 0 0 0 0 0 0 0 0 1;1 0 0 0 0 0 0 0 0 0 0 0 0 0 0 0 0 0 0 0 0 0 1;1 0 0 0 0 0 0 0 0 0 0 0 0 0 0 0 0 0 0 0 0 0 1;1 0 0 0 0 0 0 0 0 0 0 0 0 0 0 0 0 0 0 0 0 0 1;1 0 0 0 0 0 0 0 0 0 0 0 0 0 0 0 0 0 0 0 0 3 1;1 1 1 1 1 1 1 1 1 1 1 1 1 1 1 1 1 1 1 1 1 1 1]
38,24,A*,0.03370785713195801,43,[1 1 1 1 1 1 1 1 1 1 1 1 1 1 1 1 1 1 1 1 1 1 1 1;1 5 0 0 0 0 0 0 0 0 0 0 0 0 0 0 0 0 0 0 0 0 0 1;1 0 2 0 0 0 0 0 0 0 0 0 0 0 0 0 0 0 0 0 0 0 0 1;1 0 0 0 0 0 0 0 0 0 0 0 0 0 0 0 0 0 0 0 0 0 0 1;1 0 0 0 0 0 0 0 0 0 0 0 0 0 0 0 0 0 0 0 0 0 0 1;1 0 0 0 0 0 0 0 0 0 0 0 0 0 0 0 0 0 0 0 0 0 0 1;1 0 0 0 0 0 0 0 0 0 0 0 0 0 0 0 0 0 0 0 0 0 0 1;1 0 0 0 0 0 0 0 0 0 0 0 0 0 0 0 0 0 0 0 0 0 0 1;1 0 0 0 0 0 0 0 0 0 0 0 0 0 0 0 0 0 0 0 0 0 0 1;1 0 0 0 0 0 0 0 0 0 0 0 0 0 0 0 0 0 0 0 0 0 0 1;1 0 0 0 0 0 0 0 0 0 0 0 0 0 0 0 0 0 0 0 0 0 0 1;1 0 0 0 0 0 0 0 0 0 0 0 0 0 0 0 0 0 0 0 0 0 0 1;1 0 0 0 0 0 0 0 0 0 0 0 0 0 0 0 0 0 0 0 0 0 0 1;1 0 0 0 0 0 0 0 0 0 0 0 0 0 0 0 0 0 0 0 0 0 0 1;1 0 0 0 0 0 0 0 0 0 0 0 0 0 0 0 0 0 0 0 0 0 0 1;1 0 0 0 0 0 0 0 0 0 0 0 0 0 0 0 0 0 0 0 0 0 0 1;1 0 0 0 0 0 0 0 0 0 0 0 0 0 0 0 0 0 0 0 0 0 0 1;1 0 0 0 0 0 0 0 0 0 0 0 0 0 0 0 0 0 0 0 0 0 0 1;1 0 0 0 0 0 0 0 0 0 0 0 0 0 0 0 0 0 0 0 0 0 0 1;1 0 0 0 0 0 0 0 0 0 0 0 0 0 0 0 0 0 0 0 0 0 0 1;1 0 0 0 0 0 0 0 0 0 0 0 0 0 0 0 0 0 0 0 0 0 0 1;1 0 0 0 0 0 0 0 0 0 0 0 0 0 0 0 0 0 0 0 0 0 0 1;1 0 0 0 0 0 0 0 0 0 0 0 0 0 0 0 0 0 0 0 0 0 3 1;1 1 1 1 1 1 1 1 1 1 1 1 1 1 1 1 1 1 1 1 1 1 1 1]
38,24,DFS,19.662261962890625,17129,[1 1 1 1 1 1 1 1 1 1 1 1 1 1 1 1 1 1 1 1 1 1 1 1;1 5 0 0 0 0 0 0 0 0 0 0 0 0 0 0 0 0 0 0 0 0 0 1;1 0 2 0 0 0 0 0 0 0 0 0 0 0 0 0 0 0 0 0 0 0 0 1;1 0 0 0 0 0 0 0 0 0 0 0 0 0 0 0 0 0 0 0 0 0 0 1;1 0 0 0 0 0 0 0 0 0 0 0 0 0 0 0 0 0 0 0 0 0 0 1;1 0 0 0 0 0 0 0 0 0 0 0 0 0 0 0 0 0 0 0 0 0 0 1;1 0 0 0 0 0 0 0 0 0 0 0 0 0 0 0 0 0 0 0 0 0 0 1;1 0 0 0 0 0 0 0 0 0 0 0 0 0 0 0 0 0 0 0 0 0 0 1;1 0 0 0 0 0 0 0 0 0 0 0 0 0 0 0 0 0 0 0 0 0 0 1;1 0 0 0 0 0 0 0 0 0 0 0 0 0 0 0 0 0 0 0 0 0 0 1;1 0 0 0 0 0 0 0 0 0 0 0 0 0 0 0 0 0 0 0 0 0 0 1;1 0 0 0 0 0 0 0 0 0 0 0 0 0 0 0 0 0 0 0 0 0 0 1;1 0 0 0 0 0 0 0 0 0 0 0 0 0 0 0 0 0 0 0 0 0 0 1;1 0 0 0 0 0 0 0 0 0 0 0 0 0 0 0 0 0 0 0 0 0 0 1;1 0 0 0 0 0 0 0 0 0 0 0 0 0 0 0 0 0 0 0 0 0 0 1;1 0 0 0 0 0 0 0 0 0 0 0 0 0 0 0 0 0 0 0 0 0 0 1;1 0 0 0 0 0 0 0 0 0 0 0 0 0 0 0 0 0 0 0 0 0 0 1;1 0 0 0 0 0 0 0 0 0 0 0 0 0 0 0 0 0 0 0 0 0 0 1;1 0 0 0 0 0 0 0 0 0 0 0 0 0 0 0 0 0 0 0 0 0 0 1;1 0 0 0 0 0 0 0 0 0 0 0 0 0 0 0 0 0 0 0 0 0 0 1;1 0 0 0 0 0 0 0 0 0 0 0 0 0 0 0 0 0 0 0 0 0 0 1;1 0 0 0 0 0 0 0 0 0 0 0 0 0 0 0 0 0 0 0 0 0 0 1;1 0 0 0 0 0 0 0 0 0 0 0 0 0 0 0 0 0 0 0 0 0 3 1;1 1 1 1 1 1 1 1 1 1 1 1 1 1 1 1 1 1 1 1 1 1 1 1]
38,24,BFS,5.43265438079834,43,[1 1 1 1 1 1 1 1 1 1 1 1 1 1 1 1 1 1 1 1 1 1 1 1;1 5 0 0 0 0 0 0 0 0 0 0 0 0 0 0 0 0 0 0 0 0 0 1;1 0 2 0 0 0 0 0 0 0 0 0 0 0 0 0 0 0 0 0 0 0 0 1;1 0 0 0 0 0 0 0 0 0 0 0 0 0 0 0 0 0 0 0 0 0 0 1;1 0 0 0 0 0 0 0 0 0 0 0 0 0 0 0 0 0 0 0 0 0 0 1;1 0 0 0 0 0 0 0 0 0 0 0 0 0 0 0 0 0 0 0 0 0 0 1;1 0 0 0 0 0 0 0 0 0 0 0 0 0 0 0 0 0 0 0 0 0 0 1;1 0 0 0 0 0 0 0 0 0 0 0 0 0 0 0 0 0 0 0 0 0 0 1;1 0 0 0 0 0 0 0 0 0 0 0 0 0 0 0 0 0 0 0 0 0 0 1;1 0 0 0 0 0 0 0 0 0 0 0 0 0 0 0 0 0 0 0 0 0 0 1;1 0 0 0 0 0 0 0 0 0 0 0 0 0 0 0 0 0 0 0 0 0 0 1;1 0 0 0 0 0 0 0 0 0 0 0 0 0 0 0 0 0 0 0 0 0 0 1;1 0 0 0 0 0 0 0 0 0 0 0 0 0 0 0 0 0 0 0 0 0 0 1;1 0 0 0 0 0 0 0 0 0 0 0 0 0 0 0 0 0 0 0 0 0 0 1;1 0 0 0 0 0 0 0 0 0 0 0 0 0 0 0 0 0 0 0 0 0 0 1;1 0 0 0 0 0 0 0 0 0 0 0 0 0 0 0 0 0 0 0 0 0 0 1;1 0 0 0 0 0 0 0 0 0 0 0 0 0 0 0 0 0 0 0 0 0 0 1;1 0 0 0 0 0 0 0 0 0 0 0 0 0 0 0 0 0 0 0 0 0 0 1;1 0 0 0 0 0 0 0 0 0 0 0 0 0 0 0 0 0 0 0 0 0 0 1;1 0 0 0 0 0 0 0 0 0 0 0 0 0 0 0 0 0 0 0 0 0 0 1;1 0 0 0 0 0 0 0 0 0 0 0 0 0 0 0 0 0 0 0 0 0 0 1;1 0 0 0 0 0 0 0 0 0 0 0 0 0 0 0 0 0 0 0 0 0 0 1;1 0 0 0 0 0 0 0 0 0 0 0 0 0 0 0 0 0 0 0 0 0 3 1;1 1 1 1 1 1 1 1 1 1 1 1 1 1 1 1 1 1 1 1 1 1 1 1]
39,24,A*,0.06600165367126465,43,[1 1 1 1 1 1 1 1 1 1 1 1 1 1 1 1 1 1 1 1 1 1 1 1;1 5 0 0 0 0 0 0 0 0 0 0 0 0 0 0 0 0 0 0 0 0 0 1;1 0 2 0 0 0 0 0 0 0 0 0 0 0 0 0 0 0 0 0 0 0 0 1;1 0 0 0 0 0 0 0 0 0 0 0 0 0 0 0 0 0 0 0 0 0 0 1;1 0 0 0 0 0 0 0 0 0 0 0 0 0 0 0 0 0 0 0 0 0 0 1;1 0 0 0 0 0 0 0 0 0 0 0 0 0 0 0 0 0 0 0 0 0 0 1;1 0 0 0 0 0 0 0 0 0 0 0 0 0 0 0 0 0 0 0 0 0 0 1;1 0 0 0 0 0 0 0 0 0 0 0 0 0 0 0 0 0 0 0 0 0 0 1;1 0 0 0 0 0 0 0 0 0 0 0 0 0 0 0 0 0 0 0 0 0 0 1;1 0 0 0 0 0 0 0 0 0 0 0 0 0 0 0 0 0 0 0 0 0 0 1;1 0 0 0 0 0 0 0 0 0 0 0 0 0 0 0 0 0 0 0 0 0 0 1;1 0 0 0 0 0 0 0 0 0 0 0 0 0 0 0 0 0 0 0 0 0 0 1;1 0 0 0 0 0 0 0 0 0 0 0 0 0 0 0 0 0 0 0 0 0 0 1;1 0 0 0 0 0 0 0 0 0 0 0 0 0 0 0 0 0 0 0 0 0 0 1;1 0 0 0 0 0 0 0 0 0 0 0 0 0 0 0 0 0 0 0 0 0 0 1;1 0 0 0 0 0 0 0 0 0 0 0 0 0 0 0 0 0 0 0 0 0 0 1;1 0 0 0 0 0 0 0 0 0 0 0 0 0 0 0 0 0 0 0 0 0 0 1;1 0 0 0 0 0 0 0 0 0 0 0 0 0 0 0 0 0 0 0 0 0 0 1;1 0 0 0 0 0 0 0 0 0 0 0 0 0 0 0 0 0 0 0 0 0 0 1;1 0 0 0 0 0 0 0 0 0 0 0 0 0 0 0 0 0 0 0 0 0 0 1;1 0 0 0 0 0 0 0 0 0 0 0 0 0 0 0 0 0 0 0 0 0 0 1;1 0 0 0 0 0 0 0 0 0 0 0 0 0 0 0 0 0 0 0 0 0 0 1;1 0 0 0 0 0 0 0 0 0 0 0 0 0 0 0 0 0 0 0 0 0 3 1;1 1 1 1 1 1 1 1 1 1 1 1 1 1 1 1 1 1 1 1 1 1 1 1]
39,24,DFS,32.03308701515198,17129,[1 1 1 1 1 1 1 1 1 1 1 1 1 1 1 1 1 1 1 1 1 1 1 1;1 5 0 0 0 0 0 0 0 0 0 0 0 0 0 0 0 0 0 0 0 0 0 1;1 0 2 0 0 0 0 0 0 0 0 0 0 0 0 0 0 0 0 0 0 0 0 1;1 0 0 0 0 0 0 0 0 0 0 0 0 0 0 0 0 0 0 0 0 0 0 1;1 0 0 0 0 0 0 0 0 0 0 0 0 0 0 0 0 0 0 0 0 0 0 1;1 0 0 0 0 0 0 0 0 0 0 0 0 0 0 0 0 0 0 0 0 0 0 1;1 0 0 0 0 0 0 0 0 0 0 0 0 0 0 0 0 0 0 0 0 0 0 1;1 0 0 0 0 0 0 0 0 0 0 0 0 0 0 0 0 0 0 0 0 0 0 1;1 0 0 0 0 0 0 0 0 0 0 0 0 0 0 0 0 0 0 0 0 0 0 1;1 0 0 0 0 0 0 0 0 0 0 0 0 0 0 0 0 0 0 0 0 0 0 1;1 0 0 0 0 0 0 0 0 0 0 0 0 0 0 0 0 0 0 0 0 0 0 1;1 0 0 0 0 0 0 0 0 0 0 0 0 0 0 0 0 0 0 0 0 0 0 1;1 0 0 0 0 0 0 0 0 0 0 0 0 0 0 0 0 0 0 0 0 0 0 1;1 0 0 0 0 0 0 0 0 0 0 0 0 0 0 0 0 0 0 0 0 0 0 1;1 0 0 0 0 0 0 0 0 0 0 0 0 0 0 0 0 0 0 0 0 0 0 1;1 0 0 0 0 0 0 0 0 0 0 0 0 0 0 0 0 0 0 0 0 0 0 1;1 0 0 0 0 0 0 0 0 0 0 0 0 0 0 0 0 0 0 0 0 0 0 1;1 0 0 0 0 0 0 0 0 0 0 0 0 0 0 0 0 0 0 0 0 0 0 1;1 0 0 0 0 0 0 0 0 0 0 0 0 0 0 0 0 0 0 0 0 0 0 1;1 0 0 0 0 0 0 0 0 0 0 0 0 0 0 0 0 0 0 0 0 0 0 1;1 0 0 0 0 0 0 0 0 0 0 0 0 0 0 0 0 0 0 0 0 0 0 1;1 0 0 0 0 0 0 0 0 0 0 0 0 0 0 0 0 0 0 0 0 0 0 1;1 0 0 0 0 0 0 0 0 0 0 0 0 0 0 0 0 0 0 0 0 0 3 1;1 1 1 1 1 1 1 1 1 1 1 1 1 1 1 1 1 1 1 1 1 1 1 1]
39,24,BFS,4.466030597686768,43,[1 1 1 1 1 1 1 1 1 1 1 1 1 1 1 1 1 1 1 1 1 1 1 1;1 5 0 0 0 0 0 0 0 0 0 0 0 0 0 0 0 0 0 0 0 0 0 1;1 0 2 0 0 0 0 0 0 0 0 0 0 0 0 0 0 0 0 0 0 0 0 1;1 0 0 0 0 0 0 0 0 0 0 0 0 0 0 0 0 0 0 0 0 0 0 1;1 0 0 0 0 0 0 0 0 0 0 0 0 0 0 0 0 0 0 0 0 0 0 1;1 0 0 0 0 0 0 0 0 0 0 0 0 0 0 0 0 0 0 0 0 0 0 1;1 0 0 0 0 0 0 0 0 0 0 0 0 0 0 0 0 0 0 0 0 0 0 1;1 0 0 0 0 0 0 0 0 0 0 0 0 0 0 0 0 0 0 0 0 0 0 1;1 0 0 0 0 0 0 0 0 0 0 0 0 0 0 0 0 0 0 0 0 0 0 1;1 0 0 0 0 0 0 0 0 0 0 0 0 0 0 0 0 0 0 0 0 0 0 1;1 0 0 0 0 0 0 0 0 0 0 0 0 0 0 0 0 0 0 0 0 0 0 1;1 0 0 0 0 0 0 0 0 0 0 0 0 0 0 0 0 0 0 0 0 0 0 1;1 0 0 0 0 0 0 0 0 0 0 0 0 0 0 0 0 0 0 0 0 0 0 1;1 0 0 0 0 0 0 0 0 0 0 0 0 0 0 0 0 0 0 0 0 0 0 1;1 0 0 0 0 0 0 0 0 0 0 0 0 0 0 0 0 0 0 0 0 0 0 1;1 0 0 0 0 0 0 0 0 0 0 0 0 0 0 0 0 0 0 0 0 0 0 1;1 0 0 0 0 0 0 0 0 0 0 0 0 0 0 0 0 0 0 0 0 0 0 1;1 0 0 0 0 0 0 0 0 0 0 0 0 0 0 0 0 0 0 0 0 0 0 1;1 0 0 0 0 0 0 0 0 0 0 0 0 0 0 0 0 0 0 0 0 0 0 1;1 0 0 0 0 0 0 0 0 0 0 0 0 0 0 0 0 0 0 0 0 0 0 1;1 0 0 0 0 0 0 0 0 0 0 0 0 0 0 0 0 0 0 0 0 0 0 1;1 0 0 0 0 0 0 0 0 0 0 0 0 0 0 0 0 0 0 0 0 0 0 1;1 0 0 0 0 0 0 0 0 0 0 0 0 0 0 0 0 0 0 0 0 0 3 1;1 1 1 1 1 1 1 1 1 1 1 1 1 1 1 1 1 1 1 1 1 1 1 1]
40,25,A*,0.04410839080810547,45,[1 1 1 1 1 1 1 1 1 1 1 1 1 1 1 1 1 1 1 1 1 1 1 1 1;1 5 0 0 0 0 0 0 0 0 0 0 0 0 0 0 0 0 0 0 0 0 0 0 1;1 0 2 0 0 0 0 0 0 0 0 0 0 0 0 0 0 0 0 0 0 0 0 0 1;1 0 0 0 0 0 0 0 0 0 0 0 0 0 0 0 0 0 0 0 0 0 0 0 1;1 0 0 0 0 0 0 0 0 0 0 0 0 0 0 0 0 0 0 0 0 0 0 0 1;1 0 0 0 0 0 0 0 0 0 0 0 0 0 0 0 0 0 0 0 0 0 0 0 1;1 0 0 0 0 0 0 0 0 0 0 0 0 0 0 0 0 0 0 0 0 0 0 0 1;1 0 0 0 0 0 0 0 0 0 0 0 0 0 0 0 0 0 0 0 0 0 0 0 1;1 0 0 0 0 0 0 0 0 0 0 0 0 0 0 0 0 0 0 0 0 0 0 0 1;1 0 0 0 0 0 0 0 0 0 0 0 0 0 0 0 0 0 0 0 0 0 0 0 1;1 0 0 0 0 0 0 0 0 0 0 0 0 0 0 0 0 0 0 0 0 0 0 0 1;1 0 0 0 0 0 0 0 0 0 0 0 0 0 0 0 0 0 0 0 0 0 0 0 1;1 0 0 0 0 0 0 0 0 0 0 0 0 0 0 0 0 0 0 0 0 0 0 0 1;1 0 0 0 0 0 0 0 0 0 0 0 0 0 0 0 0 0 0 0 0 0 0 0 1;1 0 0 0 0 0 0 0 0 0 0 0 0 0 0 0 0 0 0 0 0 0 0 0 1;1 0 0 0 0 0 0 0 0 0 0 0 0 0 0 0 0 0 0 0 0 0 0 0 1;1 0 0 0 0 0 0 0 0 0 0 0 0 0 0 0 0 0 0 0 0 0 0 0 1;1 0 0 0 0 0 0 0 0 0 0 0 0 0 0 0 0 0 0 0 0 0 0 0 1;1 0 0 0 0 0 0 0 0 0 0 0 0 0 0 0 0 0 0 0 0 0 0 0 1;1 0 0 0 0 0 0 0 0 0 0 0 0 0 0 0 0 0 0 0 0 0 0 0 1;1 0 0 0 0 0 0 0 0 0 0 0 0 0 0 0 0 0 0 0 0 0 0 0 1;1 0 0 0 0 0 0 0 0 0 0 0 0 0 0 0 0 0 0 0 0 0 0 0 1;1 0 0 0 0 0 0 0 0 0 0 0 0 0 0 0 0 0 0 0 0 0 0 0 1;1 0 0 0 0 0 0 0 0 0 0 0 0 0 0 0 0 0 0 0 0 0 0 3 1;1 1 1 1 1 1 1 1 1 1 1 1 1 1 1 1 1 1 1 1 1 1 1 1 1]
40,25,DFS,47.154510498046875,20639,[1 1 1 1 1 1 1 1 1 1 1 1 1 1 1 1 1 1 1 1 1 1 1 1 1;1 5 0 0 0 0 0 0 0 0 0 0 0 0 0 0 0 0 0 0 0 0 0 0 1;1 0 2 0 0 0 0 0 0 0 0 0 0 0 0 0 0 0 0 0 0 0 0 0 1;1 0 0 0 0 0 0 0 0 0 0 0 0 0 0 0 0 0 0 0 0 0 0 0 1;1 0 0 0 0 0 0 0 0 0 0 0 0 0 0 0 0 0 0 0 0 0 0 0 1;1 0 0 0 0 0 0 0 0 0 0 0 0 0 0 0 0 0 0 0 0 0 0 0 1;1 0 0 0 0 0 0 0 0 0 0 0 0 0 0 0 0 0 0 0 0 0 0 0 1;1 0 0 0 0 0 0 0 0 0 0 0 0 0 0 0 0 0 0 0 0 0 0 0 1;1 0 0 0 0 0 0 0 0 0 0 0 0 0 0 0 0 0 0 0 0 0 0 0 1;1 0 0 0 0 0 0 0 0 0 0 0 0 0 0 0 0 0 0 0 0 0 0 0 1;1 0 0 0 0 0 0 0 0 0 0 0 0 0 0 0 0 0 0 0 0 0 0 0 1;1 0 0 0 0 0 0 0 0 0 0 0 0 0 0 0 0 0 0 0 0 0 0 0 1;1 0 0 0 0 0 0 0 0 0 0 0 0 0 0 0 0 0 0 0 0 0 0 0 1;1 0 0 0 0 0 0 0 0 0 0 0 0 0 0 0 0 0 0 0 0 0 0 0 1;1 0 0 0 0 0 0 0 0 0 0 0 0 0 0 0 0 0 0 0 0 0 0 0 1;1 0 0 0 0 0 0 0 0 0 0 0 0 0 0 0 0 0 0 0 0 0 0 0 1;1 0 0 0 0 0 0 0 0 0 0 0 0 0 0 0 0 0 0 0 0 0 0 0 1;1 0 0 0 0 0 0 0 0 0 0 0 0 0 0 0 0 0 0 0 0 0 0 0 1;1 0 0 0 0 0 0 0 0 0 0 0 0 0 0 0 0 0 0 0 0 0 0 0 1;1 0 0 0 0 0 0 0 0 0 0 0 0 0 0 0 0 0 0 0 0 0 0 0 1;1 0 0 0 0 0 0 0 0 0 0 0 0 0 0 0 0 0 0 0 0 0 0 0 1;1 0 0 0 0 0 0 0 0 0 0 0 0 0 0 0 0 0 0 0 0 0 0 0 1;1 0 0 0 0 0 0 0 0 0 0 0 0 0 0 0 0 0 0 0 0 0 0 0 1;1 0 0 0 0 0 0 0 0 0 0 0 0 0 0 0 0 0 0 0 0 0 0 3 1;1 1 1 1 1 1 1 1 1 1 1 1 1 1 1 1 1 1 1 1 1 1 1 1 1]
40,25,BFS,5.881108999252319,45,[1 1 1 1 1 1 1 1 1 1 1 1 1 1 1 1 1 1 1 1 1 1 1 1 1;1 5 0 0 0 0 0 0 0 0 0 0 0 0 0 0 0 0 0 0 0 0 0 0 1;1 0 2 0 0 0 0 0 0 0 0 0 0 0 0 0 0 0 0 0 0 0 0 0 1;1 0 0 0 0 0 0 0 0 0 0 0 0 0 0 0 0 0 0 0 0 0 0 0 1;1 0 0 0 0 0 0 0 0 0 0 0 0 0 0 0 0 0 0 0 0 0 0 0 1;1 0 0 0 0 0 0 0 0 0 0 0 0 0 0 0 0 0 0 0 0 0 0 0 1;1 0 0 0 0 0 0 0 0 0 0 0 0 0 0 0 0 0 0 0 0 0 0 0 1;1 0 0 0 0 0 0 0 0 0 0 0 0 0 0 0 0 0 0 0 0 0 0 0 1;1 0 0 0 0 0 0 0 0 0 0 0 0 0 0 0 0 0 0 0 0 0 0 0 1;1 0 0 0 0 0 0 0 0 0 0 0 0 0 0 0 0 0 0 0 0 0 0 0 1;1 0 0 0 0 0 0 0 0 0 0 0 0 0 0 0 0 0 0 0 0 0 0 0 1;1 0 0 0 0 0 0 0 0 0 0 0 0 0 0 0 0 0 0 0 0 0 0 0 1;1 0 0 0 0 0 0 0 0 0 0 0 0 0 0 0 0 0 0 0 0 0 0 0 1;1 0 0 0 0 0 0 0 0 0 0 0 0 0 0 0 0 0 0 0 0 0 0 0 1;1 0 0 0 0 0 0 0 0 0 0 0 0 0 0 0 0 0 0 0 0 0 0 0 1;1 0 0 0 0 0 0 0 0 0 0 0 0 0 0 0 0 0 0 0 0 0 0 0 1;1 0 0 0 0 0 0 0 0 0 0 0 0 0 0 0 0 0 0 0 0 0 0 0 1;1 0 0 0 0 0 0 0 0 0 0 0 0 0 0 0 0 0 0 0 0 0 0 0 1;1 0 0 0 0 0 0 0 0 0 0 0 0 0 0 0 0 0 0 0 0 0 0 0 1;1 0 0 0 0 0 0 0 0 0 0 0 0 0 0 0 0 0 0 0 0 0 0 0 1;1 0 0 0 0 0 0 0 0 0 0 0 0 0 0 0 0 0 0 0 0 0 0 0 1;1 0 0 0 0 0 0 0 0 0 0 0 0 0 0 0 0 0 0 0 0 0 0 0 1;1 0 0 0 0 0 0 0 0 0 0 0 0 0 0 0 0 0 0 0 0 0 0 0 1;1 0 0 0 0 0 0 0 0 0 0 0 0 0 0 0 0 0 0 0 0 0 0 3 1;1 1 1 1 1 1 1 1 1 1 1 1 1 1 1 1 1 1 1 1 1 1 1 1 1]
41,25,A*,0.06093430519104004,45,[1 1 1 1 1 1 1 1 1 1 1 1 1 1 1 1 1 1 1 1 1 1 1 1 1;1 5 0 0 0 0 0 0 0 0 0 0 0 0 0 0 0 0 0 0 0 0 0 0 1;1 0 2 0 0 0 0 0 0 0 0 0 0 0 0 0 0 0 0 0 0 0 0 0 1;1 0 0 0 0 0 0 0 0 0 0 0 0 0 0 0 0 0 0 0 0 0 0 0 1;1 0 0 0 0 0 0 0 0 0 0 0 0 0 0 0 0 0 0 0 0 0 0 0 1;1 0 0 0 0 0 0 0 0 0 0 0 0 0 0 0 0 0 0 0 0 0 0 0 1;1 0 0 0 0 0 0 0 0 0 0 0 0 0 0 0 0 0 0 0 0 0 0 0 1;1 0 0 0 0 0 0 0 0 0 0 0 0 0 0 0 0 0 0 0 0 0 0 0 1;1 0 0 0 0 0 0 0 0 0 0 0 0 0 0 0 0 0 0 0 0 0 0 0 1;1 0 0 0 0 0 0 0 0 0 0 0 0 0 0 0 0 0 0 0 0 0 0 0 1;1 0 0 0 0 0 0 0 0 0 0 0 0 0 0 0 0 0 0 0 0 0 0 0 1;1 0 0 0 0 0 0 0 0 0 0 0 0 0 0 0 0 0 0 0 0 0 0 0 1;1 0 0 0 0 0 0 0 0 0 0 0 0 0 0 0 0 0 0 0 0 0 0 0 1;1 0 0 0 0 0 0 0 0 0 0 0 0 0 0 0 0 0 0 0 0 0 0 0 1;1 0 0 0 0 0 0 0 0 0 0 0 0 0 0 0 0 0 0 0 0 0 0 0 1;1 0 0 0 0 0 0 0 0 0 0 0 0 0 0 0 0 0 0 0 0 0 0 0 1;1 0 0 0 0 0 0 0 0 0 0 0 0 0 0 0 0 0 0 0 0 0 0 0 1;1 0 0 0 0 0 0 0 0 0 0 0 0 0 0 0 0 0 0 0 0 0 0 0 1;1 0 0 0 0 0 0 0 0 0 0 0 0 0 0 0 0 0 0 0 0 0 0 0 1;1 0 0 0 0 0 0 0 0 0 0 0 0 0 0 0 0 0 0 0 0 0 0 0 1;1 0 0 0 0 0 0 0 0 0 0 0 0 0 0 0 0 0 0 0 0 0 0 0 1;1 0 0 0 0 0 0 0 0 0 0 0 0 0 0 0 0 0 0 0 0 0 0 0 1;1 0 0 0 0 0 0 0 0 0 0 0 0 0 0 0 0 0 0 0 0 0 0 0 1;1 0 0 0 0 0 0 0 0 0 0 0 0 0 0 0 0 0 0 0 0 0 0 3 1;1 1 1 1 1 1 1 1 1 1 1 1 1 1 1 1 1 1 1 1 1 1 1 1 1]
41,25,DFS,47.20742893218994,20639,[1 1 1 1 1 1 1 1 1 1 1 1 1 1 1 1 1 1 1 1 1 1 1 1 1;1 5 0 0 0 0 0 0 0 0 0 0 0 0 0 0 0 0 0 0 0 0 0 0 1;1 0 2 0 0 0 0 0 0 0 0 0 0 0 0 0 0 0 0 0 0 0 0 0 1;1 0 0 0 0 0 0 0 0 0 0 0 0 0 0 0 0 0 0 0 0 0 0 0 1;1 0 0 0 0 0 0 0 0 0 0 0 0 0 0 0 0 0 0 0 0 0 0 0 1;1 0 0 0 0 0 0 0 0 0 0 0 0 0 0 0 0 0 0 0 0 0 0 0 1;1 0 0 0 0 0 0 0 0 0 0 0 0 0 0 0 0 0 0 0 0 0 0 0 1;1 0 0 0 0 0 0 0 0 0 0 0 0 0 0 0 0 0 0 0 0 0 0 0 1;1 0 0 0 0 0 0 0 0 0 0 0 0 0 0 0 0 0 0 0 0 0 0 0 1;1 0 0 0 0 0 0 0 0 0 0 0 0 0 0 0 0 0 0 0 0 0 0 0 1;1 0 0 0 0 0 0 0 0 0 0 0 0 0 0 0 0 0 0 0 0 0 0 0 1;1 0 0 0 0 0 0 0 0 0 0 0 0 0 0 0 0 0 0 0 0 0 0 0 1;1 0 0 0 0 0 0 0 0 0 0 0 0 0 0 0 0 0 0 0 0 0 0 0 1;1 0 0 0 0 0 0 0 0 0 0 0 0 0 0 0 0 0 0 0 0 0 0 0 1;1 0 0 0 0 0 0 0 0 0 0 0 0 0 0 0 0 0 0 0 0 0 0 0 1;1 0 0 0 0 0 0 0 0 0 0 0 0 0 0 0 0 0 0 0 0 0 0 0 1;1 0 0 0 0 0 0 0 0 0 0 0 0 0 0 0 0 0 0 0 0 0 0 0 1;1 0 0 0 0 0 0 0 0 0 0 0 0 0 0 0 0 0 0 0 0 0 0 0 1;1 0 0 0 0 0 0 0 0 0 0 0 0 0 0 0 0 0 0 0 0 0 0 0 1;1 0 0 0 0 0 0 0 0 0 0 0 0 0 0 0 0 0 0 0 0 0 0 0 1;1 0 0 0 0 0 0 0 0 0 0 0 0 0 0 0 0 0 0 0 0 0 0 0 1;1 0 0 0 0 0 0 0 0 0 0 0 0 0 0 0 0 0 0 0 0 0 0 0 1;1 0 0 0 0 0 0 0 0 0 0 0 0 0 0 0 0 0 0 0 0 0 0 0 1;1 0 0 0 0 0 0 0 0 0 0 0 0 0 0 0 0 0 0 0 0 0 0 3 1;1 1 1 1 1 1 1 1 1 1 1 1 1 1 1 1 1 1 1 1 1 1 1 1 1]
41,25,BFS,6.534667730331421,45,[1 1 1 1 1 1 1 1 1 1 1 1 1 1 1 1 1 1 1 1 1 1 1 1 1;1 5 0 0 0 0 0 0 0 0 0 0 0 0 0 0 0 0 0 0 0 0 0 0 1;1 0 2 0 0 0 0 0 0 0 0 0 0 0 0 0 0 0 0 0 0 0 0 0 1;1 0 0 0 0 0 0 0 0 0 0 0 0 0 0 0 0 0 0 0 0 0 0 0 1;1 0 0 0 0 0 0 0 0 0 0 0 0 0 0 0 0 0 0 0 0 0 0 0 1;1 0 0 0 0 0 0 0 0 0 0 0 0 0 0 0 0 0 0 0 0 0 0 0 1;1 0 0 0 0 0 0 0 0 0 0 0 0 0 0 0 0 0 0 0 0 0 0 0 1;1 0 0 0 0 0 0 0 0 0 0 0 0 0 0 0 0 0 0 0 0 0 0 0 1;1 0 0 0 0 0 0 0 0 0 0 0 0 0 0 0 0 0 0 0 0 0 0 0 1;1 0 0 0 0 0 0 0 0 0 0 0 0 0 0 0 0 0 0 0 0 0 0 0 1;1 0 0 0 0 0 0 0 0 0 0 0 0 0 0 0 0 0 0 0 0 0 0 0 1;1 0 0 0 0 0 0 0 0 0 0 0 0 0 0 0 0 0 0 0 0 0 0 0 1;1 0 0 0 0 0 0 0 0 0 0 0 0 0 0 0 0 0 0 0 0 0 0 0 1;1 0 0 0 0 0 0 0 0 0 0 0 0 0 0 0 0 0 0 0 0 0 0 0 1;1 0 0 0 0 0 0 0 0 0 0 0 0 0 0 0 0 0 0 0 0 0 0 0 1;1 0 0 0 0 0 0 0 0 0 0 0 0 0 0 0 0 0 0 0 0 0 0 0 1;1 0 0 0 0 0 0 0 0 0 0 0 0 0 0 0 0 0 0 0 0 0 0 0 1;1 0 0 0 0 0 0 0 0 0 0 0 0 0 0 0 0 0 0 0 0 0 0 0 1;1 0 0 0 0 0 0 0 0 0 0 0 0 0 0 0 0 0 0 0 0 0 0 0 1;1 0 0 0 0 0 0 0 0 0 0 0 0 0 0 0 0 0 0 0 0 0 0 0 1;1 0 0 0 0 0 0 0 0 0 0 0 0 0 0 0 0 0 0 0 0 0 0 0 1;1 0 0 0 0 0 0 0 0 0 0 0 0 0 0 0 0 0 0 0 0 0 0 0 1;1 0 0 0 0 0 0 0 0 0 0 0 0 0 0 0 0 0 0 0 0 0 0 0 1;1 0 0 0 0 0 0 0 0 0 0 0 0 0 0 0 0 0 0 0 0 0 0 3 1;1 1 1 1 1 1 1 1 1 1 1 1 1 1 1 1 1 1 1 1 1 1 1 1 1]
42,26,A*,0.04862070083618164,47,[1 1 1 1 1 1 1 1 1 1 1 1 1 1 1 1 1 1 1 1 1 1 1 1 1 1;1 5 0 0 0 0 0 0 0 0 0 0 0 0 0 0 0 0 0 0 0 0 0 0 0 1;1 0 2 0 0 0 0 0 0 0 0 0 0 0 0 0 0 0 0 0 0 0 0 0 0 1;1 0 0 0 0 0 0 0 0 0 0 0 0 0 0 0 0 0 0 0 0 0 0 0 0 1;1 0 0 0 0 0 0 0 0 0 0 0 0 0 0 0 0 0 0 0 0 0 0 0 0 1;1 0 0 0 0 0 0 0 0 0 0 0 0 0 0 0 0 0 0 0 0 0 0 0 0 1;1 0 0 0 0 0 0 0 0 0 0 0 0 0 0 0 0 0 0 0 0 0 0 0 0 1;1 0 0 0 0 0 0 0 0 0 0 0 0 0 0 0 0 0 0 0 0 0 0 0 0 1;1 0 0 0 0 0 0 0 0 0 0 0 0 0 0 0 0 0 0 0 0 0 0 0 0 1;1 0 0 0 0 0 0 0 0 0 0 0 0 0 0 0 0 0 0 0 0 0 0 0 0 1;1 0 0 0 0 0 0 0 0 0 0 0 0 0 0 0 0 0 0 0 0 0 0 0 0 1;1 0 0 0 0 0 0 0 0 0 0 0 0 0 0 0 0 0 0 0 0 0 0 0 0 1;1 0 0 0 0 0 0 0 0 0 0 0 0 0 0 0 0 0 0 0 0 0 0 0 0 1;1 0 0 0 0 0 0 0 0 0 0 0 0 0 0 0 0 0 0 0 0 0 0 0 0 1;1 0 0 0 0 0 0 0 0 0 0 0 0 0 0 0 0 0 0 0 0 0 0 0 0 1;1 0 0 0 0 0 0 0 0 0 0 0 0 0 0 0 0 0 0 0 0 0 0 0 0 1;1 0 0 0 0 0 0 0 0 0 0 0 0 0 0 0 0 0 0 0 0 0 0 0 0 1;1 0 0 0 0 0 0 0 0 0 0 0 0 0 0 0 0 0 0 0 0 0 0 0 0 1;1 0 0 0 0 0 0 0 0 0 0 0 0 0 0 0 0 0 0 0 0 0 0 0 0 1;1 0 0 0 0 0 0 0 0 0 0 0 0 0 0 0 0 0 0 0 0 0 0 0 0 1;1 0 0 0 0 0 0 0 0 0 0 0 0 0 0 0 0 0 0 0 0 0 0 0 0 1;1 0 0 0 0 0 0 0 0 0 0 0 0 0 0 0 0 0 0 0 0 0 0 0 0 1;1 0 0 0 0 0 0 0 0 0 0 0 0 0 0 0 0 0 0 0 0 0 0 0 0 1;1 0 0 0 0 0 0 0 0 0 0 0 0 0 0 0 0 0 0 0 0 0 0 0 0 1;1 0 0 0 0 0 0 0 0 0 0 0 0 0 0 0 0 0 0 0 0 0 0 0 3 1;1 1 1 1 1 1 1 1 1 1 1 1 1 1 1 1 1 1 1 1 1 1 1 1 1 1]
42,26,DFS,58.18742394447327,22647,[1 1 1 1 1 1 1 1 1 1 1 1 1 1 1 1 1 1 1 1 1 1 1 1 1 1;1 5 0 0 0 0 0 0 0 0 0 0 0 0 0 0 0 0 0 0 0 0 0 0 0 1;1 0 2 0 0 0 0 0 0 0 0 0 0 0 0 0 0 0 0 0 0 0 0 0 0 1;1 0 0 0 0 0 0 0 0 0 0 0 0 0 0 0 0 0 0 0 0 0 0 0 0 1;1 0 0 0 0 0 0 0 0 0 0 0 0 0 0 0 0 0 0 0 0 0 0 0 0 1;1 0 0 0 0 0 0 0 0 0 0 0 0 0 0 0 0 0 0 0 0 0 0 0 0 1;1 0 0 0 0 0 0 0 0 0 0 0 0 0 0 0 0 0 0 0 0 0 0 0 0 1;1 0 0 0 0 0 0 0 0 0 0 0 0 0 0 0 0 0 0 0 0 0 0 0 0 1;1 0 0 0 0 0 0 0 0 0 0 0 0 0 0 0 0 0 0 0 0 0 0 0 0 1;1 0 0 0 0 0 0 0 0 0 0 0 0 0 0 0 0 0 0 0 0 0 0 0 0 1;1 0 0 0 0 0 0 0 0 0 0 0 0 0 0 0 0 0 0 0 0 0 0 0 0 1;1 0 0 0 0 0 0 0 0 0 0 0 0 0 0 0 0 0 0 0 0 0 0 0 0 1;1 0 0 0 0 0 0 0 0 0 0 0 0 0 0 0 0 0 0 0 0 0 0 0 0 1;1 0 0 0 0 0 0 0 0 0 0 0 0 0 0 0 0 0 0 0 0 0 0 0 0 1;1 0 0 0 0 0 0 0 0 0 0 0 0 0 0 0 0 0 0 0 0 0 0 0 0 1;1 0 0 0 0 0 0 0 0 0 0 0 0 0 0 0 0 0 0 0 0 0 0 0 0 1;1 0 0 0 0 0 0 0 0 0 0 0 0 0 0 0 0 0 0 0 0 0 0 0 0 1;1 0 0 0 0 0 0 0 0 0 0 0 0 0 0 0 0 0 0 0 0 0 0 0 0 1;1 0 0 0 0 0 0 0 0 0 0 0 0 0 0 0 0 0 0 0 0 0 0 0 0 1;1 0 0 0 0 0 0 0 0 0 0 0 0 0 0 0 0 0 0 0 0 0 0 0 0 1;1 0 0 0 0 0 0 0 0 0 0 0 0 0 0 0 0 0 0 0 0 0 0 0 0 1;1 0 0 0 0 0 0 0 0 0 0 0 0 0 0 0 0 0 0 0 0 0 0 0 0 1;1 0 0 0 0 0 0 0 0 0 0 0 0 0 0 0 0 0 0 0 0 0 0 0 0 1;1 0 0 0 0 0 0 0 0 0 0 0 0 0 0 0 0 0 0 0 0 0 0 0 0 1;1 0 0 0 0 0 0 0 0 0 0 0 0 0 0 0 0 0 0 0 0 0 0 0 3 1;1 1 1 1 1 1 1 1 1 1 1 1 1 1 1 1 1 1 1 1 1 1 1 1 1 1]
42,26,BFS,7.952110528945923,47,[1 1 1 1 1 1 1 1 1 1 1 1 1 1 1 1 1 1 1 1 1 1 1 1 1 1;1 5 0 0 0 0 0 0 0 0 0 0 0 0 0 0 0 0 0 0 0 0 0 0 0 1;1 0 2 0 0 0 0 0 0 0 0 0 0 0 0 0 0 0 0 0 0 0 0 0 0 1;1 0 0 0 0 0 0 0 0 0 0 0 0 0 0 0 0 0 0 0 0 0 0 0 0 1;1 0 0 0 0 0 0 0 0 0 0 0 0 0 0 0 0 0 0 0 0 0 0 0 0 1;1 0 0 0 0 0 0 0 0 0 0 0 0 0 0 0 0 0 0 0 0 0 0 0 0 1;1 0 0 0 0 0 0 0 0 0 0 0 0 0 0 0 0 0 0 0 0 0 0 0 0 1;1 0 0 0 0 0 0 0 0 0 0 0 0 0 0 0 0 0 0 0 0 0 0 0 0 1;1 0 0 0 0 0 0 0 0 0 0 0 0 0 0 0 0 0 0 0 0 0 0 0 0 1;1 0 0 0 0 0 0 0 0 0 0 0 0 0 0 0 0 0 0 0 0 0 0 0 0 1;1 0 0 0 0 0 0 0 0 0 0 0 0 0 0 0 0 0 0 0 0 0 0 0 0 1;1 0 0 0 0 0 0 0 0 0 0 0 0 0 0 0 0 0 0 0 0 0 0 0 0 1;1 0 0 0 0 0 0 0 0 0 0 0 0 0 0 0 0 0 0 0 0 0 0 0 0 1;1 0 0 0 0 0 0 0 0 0 0 0 0 0 0 0 0 0 0 0 0 0 0 0 0 1;1 0 0 0 0 0 0 0 0 0 0 0 0 0 0 0 0 0 0 0 0 0 0 0 0 1;1 0 0 0 0 0 0 0 0 0 0 0 0 0 0 0 0 0 0 0 0 0 0 0 0 1;1 0 0 0 0 0 0 0 0 0 0 0 0 0 0 0 0 0 0 0 0 0 0 0 0 1;1 0 0 0 0 0 0 0 0 0 0 0 0 0 0 0 0 0 0 0 0 0 0 0 0 1;1 0 0 0 0 0 0 0 0 0 0 0 0 0 0 0 0 0 0 0 0 0 0 0 0 1;1 0 0 0 0 0 0 0 0 0 0 0 0 0 0 0 0 0 0 0 0 0 0 0 0 1;1 0 0 0 0 0 0 0 0 0 0 0 0 0 0 0 0 0 0 0 0 0 0 0 0 1;1 0 0 0 0 0 0 0 0 0 0 0 0 0 0 0 0 0 0 0 0 0 0 0 0 1;1 0 0 0 0 0 0 0 0 0 0 0 0 0 0 0 0 0 0 0 0 0 0 0 0 1;1 0 0 0 0 0 0 0 0 0 0 0 0 0 0 0 0 0 0 0 0 0 0 0 0 1;1 0 0 0 0 0 0 0 0 0 0 0 0 0 0 0 0 0 0 0 0 0 0 0 3 1;1 1 1 1 1 1 1 1 1 1 1 1 1 1 1 1 1 1 1 1 1 1 1 1 1 1]
43,26,A*,0.05708742141723633,47,[1 1 1 1 1 1 1 1 1 1 1 1 1 1 1 1 1 1 1 1 1 1 1 1 1 1;1 5 0 0 0 0 0 0 0 0 0 0 0 0 0 0 0 0 0 0 0 0 0 0 0 1;1 0 2 0 0 0 0 0 0 0 0 0 0 0 0 0 0 0 0 0 0 0 0 0 0 1;1 0 0 0 0 0 0 0 0 0 0 0 0 0 0 0 0 0 0 0 0 0 0 0 0 1;1 0 0 0 0 0 0 0 0 0 0 0 0 0 0 0 0 0 0 0 0 0 0 0 0 1;1 0 0 0 0 0 0 0 0 0 0 0 0 0 0 0 0 0 0 0 0 0 0 0 0 1;1 0 0 0 0 0 0 0 0 0 0 0 0 0 0 0 0 0 0 0 0 0 0 0 0 1;1 0 0 0 0 0 0 0 0 0 0 0 0 0 0 0 0 0 0 0 0 0 0 0 0 1;1 0 0 0 0 0 0 0 0 0 0 0 0 0 0 0 0 0 0 0 0 0 0 0 0 1;1 0 0 0 0 0 0 0 0 0 0 0 0 0 0 0 0 0 0 0 0 0 0 0 0 1;1 0 0 0 0 0 0 0 0 0 0 0 0 0 0 0 0 0 0 0 0 0 0 0 0 1;1 0 0 0 0 0 0 0 0 0 0 0 0 0 0 0 0 0 0 0 0 0 0 0 0 1;1 0 0 0 0 0 0 0 0 0 0 0 0 0 0 0 0 0 0 0 0 0 0 0 0 1;1 0 0 0 0 0 0 0 0 0 0 0 0 0 0 0 0 0 0 0 0 0 0 0 0 1;1 0 0 0 0 0 0 0 0 0 0 0 0 0 0 0 0 0 0 0 0 0 0 0 0 1;1 0 0 0 0 0 0 0 0 0 0 0 0 0 0 0 0 0 0 0 0 0 0 0 0 1;1 0 0 0 0 0 0 0 0 0 0 0 0 0 0 0 0 0 0 0 0 0 0 0 0 1;1 0 0 0 0 0 0 0 0 0 0 0 0 0 0 0 0 0 0 0 0 0 0 0 0 1;1 0 0 0 0 0 0 0 0 0 0 0 0 0 0 0 0 0 0 0 0 0 0 0 0 1;1 0 0 0 0 0 0 0 0 0 0 0 0 0 0 0 0 0 0 0 0 0 0 0 0 1;1 0 0 0 0 0 0 0 0 0 0 0 0 0 0 0 0 0 0 0 0 0 0 0 0 1;1 0 0 0 0 0 0 0 0 0 0 0 0 0 0 0 0 0 0 0 0 0 0 0 0 1;1 0 0 0 0 0 0 0 0 0 0 0 0 0 0 0 0 0 0 0 0 0 0 0 0 1;1 0 0 0 0 0 0 0 0 0 0 0 0 0 0 0 0 0 0 0 0 0 0 0 0 1;1 0 0 0 0 0 0 0 0 0 0 0 0 0 0 0 0 0 0 0 0 0 0 0 3 1;1 1 1 1 1 1 1 1 1 1 1 1 1 1 1 1 1 1 1 1 1 1 1 1 1 1]
43,26,DFS,59.68151807785034,22647,[1 1 1 1 1 1 1 1 1 1 1 1 1 1 1 1 1 1 1 1 1 1 1 1 1 1;1 5 0 0 0 0 0 0 0 0 0 0 0 0 0 0 0 0 0 0 0 0 0 0 0 1;1 0 2 0 0 0 0 0 0 0 0 0 0 0 0 0 0 0 0 0 0 0 0 0 0 1;1 0 0 0 0 0 0 0 0 0 0 0 0 0 0 0 0 0 0 0 0 0 0 0 0 1;1 0 0 0 0 0 0 0 0 0 0 0 0 0 0 0 0 0 0 0 0 0 0 0 0 1;1 0 0 0 0 0 0 0 0 0 0 0 0 0 0 0 0 0 0 0 0 0 0 0 0 1;1 0 0 0 0 0 0 0 0 0 0 0 0 0 0 0 0 0 0 0 0 0 0 0 0 1;1 0 0 0 0 0 0 0 0 0 0 0 0 0 0 0 0 0 0 0 0 0 0 0 0 1;1 0 0 0 0 0 0 0 0 0 0 0 0 0 0 0 0 0 0 0 0 0 0 0 0 1;1 0 0 0 0 0 0 0 0 0 0 0 0 0 0 0 0 0 0 0 0 0 0 0 0 1;1 0 0 0 0 0 0 0 0 0 0 0 0 0 0 0 0 0 0 0 0 0 0 0 0 1;1 0 0 0 0 0 0 0 0 0 0 0 0 0 0 0 0 0 0 0 0 0 0 0 0 1;1 0 0 0 0 0 0 0 0 0 0 0 0 0 0 0 0 0 0 0 0 0 0 0 0 1;1 0 0 0 0 0 0 0 0 0 0 0 0 0 0 0 0 0 0 0 0 0 0 0 0 1;1 0 0 0 0 0 0 0 0 0 0 0 0 0 0 0 0 0 0 0 0 0 0 0 0 1;1 0 0 0 0 0 0 0 0 0 0 0 0 0 0 0 0 0 0 0 0 0 0 0 0 1;1 0 0 0 0 0 0 0 0 0 0 0 0 0 0 0 0 0 0 0 0 0 0 0 0 1;1 0 0 0 0 0 0 0 0 0 0 0 0 0 0 0 0 0 0 0 0 0 0 0 0 1;1 0 0 0 0 0 0 0 0 0 0 0 0 0 0 0 0 0 0 0 0 0 0 0 0 1;1 0 0 0 0 0 0 0 0 0 0 0 0 0 0 0 0 0 0 0 0 0 0 0 0 1;1 0 0 0 0 0 0 0 0 0 0 0 0 0 0 0 0 0 0 0 0 0 0 0 0 1;1 0 0 0 0 0 0 0 0 0 0 0 0 0 0 0 0 0 0 0 0 0 0 0 0 1;1 0 0 0 0 0 0 0 0 0 0 0 0 0 0 0 0 0 0 0 0 0 0 0 0 1;1 0 0 0 0 0 0 0 0 0 0 0 0 0 0 0 0 0 0 0 0 0 0 0 0 1;1 0 0 0 0 0 0 0 0 0 0 0 0 0 0 0 0 0 0 0 0 0 0 0 3 1;1 1 1 1 1 1 1 1 1 1 1 1 1 1 1 1 1 1 1 1 1 1 1 1 1 1]
43,26,BFS,8.04602861404419,47,[1 1 1 1 1 1 1 1 1 1 1 1 1 1 1 1 1 1 1 1 1 1 1 1 1 1;1 5 0 0 0 0 0 0 0 0 0 0 0 0 0 0 0 0 0 0 0 0 0 0 0 1;1 0 2 0 0 0 0 0 0 0 0 0 0 0 0 0 0 0 0 0 0 0 0 0 0 1;1 0 0 0 0 0 0 0 0 0 0 0 0 0 0 0 0 0 0 0 0 0 0 0 0 1;1 0 0 0 0 0 0 0 0 0 0 0 0 0 0 0 0 0 0 0 0 0 0 0 0 1;1 0 0 0 0 0 0 0 0 0 0 0 0 0 0 0 0 0 0 0 0 0 0 0 0 1;1 0 0 0 0 0 0 0 0 0 0 0 0 0 0 0 0 0 0 0 0 0 0 0 0 1;1 0 0 0 0 0 0 0 0 0 0 0 0 0 0 0 0 0 0 0 0 0 0 0 0 1;1 0 0 0 0 0 0 0 0 0 0 0 0 0 0 0 0 0 0 0 0 0 0 0 0 1;1 0 0 0 0 0 0 0 0 0 0 0 0 0 0 0 0 0 0 0 0 0 0 0 0 1;1 0 0 0 0 0 0 0 0 0 0 0 0 0 0 0 0 0 0 0 0 0 0 0 0 1;1 0 0 0 0 0 0 0 0 0 0 0 0 0 0 0 0 0 0 0 0 0 0 0 0 1;1 0 0 0 0 0 0 0 0 0 0 0 0 0 0 0 0 0 0 0 0 0 0 0 0 1;1 0 0 0 0 0 0 0 0 0 0 0 0 0 0 0 0 0 0 0 0 0 0 0 0 1;1 0 0 0 0 0 0 0 0 0 0 0 0 0 0 0 0 0 0 0 0 0 0 0 0 1;1 0 0 0 0 0 0 0 0 0 0 0 0 0 0 0 0 0 0 0 0 0 0 0 0 1;1 0 0 0 0 0 0 0 0 0 0 0 0 0 0 0 0 0 0 0 0 0 0 0 0 1;1 0 0 0 0 0 0 0 0 0 0 0 0 0 0 0 0 0 0 0 0 0 0 0 0 1;1 0 0 0 0 0 0 0 0 0 0 0 0 0 0 0 0 0 0 0 0 0 0 0 0 1;1 0 0 0 0 0 0 0 0 0 0 0 0 0 0 0 0 0 0 0 0 0 0 0 0 1;1 0 0 0 0 0 0 0 0 0 0 0 0 0 0 0 0 0 0 0 0 0 0 0 0 1;1 0 0 0 0 0 0 0 0 0 0 0 0 0 0 0 0 0 0 0 0 0 0 0 0 1;1 0 0 0 0 0 0 0 0 0 0 0 0 0 0 0 0 0 0 0 0 0 0 0 0 1;1 0 0 0 0 0 0 0 0 0 0 0 0 0 0 0 0 0 0 0 0 0 0 0 0 1;1 0 0 0 0 0 0 0 0 0 0 0 0 0 0 0 0 0 0 0 0 0 0 0 3 1;1 1 1 1 1 1 1 1 1 1 1 1 1 1 1 1 1 1 1 1 1 1 1 1 1 1]
44,27,A*,0.03551840782165527,49,[1 1 1 1 1 1 1 1 1 1 1 1 1 1 1 1 1 1 1 1 1 1 1 1 1 1 1;1 5 0 0 0 0 0 0 0 0 0 0 0 0 0 0 0 0 0 0 0 0 0 0 0 0 1;1 0 2 0 0 0 0 0 0 0 0 0 0 0 0 0 0 0 0 0 0 0 0 0 0 0 1;1 0 0 0 0 0 0 0 0 0 0 0 0 0 0 0 0 0 0 0 0 0 0 0 0 0 1;1 0 0 0 0 0 0 0 0 0 0 0 0 0 0 0 0 0 0 0 0 0 0 0 0 0 1;1 0 0 0 0 0 0 0 0 0 0 0 0 0 0 0 0 0 0 0 0 0 0 0 0 0 1;1 0 0 0 0 0 0 0 0 0 0 0 0 0 0 0 0 0 0 0 0 0 0 0 0 0 1;1 0 0 0 0 0 0 0 0 0 0 0 0 0 0 0 0 0 0 0 0 0 0 0 0 0 1;1 0 0 0 0 0 0 0 0 0 0 0 0 0 0 0 0 0 0 0 0 0 0 0 0 0 1;1 0 0 0 0 0 0 0 0 0 0 0 0 0 0 0 0 0 0 0 0 0 0 0 0 0 1;1 0 0 0 0 0 0 0 0 0 0 0 0 0 0 0 0 0 0 0 0 0 0 0 0 0 1;1 0 0 0 0 0 0 0 0 0 0 0 0 0 0 0 0 0 0 0 0 0 0 0 0 0 1;1 0 0 0 0 0 0 0 0 0 0 0 0 0 0 0 0 0 0 0 0 0 0 0 0 0 1;1 0 0 0 0 0 0 0 0 0 0 0 0 0 0 0 0 0 0 0 0 0 0 0 0 0 1;1 0 0 0 0 0 0 0 0 0 0 0 0 0 0 0 0 0 0 0 0 0 0 0 0 0 1;1 0 0 0 0 0 0 0 0 0 0 0 0 0 0 0 0 0 0 0 0 0 0 0 0 0 1;1 0 0 0 0 0 0 0 0 0 0 0 0 0 0 0 0 0 0 0 0 0 0 0 0 0 1;1 0 0 0 0 0 0 0 0 0 0 0 0 0 0 0 0 0 0 0 0 0 0 0 0 0 1;1 0 0 0 0 0 0 0 0 0 0 0 0 0 0 0 0 0 0 0 0 0 0 0 0 0 1;1 0 0 0 0 0 0 0 0 0 0 0 0 0 0 0 0 0 0 0 0 0 0 0 0 0 1;1 0 0 0 0 0 0 0 0 0 0 0 0 0 0 0 0 0 0 0 0 0 0 0 0 0 1;1 0 0 0 0 0 0 0 0 0 0 0 0 0 0 0 0 0 0 0 0 0 0 0 0 0 1;1 0 0 0 0 0 0 0 0 0 0 0 0 0 0 0 0 0 0 0 0 0 0 0 0 0 1;1 0 0 0 0 0 0 0 0 0 0 0 0 0 0 0 0 0 0 0 0 0 0 0 0 0 1;1 0 0 0 0 0 0 0 0 0 0 0 0 0 0 0 0 0 0 0 0 0 0 0 0 0 1;1 0 0 0 0 0 0 0 0 0 0 0 0 0 0 0 0 0 0 0 0 0 0 0 0 3 1;1 1 1 1 1 1 1 1 1 1 1 1 1 1 1 1 1 1 1 1 1 1 1 1 1 1 1]
44,27,DFS,93.08901596069336,26859,[1 1 1 1 1 1 1 1 1 1 1 1 1 1 1 1 1 1 1 1 1 1 1 1 1 1 1;1 5 0 0 0 0 0 0 0 0 0 0 0 0 0 0 0 0 0 0 0 0 0 0 0 0 1;1 0 2 0 0 0 0 0 0 0 0 0 0 0 0 0 0 0 0 0 0 0 0 0 0 0 1;1 0 0 0 0 0 0 0 0 0 0 0 0 0 0 0 0 0 0 0 0 0 0 0 0 0 1;1 0 0 0 0 0 0 0 0 0 0 0 0 0 0 0 0 0 0 0 0 0 0 0 0 0 1;1 0 0 0 0 0 0 0 0 0 0 0 0 0 0 0 0 0 0 0 0 0 0 0 0 0 1;1 0 0 0 0 0 0 0 0 0 0 0 0 0 0 0 0 0 0 0 0 0 0 0 0 0 1;1 0 0 0 0 0 0 0 0 0 0 0 0 0 0 0 0 0 0 0 0 0 0 0 0 0 1;1 0 0 0 0 0 0 0 0 0 0 0 0 0 0 0 0 0 0 0 0 0 0 0 0 0 1;1 0 0 0 0 0 0 0 0 0 0 0 0 0 0 0 0 0 0 0 0 0 0 0 0 0 1;1 0 0 0 0 0 0 0 0 0 0 0 0 0 0 0 0 0 0 0 0 0 0 0 0 0 1;1 0 0 0 0 0 0 0 0 0 0 0 0 0 0 0 0 0 0 0 0 0 0 0 0 0 1;1 0 0 0 0 0 0 0 0 0 0 0 0 0 0 0 0 0 0 0 0 0 0 0 0 0 1;1 0 0 0 0 0 0 0 0 0 0 0 0 0 0 0 0 0 0 0 0 0 0 0 0 0 1;1 0 0 0 0 0 0 0 0 0 0 0 0 0 0 0 0 0 0 0 0 0 0 0 0 0 1;1 0 0 0 0 0 0 0 0 0 0 0 0 0 0 0 0 0 0 0 0 0 0 0 0 0 1;1 0 0 0 0 0 0 0 0 0 0 0 0 0 0 0 0 0 0 0 0 0 0 0 0 0 1;1 0 0 0 0 0 0 0 0 0 0 0 0 0 0 0 0 0 0 0 0 0 0 0 0 0 1;1 0 0 0 0 0 0 0 0 0 0 0 0 0 0 0 0 0 0 0 0 0 0 0 0 0 1;1 0 0 0 0 0 0 0 0 0 0 0 0 0 0 0 0 0 0 0 0 0 0 0 0 0 1;1 0 0 0 0 0 0 0 0 0 0 0 0 0 0 0 0 0 0 0 0 0 0 0 0 0 1;1 0 0 0 0 0 0 0 0 0 0 0 0 0 0 0 0 0 0 0 0 0 0 0 0 0 1;1 0 0 0 0 0 0 0 0 0 0 0 0 0 0 0 0 0 0 0 0 0 0 0 0 0 1;1 0 0 0 0 0 0 0 0 0 0 0 0 0 0 0 0 0 0 0 0 0 0 0 0 0 1;1 0 0 0 0 0 0 0 0 0 0 0 0 0 0 0 0 0 0 0 0 0 0 0 0 0 1;1 0 0 0 0 0 0 0 0 0 0 0 0 0 0 0 0 0 0 0 0 0 0 0 0 3 1;1 1 1 1 1 1 1 1 1 1 1 1 1 1 1 1 1 1 1 1 1 1 1 1 1 1 1]
44,27,BFS,10.5313720703125,49,[1 1 1 1 1 1 1 1 1 1 1 1 1 1 1 1 1 1 1 1 1 1 1 1 1 1 1;1 5 0 0 0 0 0 0 0 0 0 0 0 0 0 0 0 0 0 0 0 0 0 0 0 0 1;1 0 2 0 0 0 0 0 0 0 0 0 0 0 0 0 0 0 0 0 0 0 0 0 0 0 1;1 0 0 0 0 0 0 0 0 0 0 0 0 0 0 0 0 0 0 0 0 0 0 0 0 0 1;1 0 0 0 0 0 0 0 0 0 0 0 0 0 0 0 0 0 0 0 0 0 0 0 0 0 1;1 0 0 0 0 0 0 0 0 0 0 0 0 0 0 0 0 0 0 0 0 0 0 0 0 0 1;1 0 0 0 0 0 0 0 0 0 0 0 0 0 0 0 0 0 0 0 0 0 0 0 0 0 1;1 0 0 0 0 0 0 0 0 0 0 0 0 0 0 0 0 0 0 0 0 0 0 0 0 0 1;1 0 0 0 0 0 0 0 0 0 0 0 0 0 0 0 0 0 0 0 0 0 0 0 0 0 1;1 0 0 0 0 0 0 0 0 0 0 0 0 0 0 0 0 0 0 0 0 0 0 0 0 0 1;1 0 0 0 0 0 0 0 0 0 0 0 0 0 0 0 0 0 0 0 0 0 0 0 0 0 1;1 0 0 0 0 0 0 0 0 0 0 0 0 0 0 0 0 0 0 0 0 0 0 0 0 0 1;1 0 0 0 0 0 0 0 0 0 0 0 0 0 0 0 0 0 0 0 0 0 0 0 0 0 1;1 0 0 0 0 0 0 0 0 0 0 0 0 0 0 0 0 0 0 0 0 0 0 0 0 0 1;1 0 0 0 0 0 0 0 0 0 0 0 0 0 0 0 0 0 0 0 0 0 0 0 0 0 1;1 0 0 0 0 0 0 0 0 0 0 0 0 0 0 0 0 0 0 0 0 0 0 0 0 0 1;1 0 0 0 0 0 0 0 0 0 0 0 0 0 0 0 0 0 0 0 0 0 0 0 0 0 1;1 0 0 0 0 0 0 0 0 0 0 0 0 0 0 0 0 0 0 0 0 0 0 0 0 0 1;1 0 0 0 0 0 0 0 0 0 0 0 0 0 0 0 0 0 0 0 0 0 0 0 0 0 1;1 0 0 0 0 0 0 0 0 0 0 0 0 0 0 0 0 0 0 0 0 0 0 0 0 0 1;1 0 0 0 0 0 0 0 0 0 0 0 0 0 0 0 0 0 0 0 0 0 0 0 0 0 1;1 0 0 0 0 0 0 0 0 0 0 0 0 0 0 0 0 0 0 0 0 0 0 0 0 0 1;1 0 0 0 0 0 0 0 0 0 0 0 0 0 0 0 0 0 0 0 0 0 0 0 0 0 1;1 0 0 0 0 0 0 0 0 0 0 0 0 0 0 0 0 0 0 0 0 0 0 0 0 0 1;1 0 0 0 0 0 0 0 0 0 0 0 0 0 0 0 0 0 0 0 0 0 0 0 0 0 1;1 0 0 0 0 0 0 0 0 0 0 0 0 0 0 0 0 0 0 0 0 0 0 0 0 3 1;1 1 1 1 1 1 1 1 1 1 1 1 1 1 1 1 1 1 1 1 1 1 1 1 1 1 1]
45,27,A*,0.07488203048706055,49,[1 1 1 1 1 1 1 1 1 1 1 1 1 1 1 1 1 1 1 1 1 1 1 1 1 1 1;1 5 0 0 0 0 0 0 0 0 0 0 0 0 0 0 0 0 0 0 0 0 0 0 0 0 1;1 0 2 0 0 0 0 0 0 0 0 0 0 0 0 0 0 0 0 0 0 0 0 0 0 0 1;1 0 0 0 0 0 0 0 0 0 0 0 0 0 0 0 0 0 0 0 0 0 0 0 0 0 1;1 0 0 0 0 0 0 0 0 0 0 0 0 0 0 0 0 0 0 0 0 0 0 0 0 0 1;1 0 0 0 0 0 0 0 0 0 0 0 0 0 0 0 0 0 0 0 0 0 0 0 0 0 1;1 0 0 0 0 0 0 0 0 0 0 0 0 0 0 0 0 0 0 0 0 0 0 0 0 0 1;1 0 0 0 0 0 0 0 0 0 0 0 0 0 0 0 0 0 0 0 0 0 0 0 0 0 1;1 0 0 0 0 0 0 0 0 0 0 0 0 0 0 0 0 0 0 0 0 0 0 0 0 0 1;1 0 0 0 0 0 0 0 0 0 0 0 0 0 0 0 0 0 0 0 0 0 0 0 0 0 1;1 0 0 0 0 0 0 0 0 0 0 0 0 0 0 0 0 0 0 0 0 0 0 0 0 0 1;1 0 0 0 0 0 0 0 0 0 0 0 0 0 0 0 0 0 0 0 0 0 0 0 0 0 1;1 0 0 0 0 0 0 0 0 0 0 0 0 0 0 0 0 0 0 0 0 0 0 0 0 0 1;1 0 0 0 0 0 0 0 0 0 0 0 0 0 0 0 0 0 0 0 0 0 0 0 0 0 1;1 0 0 0 0 0 0 0 0 0 0 0 0 0 0 0 0 0 0 0 0 0 0 0 0 0 1;1 0 0 0 0 0 0 0 0 0 0 0 0 0 0 0 0 0 0 0 0 0 0 0 0 0 1;1 0 0 0 0 0 0 0 0 0 0 0 0 0 0 0 0 0 0 0 0 0 0 0 0 0 1;1 0 0 0 0 0 0 0 0 0 0 0 0 0 0 0 0 0 0 0 0 0 0 0 0 0 1;1 0 0 0 0 0 0 0 0 0 0 0 0 0 0 0 0 0 0 0 0 0 0 0 0 0 1;1 0 0 0 0 0 0 0 0 0 0 0 0 0 0 0 0 0 0 0 0 0 0 0 0 0 1;1 0 0 0 0 0 0 0 0 0 0 0 0 0 0 0 0 0 0 0 0 0 0 0 0 0 1;1 0 0 0 0 0 0 0 0 0 0 0 0 0 0 0 0 0 0 0 0 0 0 0 0 0 1;1 0 0 0 0 0 0 0 0 0 0 0 0 0 0 0 0 0 0 0 0 0 0 0 0 0 1;1 0 0 0 0 0 0 0 0 0 0 0 0 0 0 0 0 0 0 0 0 0 0 0 0 0 1;1 0 0 0 0 0 0 0 0 0 0 0 0 0 0 0 0 0 0 0 0 0 0 0 0 0 1;1 0 0 0 0 0 0 0 0 0 0 0 0 0 0 0 0 0 0 0 0 0 0 0 0 3 1;1 1 1 1 1 1 1 1 1 1 1 1 1 1 1 1 1 1 1 1 1 1 1 1 1 1 1]
45,27,DFS,86.0398178100586,26859,[1 1 1 1 1 1 1 1 1 1 1 1 1 1 1 1 1 1 1 1 1 1 1 1 1 1 1;1 5 0 0 0 0 0 0 0 0 0 0 0 0 0 0 0 0 0 0 0 0 0 0 0 0 1;1 0 2 0 0 0 0 0 0 0 0 0 0 0 0 0 0 0 0 0 0 0 0 0 0 0 1;1 0 0 0 0 0 0 0 0 0 0 0 0 0 0 0 0 0 0 0 0 0 0 0 0 0 1;1 0 0 0 0 0 0 0 0 0 0 0 0 0 0 0 0 0 0 0 0 0 0 0 0 0 1;1 0 0 0 0 0 0 0 0 0 0 0 0 0 0 0 0 0 0 0 0 0 0 0 0 0 1;1 0 0 0 0 0 0 0 0 0 0 0 0 0 0 0 0 0 0 0 0 0 0 0 0 0 1;1 0 0 0 0 0 0 0 0 0 0 0 0 0 0 0 0 0 0 0 0 0 0 0 0 0 1;1 0 0 0 0 0 0 0 0 0 0 0 0 0 0 0 0 0 0 0 0 0 0 0 0 0 1;1 0 0 0 0 0 0 0 0 0 0 0 0 0 0 0 0 0 0 0 0 0 0 0 0 0 1;1 0 0 0 0 0 0 0 0 0 0 0 0 0 0 0 0 0 0 0 0 0 0 0 0 0 1;1 0 0 0 0 0 0 0 0 0 0 0 0 0 0 0 0 0 0 0 0 0 0 0 0 0 1;1 0 0 0 0 0 0 0 0 0 0 0 0 0 0 0 0 0 0 0 0 0 0 0 0 0 1;1 0 0 0 0 0 0 0 0 0 0 0 0 0 0 0 0 0 0 0 0 0 0 0 0 0 1;1 0 0 0 0 0 0 0 0 0 0 0 0 0 0 0 0 0 0 0 0 0 0 0 0 0 1;1 0 0 0 0 0 0 0 0 0 0 0 0 0 0 0 0 0 0 0 0 0 0 0 0 0 1;1 0 0 0 0 0 0 0 0 0 0 0 0 0 0 0 0 0 0 0 0 0 0 0 0 0 1;1 0 0 0 0 0 0 0 0 0 0 0 0 0 0 0 0 0 0 0 0 0 0 0 0 0 1;1 0 0 0 0 0 0 0 0 0 0 0 0 0 0 0 0 0 0 0 0 0 0 0 0 0 1;1 0 0 0 0 0 0 0 0 0 0 0 0 0 0 0 0 0 0 0 0 0 0 0 0 0 1;1 0 0 0 0 0 0 0 0 0 0 0 0 0 0 0 0 0 0 0 0 0 0 0 0 0 1;1 0 0 0 0 0 0 0 0 0 0 0 0 0 0 0 0 0 0 0 0 0 0 0 0 0 1;1 0 0 0 0 0 0 0 0 0 0 0 0 0 0 0 0 0 0 0 0 0 0 0 0 0 1;1 0 0 0 0 0 0 0 0 0 0 0 0 0 0 0 0 0 0 0 0 0 0 0 0 0 1;1 0 0 0 0 0 0 0 0 0 0 0 0 0 0 0 0 0 0 0 0 0 0 0 0 0 1;1 0 0 0 0 0 0 0 0 0 0 0 0 0 0 0 0 0 0 0 0 0 0 0 0 3 1;1 1 1 1 1 1 1 1 1 1 1 1 1 1 1 1 1 1 1 1 1 1 1 1 1 1 1]
45,27,BFS,9.696855306625366,49,[1 1 1 1 1 1 1 1 1 1 1 1 1 1 1 1 1 1 1 1 1 1 1 1 1 1 1;1 5 0 0 0 0 0 0 0 0 0 0 0 0 0 0 0 0 0 0 0 0 0 0 0 0 1;1 0 2 0 0 0 0 0 0 0 0 0 0 0 0 0 0 0 0 0 0 0 0 0 0 0 1;1 0 0 0 0 0 0 0 0 0 0 0 0 0 0 0 0 0 0 0 0 0 0 0 0 0 1;1 0 0 0 0 0 0 0 0 0 0 0 0 0 0 0 0 0 0 0 0 0 0 0 0 0 1;1 0 0 0 0 0 0 0 0 0 0 0 0 0 0 0 0 0 0 0 0 0 0 0 0 0 1;1 0 0 0 0 0 0 0 0 0 0 0 0 0 0 0 0 0 0 0 0 0 0 0 0 0 1;1 0 0 0 0 0 0 0 0 0 0 0 0 0 0 0 0 0 0 0 0 0 0 0 0 0 1;1 0 0 0 0 0 0 0 0 0 0 0 0 0 0 0 0 0 0 0 0 0 0 0 0 0 1;1 0 0 0 0 0 0 0 0 0 0 0 0 0 0 0 0 0 0 0 0 0 0 0 0 0 1;1 0 0 0 0 0 0 0 0 0 0 0 0 0 0 0 0 0 0 0 0 0 0 0 0 0 1;1 0 0 0 0 0 0 0 0 0 0 0 0 0 0 0 0 0 0 0 0 0 0 0 0 0 1;1 0 0 0 0 0 0 0 0 0 0 0 0 0 0 0 0 0 0 0 0 0 0 0 0 0 1;1 0 0 0 0 0 0 0 0 0 0 0 0 0 0 0 0 0 0 0 0 0 0 0 0 0 1;1 0 0 0 0 0 0 0 0 0 0 0 0 0 0 0 0 0 0 0 0 0 0 0 0 0 1;1 0 0 0 0 0 0 0 0 0 0 0 0 0 0 0 0 0 0 0 0 0 0 0 0 0 1;1 0 0 0 0 0 0 0 0 0 0 0 0 0 0 0 0 0 0 0 0 0 0 0 0 0 1;1 0 0 0 0 0 0 0 0 0 0 0 0 0 0 0 0 0 0 0 0 0 0 0 0 0 1;1 0 0 0 0 0 0 0 0 0 0 0 0 0 0 0 0 0 0 0 0 0 0 0 0 0 1;1 0 0 0 0 0 0 0 0 0 0 0 0 0 0 0 0 0 0 0 0 0 0 0 0 0 1;1 0 0 0 0 0 0 0 0 0 0 0 0 0 0 0 0 0 0 0 0 0 0 0 0 0 1;1 0 0 0 0 0 0 0 0 0 0 0 0 0 0 0 0 0 0 0 0 0 0 0 0 0 1;1 0 0 0 0 0 0 0 0 0 0 0 0 0 0 0 0 0 0 0 0 0 0 0 0 0 1;1 0 0 0 0 0 0 0 0 0 0 0 0 0 0 0 0 0 0 0 0 0 0 0 0 0 1;1 0 0 0 0 0 0 0 0 0 0 0 0 0 0 0 0 0 0 0 0 0 0 0 0 0 1;1 0 0 0 0 0 0 0 0 0 0 0 0 0 0 0 0 0 0 0 0 0 0 0 0 3 1;1 1 1 1 1 1 1 1 1 1 1 1 1 1 1 1 1 1 1 1 1 1 1 1 1 1 1]
46,28,A*,0.18361258506774902,51,[1 1 1 1 1 1 1 1 1 1 1 1 1 1 1 1 1 1 1 1 1 1 1 1 1 1 1 1;1 5 0 0 0 0 0 0 0 0 0 0 0 0 0 0 0 0 0 0 0 0 0 0 0 0 0 1;1 0 2 0 0 0 0 0 0 0 0 0 0 0 0 0 0 0 0 0 0 0 0 0 0 0 0 1;1 0 0 0 0 0 0 0 0 0 0 0 0 0 0 0 0 0 0 0 0 0 0 0 0 0 0 1;1 0 0 0 0 0 0 0 0 0 0 0 0 0 0 0 0 0 0 0 0 0 0 0 0 0 0 1;1 0 0 0 0 0 0 0 0 0 0 0 0 0 0 0 0 0 0 0 0 0 0 0 0 0 0 1;1 0 0 0 0 0 0 0 0 0 0 0 0 0 0 0 0 0 0 0 0 0 0 0 0 0 0 1;1 0 0 0 0 0 0 0 0 0 0 0 0 0 0 0 0 0 0 0 0 0 0 0 0 0 0 1;1 0 0 0 0 0 0 0 0 0 0 0 0 0 0 0 0 0 0 0 0 0 0 0 0 0 0 1;1 0 0 0 0 0 0 0 0 0 0 0 0 0 0 0 0 0 0 0 0 0 0 0 0 0 0 1;1 0 0 0 0 0 0 0 0 0 0 0 0 0 0 0 0 0 0 0 0 0 0 0 0 0 0 1;1 0 0 0 0 0 0 0 0 0 0 0 0 0 0 0 0 0 0 0 0 0 0 0 0 0 0 1;1 0 0 0 0 0 0 0 0 0 0 0 0 0 0 0 0 0 0 0 0 0 0 0 0 0 0 1;1 0 0 0 0 0 0 0 0 0 0 0 0 0 0 0 0 0 0 0 0 0 0 0 0 0 0 1;1 0 0 0 0 0 0 0 0 0 0 0 0 0 0 0 0 0 0 0 0 0 0 0 0 0 0 1;1 0 0 0 0 0 0 0 0 0 0 0 0 0 0 0 0 0 0 0 0 0 0 0 0 0 0 1;1 0 0 0 0 0 0 0 0 0 0 0 0 0 0 0 0 0 0 0 0 0 0 0 0 0 0 1;1 0 0 0 0 0 0 0 0 0 0 0 0 0 0 0 0 0 0 0 0 0 0 0 0 0 0 1;1 0 0 0 0 0 0 0 0 0 0 0 0 0 0 0 0 0 0 0 0 0 0 0 0 0 0 1;1 0 0 0 0 0 0 0 0 0 0 0 0 0 0 0 0 0 0 0 0 0 0 0 0 0 0 1;1 0 0 0 0 0 0 0 0 0 0 0 0 0 0 0 0 0 0 0 0 0 0 0 0 0 0 1;1 0 0 0 0 0 0 0 0 0 0 0 0 0 0 0 0 0 0 0 0 0 0 0 0 0 0 1;1 0 0 0 0 0 0 0 0 0 0 0 0 0 0 0 0 0 0 0 0 0 0 0 0 0 0 1;1 0 0 0 0 0 0 0 0 0 0 0 0 0 0 0 0 0 0 0 0 0 0 0 0 0 0 1;1 0 0 0 0 0 0 0 0 0 0 0 0 0 0 0 0 0 0 0 0 0 0 0 0 0 0 1;1 0 0 0 0 0 0 0 0 0 0 0 0 0 0 0 0 0 0 0 0 0 0 0 0 0 0 1;1 0 0 0 0 0 0 0 0 0 0 0 0 0 0 0 0 0 0 0 0 0 0 0 0 0 3 1;1 1 1 1 1 1 1 1 1 1 1 1 1 1 1 1 1 1 1 1 1 1 1 1 1 1 1 1]
46,28,DFS,106.31842136383057,29241,[1 1 1 1 1 1 1 1 1 1 1 1 1 1 1 1 1 1 1 1 1 1 1 1 1 1 1 1;1 5 0 0 0 0 0 0 0 0 0 0 0 0 0 0 0 0 0 0 0 0 0 0 0 0 0 1;1 0 2 0 0 0 0 0 0 0 0 0 0 0 0 0 0 0 0 0 0 0 0 0 0 0 0 1;1 0 0 0 0 0 0 0 0 0 0 0 0 0 0 0 0 0 0 0 0 0 0 0 0 0 0 1;1 0 0 0 0 0 0 0 0 0 0 0 0 0 0 0 0 0 0 0 0 0 0 0 0 0 0 1;1 0 0 0 0 0 0 0 0 0 0 0 0 0 0 0 0 0 0 0 0 0 0 0 0 0 0 1;1 0 0 0 0 0 0 0 0 0 0 0 0 0 0 0 0 0 0 0 0 0 0 0 0 0 0 1;1 0 0 0 0 0 0 0 0 0 0 0 0 0 0 0 0 0 0 0 0 0 0 0 0 0 0 1;1 0 0 0 0 0 0 0 0 0 0 0 0 0 0 0 0 0 0 0 0 0 0 0 0 0 0 1;1 0 0 0 0 0 0 0 0 0 0 0 0 0 0 0 0 0 0 0 0 0 0 0 0 0 0 1;1 0 0 0 0 0 0 0 0 0 0 0 0 0 0 0 0 0 0 0 0 0 0 0 0 0 0 1;1 0 0 0 0 0 0 0 0 0 0 0 0 0 0 0 0 0 0 0 0 0 0 0 0 0 0 1;1 0 0 0 0 0 0 0 0 0 0 0 0 0 0 0 0 0 0 0 0 0 0 0 0 0 0 1;1 0 0 0 0 0 0 0 0 0 0 0 0 0 0 0 0 0 0 0 0 0 0 0 0 0 0 1;1 0 0 0 0 0 0 0 0 0 0 0 0 0 0 0 0 0 0 0 0 0 0 0 0 0 0 1;1 0 0 0 0 0 0 0 0 0 0 0 0 0 0 0 0 0 0 0 0 0 0 0 0 0 0 1;1 0 0 0 0 0 0 0 0 0 0 0 0 0 0 0 0 0 0 0 0 0 0 0 0 0 0 1;1 0 0 0 0 0 0 0 0 0 0 0 0 0 0 0 0 0 0 0 0 0 0 0 0 0 0 1;1 0 0 0 0 0 0 0 0 0 0 0 0 0 0 0 0 0 0 0 0 0 0 0 0 0 0 1;1 0 0 0 0 0 0 0 0 0 0 0 0 0 0 0 0 0 0 0 0 0 0 0 0 0 0 1;1 0 0 0 0 0 0 0 0 0 0 0 0 0 0 0 0 0 0 0 0 0 0 0 0 0 0 1;1 0 0 0 0 0 0 0 0 0 0 0 0 0 0 0 0 0 0 0 0 0 0 0 0 0 0 1;1 0 0 0 0 0 0 0 0 0 0 0 0 0 0 0 0 0 0 0 0 0 0 0 0 0 0 1;1 0 0 0 0 0 0 0 0 0 0 0 0 0 0 0 0 0 0 0 0 0 0 0 0 0 0 1;1 0 0 0 0 0 0 0 0 0 0 0 0 0 0 0 0 0 0 0 0 0 0 0 0 0 0 1;1 0 0 0 0 0 0 0 0 0 0 0 0 0 0 0 0 0 0 0 0 0 0 0 0 0 0 1;1 0 0 0 0 0 0 0 0 0 0 0 0 0 0 0 0 0 0 0 0 0 0 0 0 0 3 1;1 1 1 1 1 1 1 1 1 1 1 1 1 1 1 1 1 1 1 1 1 1 1 1 1 1 1 1]
46,28,BFS,12.563333511352539,51,[1 1 1 1 1 1 1 1 1 1 1 1 1 1 1 1 1 1 1 1 1 1 1 1 1 1 1 1;1 5 0 0 0 0 0 0 0 0 0 0 0 0 0 0 0 0 0 0 0 0 0 0 0 0 0 1;1 0 2 0 0 0 0 0 0 0 0 0 0 0 0 0 0 0 0 0 0 0 0 0 0 0 0 1;1 0 0 0 0 0 0 0 0 0 0 0 0 0 0 0 0 0 0 0 0 0 0 0 0 0 0 1;1 0 0 0 0 0 0 0 0 0 0 0 0 0 0 0 0 0 0 0 0 0 0 0 0 0 0 1;1 0 0 0 0 0 0 0 0 0 0 0 0 0 0 0 0 0 0 0 0 0 0 0 0 0 0 1;1 0 0 0 0 0 0 0 0 0 0 0 0 0 0 0 0 0 0 0 0 0 0 0 0 0 0 1;1 0 0 0 0 0 0 0 0 0 0 0 0 0 0 0 0 0 0 0 0 0 0 0 0 0 0 1;1 0 0 0 0 0 0 0 0 0 0 0 0 0 0 0 0 0 0 0 0 0 0 0 0 0 0 1;1 0 0 0 0 0 0 0 0 0 0 0 0 0 0 0 0 0 0 0 0 0 0 0 0 0 0 1;1 0 0 0 0 0 0 0 0 0 0 0 0 0 0 0 0 0 0 0 0 0 0 0 0 0 0 1;1 0 0 0 0 0 0 0 0 0 0 0 0 0 0 0 0 0 0 0 0 0 0 0 0 0 0 1;1 0 0 0 0 0 0 0 0 0 0 0 0 0 0 0 0 0 0 0 0 0 0 0 0 0 0 1;1 0 0 0 0 0 0 0 0 0 0 0 0 0 0 0 0 0 0 0 0 0 0 0 0 0 0 1;1 0 0 0 0 0 0 0 0 0 0 0 0 0 0 0 0 0 0 0 0 0 0 0 0 0 0 1;1 0 0 0 0 0 0 0 0 0 0 0 0 0 0 0 0 0 0 0 0 0 0 0 0 0 0 1;1 0 0 0 0 0 0 0 0 0 0 0 0 0 0 0 0 0 0 0 0 0 0 0 0 0 0 1;1 0 0 0 0 0 0 0 0 0 0 0 0 0 0 0 0 0 0 0 0 0 0 0 0 0 0 1;1 0 0 0 0 0 0 0 0 0 0 0 0 0 0 0 0 0 0 0 0 0 0 0 0 0 0 1;1 0 0 0 0 0 0 0 0 0 0 0 0 0 0 0 0 0 0 0 0 0 0 0 0 0 0 1;1 0 0 0 0 0 0 0 0 0 0 0 0 0 0 0 0 0 0 0 0 0 0 0 0 0 0 1;1 0 0 0 0 0 0 0 0 0 0 0 0 0 0 0 0 0 0 0 0 0 0 0 0 0 0 1;1 0 0 0 0 0 0 0 0 0 0 0 0 0 0 0 0 0 0 0 0 0 0 0 0 0 0 1;1 0 0 0 0 0 0 0 0 0 0 0 0 0 0 0 0 0 0 0 0 0 0 0 0 0 0 1;1 0 0 0 0 0 0 0 0 0 0 0 0 0 0 0 0 0 0 0 0 0 0 0 0 0 0 1;1 0 0 0 0 0 0 0 0 0 0 0 0 0 0 0 0 0 0 0 0 0 0 0 0 0 0 1;1 0 0 0 0 0 0 0 0 0 0 0 0 0 0 0 0 0 0 0 0 0 0 0 0 0 3 1;1 1 1 1 1 1 1 1 1 1 1 1 1 1 1 1 1 1 1 1 1 1 1 1 1 1 1 1]
47,28,A*,0.10133910179138184,51,[1 1 1 1 1 1 1 1 1 1 1 1 1 1 1 1 1 1 1 1 1 1 1 1 1 1 1 1;1 5 0 0 0 0 0 0 0 0 0 0 0 0 0 0 0 0 0 0 0 0 0 0 0 0 0 1;1 0 2 0 0 0 0 0 0 0 0 0 0 0 0 0 0 0 0 0 0 0 0 0 0 0 0 1;1 0 0 0 0 0 0 0 0 0 0 0 0 0 0 0 0 0 0 0 0 0 0 0 0 0 0 1;1 0 0 0 0 0 0 0 0 0 0 0 0 0 0 0 0 0 0 0 0 0 0 0 0 0 0 1;1 0 0 0 0 0 0 0 0 0 0 0 0 0 0 0 0 0 0 0 0 0 0 0 0 0 0 1;1 0 0 0 0 0 0 0 0 0 0 0 0 0 0 0 0 0 0 0 0 0 0 0 0 0 0 1;1 0 0 0 0 0 0 0 0 0 0 0 0 0 0 0 0 0 0 0 0 0 0 0 0 0 0 1;1 0 0 0 0 0 0 0 0 0 0 0 0 0 0 0 0 0 0 0 0 0 0 0 0 0 0 1;1 0 0 0 0 0 0 0 0 0 0 0 0 0 0 0 0 0 0 0 0 0 0 0 0 0 0 1;1 0 0 0 0 0 0 0 0 0 0 0 0 0 0 0 0 0 0 0 0 0 0 0 0 0 0 1;1 0 0 0 0 0 0 0 0 0 0 0 0 0 0 0 0 0 0 0 0 0 0 0 0 0 0 1;1 0 0 0 0 0 0 0 0 0 0 0 0 0 0 0 0 0 0 0 0 0 0 0 0 0 0 1;1 0 0 0 0 0 0 0 0 0 0 0 0 0 0 0 0 0 0 0 0 0 0 0 0 0 0 1;1 0 0 0 0 0 0 0 0 0 0 0 0 0 0 0 0 0 0 0 0 0 0 0 0 0 0 1;1 0 0 0 0 0 0 0 0 0 0 0 0 0 0 0 0 0 0 0 0 0 0 0 0 0 0 1;1 0 0 0 0 0 0 0 0 0 0 0 0 0 0 0 0 0 0 0 0 0 0 0 0 0 0 1;1 0 0 0 0 0 0 0 0 0 0 0 0 0 0 0 0 0 0 0 0 0 0 0 0 0 0 1;1 0 0 0 0 0 0 0 0 0 0 0 0 0 0 0 0 0 0 0 0 0 0 0 0 0 0 1;1 0 0 0 0 0 0 0 0 0 0 0 0 0 0 0 0 0 0 0 0 0 0 0 0 0 0 1;1 0 0 0 0 0 0 0 0 0 0 0 0 0 0 0 0 0 0 0 0 0 0 0 0 0 0 1;1 0 0 0 0 0 0 0 0 0 0 0 0 0 0 0 0 0 0 0 0 0 0 0 0 0 0 1;1 0 0 0 0 0 0 0 0 0 0 0 0 0 0 0 0 0 0 0 0 0 0 0 0 0 0 1;1 0 0 0 0 0 0 0 0 0 0 0 0 0 0 0 0 0 0 0 0 0 0 0 0 0 0 1;1 0 0 0 0 0 0 0 0 0 0 0 0 0 0 0 0 0 0 0 0 0 0 0 0 0 0 1;1 0 0 0 0 0 0 0 0 0 0 0 0 0 0 0 0 0 0 0 0 0 0 0 0 0 0 1;1 0 0 0 0 0 0 0 0 0 0 0 0 0 0 0 0 0 0 0 0 0 0 0 0 0 3 1;1 1 1 1 1 1 1 1 1 1 1 1 1 1 1 1 1 1 1 1 1 1 1 1 1 1 1 1]
47,28,DFS,111.94330906867981,29241,[1 1 1 1 1 1 1 1 1 1 1 1 1 1 1 1 1 1 1 1 1 1 1 1 1 1 1 1;1 5 0 0 0 0 0 0 0 0 0 0 0 0 0 0 0 0 0 0 0 0 0 0 0 0 0 1;1 0 2 0 0 0 0 0 0 0 0 0 0 0 0 0 0 0 0 0 0 0 0 0 0 0 0 1;1 0 0 0 0 0 0 0 0 0 0 0 0 0 0 0 0 0 0 0 0 0 0 0 0 0 0 1;1 0 0 0 0 0 0 0 0 0 0 0 0 0 0 0 0 0 0 0 0 0 0 0 0 0 0 1;1 0 0 0 0 0 0 0 0 0 0 0 0 0 0 0 0 0 0 0 0 0 0 0 0 0 0 1;1 0 0 0 0 0 0 0 0 0 0 0 0 0 0 0 0 0 0 0 0 0 0 0 0 0 0 1;1 0 0 0 0 0 0 0 0 0 0 0 0 0 0 0 0 0 0 0 0 0 0 0 0 0 0 1;1 0 0 0 0 0 0 0 0 0 0 0 0 0 0 0 0 0 0 0 0 0 0 0 0 0 0 1;1 0 0 0 0 0 0 0 0 0 0 0 0 0 0 0 0 0 0 0 0 0 0 0 0 0 0 1;1 0 0 0 0 0 0 0 0 0 0 0 0 0 0 0 0 0 0 0 0 0 0 0 0 0 0 1;1 0 0 0 0 0 0 0 0 0 0 0 0 0 0 0 0 0 0 0 0 0 0 0 0 0 0 1;1 0 0 0 0 0 0 0 0 0 0 0 0 0 0 0 0 0 0 0 0 0 0 0 0 0 0 1;1 0 0 0 0 0 0 0 0 0 0 0 0 0 0 0 0 0 0 0 0 0 0 0 0 0 0 1;1 0 0 0 0 0 0 0 0 0 0 0 0 0 0 0 0 0 0 0 0 0 0 0 0 0 0 1;1 0 0 0 0 0 0 0 0 0 0 0 0 0 0 0 0 0 0 0 0 0 0 0 0 0 0 1;1 0 0 0 0 0 0 0 0 0 0 0 0 0 0 0 0 0 0 0 0 0 0 0 0 0 0 1;1 0 0 0 0 0 0 0 0 0 0 0 0 0 0 0 0 0 0 0 0 0 0 0 0 0 0 1;1 0 0 0 0 0 0 0 0 0 0 0 0 0 0 0 0 0 0 0 0 0 0 0 0 0 0 1;1 0 0 0 0 0 0 0 0 0 0 0 0 0 0 0 0 0 0 0 0 0 0 0 0 0 0 1;1 0 0 0 0 0 0 0 0 0 0 0 0 0 0 0 0 0 0 0 0 0 0 0 0 0 0 1;1 0 0 0 0 0 0 0 0 0 0 0 0 0 0 0 0 0 0 0 0 0 0 0 0 0 0 1;1 0 0 0 0 0 0 0 0 0 0 0 0 0 0 0 0 0 0 0 0 0 0 0 0 0 0 1;1 0 0 0 0 0 0 0 0 0 0 0 0 0 0 0 0 0 0 0 0 0 0 0 0 0 0 1;1 0 0 0 0 0 0 0 0 0 0 0 0 0 0 0 0 0 0 0 0 0 0 0 0 0 0 1;1 0 0 0 0 0 0 0 0 0 0 0 0 0 0 0 0 0 0 0 0 0 0 0 0 0 0 1;1 0 0 0 0 0 0 0 0 0 0 0 0 0 0 0 0 0 0 0 0 0 0 0 0 0 3 1;1 1 1 1 1 1 1 1 1 1 1 1 1 1 1 1 1 1 1 1 1 1 1 1 1 1 1 1]
47,28,BFS,14.203723907470703,51,[1 1 1 1 1 1 1 1 1 1 1 1 1 1 1 1 1 1 1 1 1 1 1 1 1 1 1 1;1 5 0 0 0 0 0 0 0 0 0 0 0 0 0 0 0 0 0 0 0 0 0 0 0 0 0 1;1 0 2 0 0 0 0 0 0 0 0 0 0 0 0 0 0 0 0 0 0 0 0 0 0 0 0 1;1 0 0 0 0 0 0 0 0 0 0 0 0 0 0 0 0 0 0 0 0 0 0 0 0 0 0 1;1 0 0 0 0 0 0 0 0 0 0 0 0 0 0 0 0 0 0 0 0 0 0 0 0 0 0 1;1 0 0 0 0 0 0 0 0 0 0 0 0 0 0 0 0 0 0 0 0 0 0 0 0 0 0 1;1 0 0 0 0 0 0 0 0 0 0 0 0 0 0 0 0 0 0 0 0 0 0 0 0 0 0 1;1 0 0 0 0 0 0 0 0 0 0 0 0 0 0 0 0 0 0 0 0 0 0 0 0 0 0 1;1 0 0 0 0 0 0 0 0 0 0 0 0 0 0 0 0 0 0 0 0 0 0 0 0 0 0 1;1 0 0 0 0 0 0 0 0 0 0 0 0 0 0 0 0 0 0 0 0 0 0 0 0 0 0 1;1 0 0 0 0 0 0 0 0 0 0 0 0 0 0 0 0 0 0 0 0 0 0 0 0 0 0 1;1 0 0 0 0 0 0 0 0 0 0 0 0 0 0 0 0 0 0 0 0 0 0 0 0 0 0 1;1 0 0 0 0 0 0 0 0 0 0 0 0 0 0 0 0 0 0 0 0 0 0 0 0 0 0 1;1 0 0 0 0 0 0 0 0 0 0 0 0 0 0 0 0 0 0 0 0 0 0 0 0 0 0 1;1 0 0 0 0 0 0 0 0 0 0 0 0 0 0 0 0 0 0 0 0 0 0 0 0 0 0 1;1 0 0 0 0 0 0 0 0 0 0 0 0 0 0 0 0 0 0 0 0 0 0 0 0 0 0 1;1 0 0 0 0 0 0 0 0 0 0 0 0 0 0 0 0 0 0 0 0 0 0 0 0 0 0 1;1 0 0 0 0 0 0 0 0 0 0 0 0 0 0 0 0 0 0 0 0 0 0 0 0 0 0 1;1 0 0 0 0 0 0 0 0 0 0 0 0 0 0 0 0 0 0 0 0 0 0 0 0 0 0 1;1 0 0 0 0 0 0 0 0 0 0 0 0 0 0 0 0 0 0 0 0 0 0 0 0 0 0 1;1 0 0 0 0 0 0 0 0 0 0 0 0 0 0 0 0 0 0 0 0 0 0 0 0 0 0 1;1 0 0 0 0 0 0 0 0 0 0 0 0 0 0 0 0 0 0 0 0 0 0 0 0 0 0 1;1 0 0 0 0 0 0 0 0 0 0 0 0 0 0 0 0 0 0 0 0 0 0 0 0 0 0 1;1 0 0 0 0 0 0 0 0 0 0 0 0 0 0 0 0 0 0 0 0 0 0 0 0 0 0 1;1 0 0 0 0 0 0 0 0 0 0 0 0 0 0 0 0 0 0 0 0 0 0 0 0 0 0 1;1 0 0 0 0 0 0 0 0 0 0 0 0 0 0 0 0 0 0 0 0 0 0 0 0 0 0 1;1 0 0 0 0 0 0 0 0 0 0 0 0 0 0 0 0 0 0 0 0 0 0 0 0 0 3 1;1 1 1 1 1 1 1 1 1 1 1 1 1 1 1 1 1 1 1 1 1 1 1 1 1 1 1 1]
48,29,A*,0.12381935119628906,53,[1 1 1 1 1 1 1 1 1 1 1 1 1 1 1 1 1 1 1 1 1 1 1 1 1 1 1 1 1;1 5 0 0 0 0 0 0 0 0 0 0 0 0 0 0 0 0 0 0 0 0 0 0 0 0 0 0 1;1 0 2 0 0 0 0 0 0 0 0 0 0 0 0 0 0 0 0 0 0 0 0 0 0 0 0 0 1;1 0 0 0 0 0 0 0 0 0 0 0 0 0 0 0 0 0 0 0 0 0 0 0 0 0 0 0 1;1 0 0 0 0 0 0 0 0 0 0 0 0 0 0 0 0 0 0 0 0 0 0 0 0 0 0 0 1;1 0 0 0 0 0 0 0 0 0 0 0 0 0 0 0 0 0 0 0 0 0 0 0 0 0 0 0 1;1 0 0 0 0 0 0 0 0 0 0 0 0 0 0 0 0 0 0 0 0 0 0 0 0 0 0 0 1;1 0 0 0 0 0 0 0 0 0 0 0 0 0 0 0 0 0 0 0 0 0 0 0 0 0 0 0 1;1 0 0 0 0 0 0 0 0 0 0 0 0 0 0 0 0 0 0 0 0 0 0 0 0 0 0 0 1;1 0 0 0 0 0 0 0 0 0 0 0 0 0 0 0 0 0 0 0 0 0 0 0 0 0 0 0 1;1 0 0 0 0 0 0 0 0 0 0 0 0 0 0 0 0 0 0 0 0 0 0 0 0 0 0 0 1;1 0 0 0 0 0 0 0 0 0 0 0 0 0 0 0 0 0 0 0 0 0 0 0 0 0 0 0 1;1 0 0 0 0 0 0 0 0 0 0 0 0 0 0 0 0 0 0 0 0 0 0 0 0 0 0 0 1;1 0 0 0 0 0 0 0 0 0 0 0 0 0 0 0 0 0 0 0 0 0 0 0 0 0 0 0 1;1 0 0 0 0 0 0 0 0 0 0 0 0 0 0 0 0 0 0 0 0 0 0 0 0 0 0 0 1;1 0 0 0 0 0 0 0 0 0 0 0 0 0 0 0 0 0 0 0 0 0 0 0 0 0 0 0 1;1 0 0 0 0 0 0 0 0 0 0 0 0 0 0 0 0 0 0 0 0 0 0 0 0 0 0 0 1;1 0 0 0 0 0 0 0 0 0 0 0 0 0 0 0 0 0 0 0 0 0 0 0 0 0 0 0 1;1 0 0 0 0 0 0 0 0 0 0 0 0 0 0 0 0 0 0 0 0 0 0 0 0 0 0 0 1;1 0 0 0 0 0 0 0 0 0 0 0 0 0 0 0 0 0 0 0 0 0 0 0 0 0 0 0 1;1 0 0 0 0 0 0 0 0 0 0 0 0 0 0 0 0 0 0 0 0 0 0 0 0 0 0 0 1;1 0 0 0 0 0 0 0 0 0 0 0 0 0 0 0 0 0 0 0 0 0 0 0 0 0 0 0 1;1 0 0 0 0 0 0 0 0 0 0 0 0 0 0 0 0 0 0 0 0 0 0 0 0 0 0 0 1;1 0 0 0 0 0 0 0 0 0 0 0 0 0 0 0 0 0 0 0 0 0 0 0 0 0 0 0 1;1 0 0 0 0 0 0 0 0 0 0 0 0 0 0 0 0 0 0 0 0 0 0 0 0 0 0 0 1;1 0 0 0 0 0 0 0 0 0 0 0 0 0 0 0 0 0 0 0 0 0 0 0 0 0 0 0 1;1 0 0 0 0 0 0 0 0 0 0 0 0 0 0 0 0 0 0 0 0 0 0 0 0 0 0 0 1;1 0 0 0 0 0 0 0 0 0 0 0 0 0 0 0 0 0 0 0 0 0 0 0 0 0 0 3 1;1 1 1 1 1 1 1 1 1 1 1 1 1 1 1 1 1 1 1 1 1 1 1 1 1 1 1 1 1]
48,29,DFS,153.16068172454834,34219,[1 1 1 1 1 1 1 1 1 1 1 1 1 1 1 1 1 1 1 1 1 1 1 1 1 1 1 1 1;1 5 0 0 0 0 0 0 0 0 0 0 0 0 0 0 0 0 0 0 0 0 0 0 0 0 0 0 1;1 0 2 0 0 0 0 0 0 0 0 0 0 0 0 0 0 0 0 0 0 0 0 0 0 0 0 0 1;1 0 0 0 0 0 0 0 0 0 0 0 0 0 0 0 0 0 0 0 0 0 0 0 0 0 0 0 1;1 0 0 0 0 0 0 0 0 0 0 0 0 0 0 0 0 0 0 0 0 0 0 0 0 0 0 0 1;1 0 0 0 0 0 0 0 0 0 0 0 0 0 0 0 0 0 0 0 0 0 0 0 0 0 0 0 1;1 0 0 0 0 0 0 0 0 0 0 0 0 0 0 0 0 0 0 0 0 0 0 0 0 0 0 0 1;1 0 0 0 0 0 0 0 0 0 0 0 0 0 0 0 0 0 0 0 0 0 0 0 0 0 0 0 1;1 0 0 0 0 0 0 0 0 0 0 0 0 0 0 0 0 0 0 0 0 0 0 0 0 0 0 0 1;1 0 0 0 0 0 0 0 0 0 0 0 0 0 0 0 0 0 0 0 0 0 0 0 0 0 0 0 1;1 0 0 0 0 0 0 0 0 0 0 0 0 0 0 0 0 0 0 0 0 0 0 0 0 0 0 0 1;1 0 0 0 0 0 0 0 0 0 0 0 0 0 0 0 0 0 0 0 0 0 0 0 0 0 0 0 1;1 0 0 0 0 0 0 0 0 0 0 0 0 0 0 0 0 0 0 0 0 0 0 0 0 0 0 0 1;1 0 0 0 0 0 0 0 0 0 0 0 0 0 0 0 0 0 0 0 0 0 0 0 0 0 0 0 1;1 0 0 0 0 0 0 0 0 0 0 0 0 0 0 0 0 0 0 0 0 0 0 0 0 0 0 0 1;1 0 0 0 0 0 0 0 0 0 0 0 0 0 0 0 0 0 0 0 0 0 0 0 0 0 0 0 1;1 0 0 0 0 0 0 0 0 0 0 0 0 0 0 0 0 0 0 0 0 0 0 0 0 0 0 0 1;1 0 0 0 0 0 0 0 0 0 0 0 0 0 0 0 0 0 0 0 0 0 0 0 0 0 0 0 1;1 0 0 0 0 0 0 0 0 0 0 0 0 0 0 0 0 0 0 0 0 0 0 0 0 0 0 0 1;1 0 0 0 0 0 0 0 0 0 0 0 0 0 0 0 0 0 0 0 0 0 0 0 0 0 0 0 1;1 0 0 0 0 0 0 0 0 0 0 0 0 0 0 0 0 0 0 0 0 0 0 0 0 0 0 0 1;1 0 0 0 0 0 0 0 0 0 0 0 0 0 0 0 0 0 0 0 0 0 0 0 0 0 0 0 1;1 0 0 0 0 0 0 0 0 0 0 0 0 0 0 0 0 0 0 0 0 0 0 0 0 0 0 0 1;1 0 0 0 0 0 0 0 0 0 0 0 0 0 0 0 0 0 0 0 0 0 0 0 0 0 0 0 1;1 0 0 0 0 0 0 0 0 0 0 0 0 0 0 0 0 0 0 0 0 0 0 0 0 0 0 0 1;1 0 0 0 0 0 0 0 0 0 0 0 0 0 0 0 0 0 0 0 0 0 0 0 0 0 0 0 1;1 0 0 0 0 0 0 0 0 0 0 0 0 0 0 0 0 0 0 0 0 0 0 0 0 0 0 0 1;1 0 0 0 0 0 0 0 0 0 0 0 0 0 0 0 0 0 0 0 0 0 0 0 0 0 0 3 1;1 1 1 1 1 1 1 1 1 1 1 1 1 1 1 1 1 1 1 1 1 1 1 1 1 1 1 1 1]
48,29,BFS,8.150296926498413,53,[1 1 1 1 1 1 1 1 1 1 1 1 1 1 1 1 1 1 1 1 1 1 1 1 1 1 1 1 1;1 5 0 0 0 0 0 0 0 0 0 0 0 0 0 0 0 0 0 0 0 0 0 0 0 0 0 0 1;1 0 2 0 0 0 0 0 0 0 0 0 0 0 0 0 0 0 0 0 0 0 0 0 0 0 0 0 1;1 0 0 0 0 0 0 0 0 0 0 0 0 0 0 0 0 0 0 0 0 0 0 0 0 0 0 0 1;1 0 0 0 0 0 0 0 0 0 0 0 0 0 0 0 0 0 0 0 0 0 0 0 0 0 0 0 1;1 0 0 0 0 0 0 0 0 0 0 0 0 0 0 0 0 0 0 0 0 0 0 0 0 0 0 0 1;1 0 0 0 0 0 0 0 0 0 0 0 0 0 0 0 0 0 0 0 0 0 0 0 0 0 0 0 1;1 0 0 0 0 0 0 0 0 0 0 0 0 0 0 0 0 0 0 0 0 0 0 0 0 0 0 0 1;1 0 0 0 0 0 0 0 0 0 0 0 0 0 0 0 0 0 0 0 0 0 0 0 0 0 0 0 1;1 0 0 0 0 0 0 0 0 0 0 0 0 0 0 0 0 0 0 0 0 0 0 0 0 0 0 0 1;1 0 0 0 0 0 0 0 0 0 0 0 0 0 0 0 0 0 0 0 0 0 0 0 0 0 0 0 1;1 0 0 0 0 0 0 0 0 0 0 0 0 0 0 0 0 0 0 0 0 0 0 0 0 0 0 0 1;1 0 0 0 0 0 0 0 0 0 0 0 0 0 0 0 0 0 0 0 0 0 0 0 0 0 0 0 1;1 0 0 0 0 0 0 0 0 0 0 0 0 0 0 0 0 0 0 0 0 0 0 0 0 0 0 0 1;1 0 0 0 0 0 0 0 0 0 0 0 0 0 0 0 0 0 0 0 0 0 0 0 0 0 0 0 1;1 0 0 0 0 0 0 0 0 0 0 0 0 0 0 0 0 0 0 0 0 0 0 0 0 0 0 0 1;1 0 0 0 0 0 0 0 0 0 0 0 0 0 0 0 0 0 0 0 0 0 0 0 0 0 0 0 1;1 0 0 0 0 0 0 0 0 0 0 0 0 0 0 0 0 0 0 0 0 0 0 0 0 0 0 0 1;1 0 0 0 0 0 0 0 0 0 0 0 0 0 0 0 0 0 0 0 0 0 0 0 0 0 0 0 1;1 0 0 0 0 0 0 0 0 0 0 0 0 0 0 0 0 0 0 0 0 0 0 0 0 0 0 0 1;1 0 0 0 0 0 0 0 0 0 0 0 0 0 0 0 0 0 0 0 0 0 0 0 0 0 0 0 1;1 0 0 0 0 0 0 0 0 0 0 0 0 0 0 0 0 0 0 0 0 0 0 0 0 0 0 0 1;1 0 0 0 0 0 0 0 0 0 0 0 0 0 0 0 0 0 0 0 0 0 0 0 0 0 0 0 1;1 0 0 0 0 0 0 0 0 0 0 0 0 0 0 0 0 0 0 0 0 0 0 0 0 0 0 0 1;1 0 0 0 0 0 0 0 0 0 0 0 0 0 0 0 0 0 0 0 0 0 0 0 0 0 0 0 1;1 0 0 0 0 0 0 0 0 0 0 0 0 0 0 0 0 0 0 0 0 0 0 0 0 0 0 0 1;1 0 0 0 0 0 0 0 0 0 0 0 0 0 0 0 0 0 0 0 0 0 0 0 0 0 0 0 1;1 0 0 0 0 0 0 0 0 0 0 0 0 0 0 0 0 0 0 0 0 0 0 0 0 0 0 3 1;1 1 1 1 1 1 1 1 1 1 1 1 1 1 1 1 1 1 1 1 1 1 1 1 1 1 1 1 1]
49,29,A*,0.049265384674072266,53,[1 1 1 1 1 1 1 1 1 1 1 1 1 1 1 1 1 1 1 1 1 1 1 1 1 1 1 1 1;1 5 0 0 0 0 0 0 0 0 0 0 0 0 0 0 0 0 0 0 0 0 0 0 0 0 0 0 1;1 0 2 0 0 0 0 0 0 0 0 0 0 0 0 0 0 0 0 0 0 0 0 0 0 0 0 0 1;1 0 0 0 0 0 0 0 0 0 0 0 0 0 0 0 0 0 0 0 0 0 0 0 0 0 0 0 1;1 0 0 0 0 0 0 0 0 0 0 0 0 0 0 0 0 0 0 0 0 0 0 0 0 0 0 0 1;1 0 0 0 0 0 0 0 0 0 0 0 0 0 0 0 0 0 0 0 0 0 0 0 0 0 0 0 1;1 0 0 0 0 0 0 0 0 0 0 0 0 0 0 0 0 0 0 0 0 0 0 0 0 0 0 0 1;1 0 0 0 0 0 0 0 0 0 0 0 0 0 0 0 0 0 0 0 0 0 0 0 0 0 0 0 1;1 0 0 0 0 0 0 0 0 0 0 0 0 0 0 0 0 0 0 0 0 0 0 0 0 0 0 0 1;1 0 0 0 0 0 0 0 0 0 0 0 0 0 0 0 0 0 0 0 0 0 0 0 0 0 0 0 1;1 0 0 0 0 0 0 0 0 0 0 0 0 0 0 0 0 0 0 0 0 0 0 0 0 0 0 0 1;1 0 0 0 0 0 0 0 0 0 0 0 0 0 0 0 0 0 0 0 0 0 0 0 0 0 0 0 1;1 0 0 0 0 0 0 0 0 0 0 0 0 0 0 0 0 0 0 0 0 0 0 0 0 0 0 0 1;1 0 0 0 0 0 0 0 0 0 0 0 0 0 0 0 0 0 0 0 0 0 0 0 0 0 0 0 1;1 0 0 0 0 0 0 0 0 0 0 0 0 0 0 0 0 0 0 0 0 0 0 0 0 0 0 0 1;1 0 0 0 0 0 0 0 0 0 0 0 0 0 0 0 0 0 0 0 0 0 0 0 0 0 0 0 1;1 0 0 0 0 0 0 0 0 0 0 0 0 0 0 0 0 0 0 0 0 0 0 0 0 0 0 0 1;1 0 0 0 0 0 0 0 0 0 0 0 0 0 0 0 0 0 0 0 0 0 0 0 0 0 0 0 1;1 0 0 0 0 0 0 0 0 0 0 0 0 0 0 0 0 0 0 0 0 0 0 0 0 0 0 0 1;1 0 0 0 0 0 0 0 0 0 0 0 0 0 0 0 0 0 0 0 0 0 0 0 0 0 0 0 1;1 0 0 0 0 0 0 0 0 0 0 0 0 0 0 0 0 0 0 0 0 0 0 0 0 0 0 0 1;1 0 0 0 0 0 0 0 0 0 0 0 0 0 0 0 0 0 0 0 0 0 0 0 0 0 0 0 1;1 0 0 0 0 0 0 0 0 0 0 0 0 0 0 0 0 0 0 0 0 0 0 0 0 0 0 0 1;1 0 0 0 0 0 0 0 0 0 0 0 0 0 0 0 0 0 0 0 0 0 0 0 0 0 0 0 1;1 0 0 0 0 0 0 0 0 0 0 0 0 0 0 0 0 0 0 0 0 0 0 0 0 0 0 0 1;1 0 0 0 0 0 0 0 0 0 0 0 0 0 0 0 0 0 0 0 0 0 0 0 0 0 0 0 1;1 0 0 0 0 0 0 0 0 0 0 0 0 0 0 0 0 0 0 0 0 0 0 0 0 0 0 0 1;1 0 0 0 0 0 0 0 0 0 0 0 0 0 0 0 0 0 0 0 0 0 0 0 0 0 0 3 1;1 1 1 1 1 1 1 1 1 1 1 1 1 1 1 1 1 1 1 1 1 1 1 1 1 1 1 1 1]
49,29,DFS,78.00605058670044,34219,[1 1 1 1 1 1 1 1 1 1 1 1 1 1 1 1 1 1 1 1 1 1 1 1 1 1 1 1 1;1 5 0 0 0 0 0 0 0 0 0 0 0 0 0 0 0 0 0 0 0 0 0 0 0 0 0 0 1;1 0 2 0 0 0 0 0 0 0 0 0 0 0 0 0 0 0 0 0 0 0 0 0 0 0 0 0 1;1 0 0 0 0 0 0 0 0 0 0 0 0 0 0 0 0 0 0 0 0 0 0 0 0 0 0 0 1;1 0 0 0 0 0 0 0 0 0 0 0 0 0 0 0 0 0 0 0 0 0 0 0 0 0 0 0 1;1 0 0 0 0 0 0 0 0 0 0 0 0 0 0 0 0 0 0 0 0 0 0 0 0 0 0 0 1;1 0 0 0 0 0 0 0 0 0 0 0 0 0 0 0 0 0 0 0 0 0 0 0 0 0 0 0 1;1 0 0 0 0 0 0 0 0 0 0 0 0 0 0 0 0 0 0 0 0 0 0 0 0 0 0 0 1;1 0 0 0 0 0 0 0 0 0 0 0 0 0 0 0 0 0 0 0 0 0 0 0 0 0 0 0 1;1 0 0 0 0 0 0 0 0 0 0 0 0 0 0 0 0 0 0 0 0 0 0 0 0 0 0 0 1;1 0 0 0 0 0 0 0 0 0 0 0 0 0 0 0 0 0 0 0 0 0 0 0 0 0 0 0 1;1 0 0 0 0 0 0 0 0 0 0 0 0 0 0 0 0 0 0 0 0 0 0 0 0 0 0 0 1;1 0 0 0 0 0 0 0 0 0 0 0 0 0 0 0 0 0 0 0 0 0 0 0 0 0 0 0 1;1 0 0 0 0 0 0 0 0 0 0 0 0 0 0 0 0 0 0 0 0 0 0 0 0 0 0 0 1;1 0 0 0 0 0 0 0 0 0 0 0 0 0 0 0 0 0 0 0 0 0 0 0 0 0 0 0 1;1 0 0 0 0 0 0 0 0 0 0 0 0 0 0 0 0 0 0 0 0 0 0 0 0 0 0 0 1;1 0 0 0 0 0 0 0 0 0 0 0 0 0 0 0 0 0 0 0 0 0 0 0 0 0 0 0 1;1 0 0 0 0 0 0 0 0 0 0 0 0 0 0 0 0 0 0 0 0 0 0 0 0 0 0 0 1;1 0 0 0 0 0 0 0 0 0 0 0 0 0 0 0 0 0 0 0 0 0 0 0 0 0 0 0 1;1 0 0 0 0 0 0 0 0 0 0 0 0 0 0 0 0 0 0 0 0 0 0 0 0 0 0 0 1;1 0 0 0 0 0 0 0 0 0 0 0 0 0 0 0 0 0 0 0 0 0 0 0 0 0 0 0 1;1 0 0 0 0 0 0 0 0 0 0 0 0 0 0 0 0 0 0 0 0 0 0 0 0 0 0 0 1;1 0 0 0 0 0 0 0 0 0 0 0 0 0 0 0 0 0 0 0 0 0 0 0 0 0 0 0 1;1 0 0 0 0 0 0 0 0 0 0 0 0 0 0 0 0 0 0 0 0 0 0 0 0 0 0 0 1;1 0 0 0 0 0 0 0 0 0 0 0 0 0 0 0 0 0 0 0 0 0 0 0 0 0 0 0 1;1 0 0 0 0 0 0 0 0 0 0 0 0 0 0 0 0 0 0 0 0 0 0 0 0 0 0 0 1;1 0 0 0 0 0 0 0 0 0 0 0 0 0 0 0 0 0 0 0 0 0 0 0 0 0 0 0 1;1 0 0 0 0 0 0 0 0 0 0 0 0 0 0 0 0 0 0 0 0 0 0 0 0 0 0 3 1;1 1 1 1 1 1 1 1 1 1 1 1 1 1 1 1 1 1 1 1 1 1 1 1 1 1 1 1 1]
49,29,BFS,12.864641904830933,53,[1 1 1 1 1 1 1 1 1 1 1 1 1 1 1 1 1 1 1 1 1 1 1 1 1 1 1 1 1;1 5 0 0 0 0 0 0 0 0 0 0 0 0 0 0 0 0 0 0 0 0 0 0 0 0 0 0 1;1 0 2 0 0 0 0 0 0 0 0 0 0 0 0 0 0 0 0 0 0 0 0 0 0 0 0 0 1;1 0 0 0 0 0 0 0 0 0 0 0 0 0 0 0 0 0 0 0 0 0 0 0 0 0 0 0 1;1 0 0 0 0 0 0 0 0 0 0 0 0 0 0 0 0 0 0 0 0 0 0 0 0 0 0 0 1;1 0 0 0 0 0 0 0 0 0 0 0 0 0 0 0 0 0 0 0 0 0 0 0 0 0 0 0 1;1 0 0 0 0 0 0 0 0 0 0 0 0 0 0 0 0 0 0 0 0 0 0 0 0 0 0 0 1;1 0 0 0 0 0 0 0 0 0 0 0 0 0 0 0 0 0 0 0 0 0 0 0 0 0 0 0 1;1 0 0 0 0 0 0 0 0 0 0 0 0 0 0 0 0 0 0 0 0 0 0 0 0 0 0 0 1;1 0 0 0 0 0 0 0 0 0 0 0 0 0 0 0 0 0 0 0 0 0 0 0 0 0 0 0 1;1 0 0 0 0 0 0 0 0 0 0 0 0 0 0 0 0 0 0 0 0 0 0 0 0 0 0 0 1;1 0 0 0 0 0 0 0 0 0 0 0 0 0 0 0 0 0 0 0 0 0 0 0 0 0 0 0 1;1 0 0 0 0 0 0 0 0 0 0 0 0 0 0 0 0 0 0 0 0 0 0 0 0 0 0 0 1;1 0 0 0 0 0 0 0 0 0 0 0 0 0 0 0 0 0 0 0 0 0 0 0 0 0 0 0 1;1 0 0 0 0 0 0 0 0 0 0 0 0 0 0 0 0 0 0 0 0 0 0 0 0 0 0 0 1;1 0 0 0 0 0 0 0 0 0 0 0 0 0 0 0 0 0 0 0 0 0 0 0 0 0 0 0 1;1 0 0 0 0 0 0 0 0 0 0 0 0 0 0 0 0 0 0 0 0 0 0 0 0 0 0 0 1;1 0 0 0 0 0 0 0 0 0 0 0 0 0 0 0 0 0 0 0 0 0 0 0 0 0 0 0 1;1 0 0 0 0 0 0 0 0 0 0 0 0 0 0 0 0 0 0 0 0 0 0 0 0 0 0 0 1;1 0 0 0 0 0 0 0 0 0 0 0 0 0 0 0 0 0 0 0 0 0 0 0 0 0 0 0 1;1 0 0 0 0 0 0 0 0 0 0 0 0 0 0 0 0 0 0 0 0 0 0 0 0 0 0 0 1;1 0 0 0 0 0 0 0 0 0 0 0 0 0 0 0 0 0 0 0 0 0 0 0 0 0 0 0 1;1 0 0 0 0 0 0 0 0 0 0 0 0 0 0 0 0 0 0 0 0 0 0 0 0 0 0 0 1;1 0 0 0 0 0 0 0 0 0 0 0 0 0 0 0 0 0 0 0 0 0 0 0 0 0 0 0 1;1 0 0 0 0 0 0 0 0 0 0 0 0 0 0 0 0 0 0 0 0 0 0 0 0 0 0 0 1;1 0 0 0 0 0 0 0 0 0 0 0 0 0 0 0 0 0 0 0 0 0 0 0 0 0 0 0 1;1 0 0 0 0 0 0 0 0 0 0 0 0 0 0 0 0 0 0 0 0 0 0 0 0 0 0 0 1;1 0 0 0 0 0 0 0 0 0 0 0 0 0 0 0 0 0 0 0 0 0 0 0 0 0 0 3 1;1 1 1 1 1 1 1 1 1 1 1 1 1 1 1 1 1 1 1 1 1 1 1 1 1 1 1 1 1]
50,30,A*,0.08469462394714355,55,[1 1 1 1 1 1 1 1 1 1 1 1 1 1 1 1 1 1 1 1 1 1 1 1 1 1 1 1 1 1;1 5 0 0 0 0 0 0 0 0 0 0 0 0 0 0 0 0 0 0 0 0 0 0 0 0 0 0 0 1;1 0 2 0 0 0 0 0 0 0 0 0 0 0 0 0 0 0 0 0 0 0 0 0 0 0 0 0 0 1;1 0 0 0 0 0 0 0 0 0 0 0 0 0 0 0 0 0 0 0 0 0 0 0 0 0 0 0 0 1;1 0 0 0 0 0 0 0 0 0 0 0 0 0 0 0 0 0 0 0 0 0 0 0 0 0 0 0 0 1;1 0 0 0 0 0 0 0 0 0 0 0 0 0 0 0 0 0 0 0 0 0 0 0 0 0 0 0 0 1;1 0 0 0 0 0 0 0 0 0 0 0 0 0 0 0 0 0 0 0 0 0 0 0 0 0 0 0 0 1;1 0 0 0 0 0 0 0 0 0 0 0 0 0 0 0 0 0 0 0 0 0 0 0 0 0 0 0 0 1;1 0 0 0 0 0 0 0 0 0 0 0 0 0 0 0 0 0 0 0 0 0 0 0 0 0 0 0 0 1;1 0 0 0 0 0 0 0 0 0 0 0 0 0 0 0 0 0 0 0 0 0 0 0 0 0 0 0 0 1;1 0 0 0 0 0 0 0 0 0 0 0 0 0 0 0 0 0 0 0 0 0 0 0 0 0 0 0 0 1;1 0 0 0 0 0 0 0 0 0 0 0 0 0 0 0 0 0 0 0 0 0 0 0 0 0 0 0 0 1;1 0 0 0 0 0 0 0 0 0 0 0 0 0 0 0 0 0 0 0 0 0 0 0 0 0 0 0 0 1;1 0 0 0 0 0 0 0 0 0 0 0 0 0 0 0 0 0 0 0 0 0 0 0 0 0 0 0 0 1;1 0 0 0 0 0 0 0 0 0 0 0 0 0 0 0 0 0 0 0 0 0 0 0 0 0 0 0 0 1;1 0 0 0 0 0 0 0 0 0 0 0 0 0 0 0 0 0 0 0 0 0 0 0 0 0 0 0 0 1;1 0 0 0 0 0 0 0 0 0 0 0 0 0 0 0 0 0 0 0 0 0 0 0 0 0 0 0 0 1;1 0 0 0 0 0 0 0 0 0 0 0 0 0 0 0 0 0 0 0 0 0 0 0 0 0 0 0 0 1;1 0 0 0 0 0 0 0 0 0 0 0 0 0 0 0 0 0 0 0 0 0 0 0 0 0 0 0 0 1;1 0 0 0 0 0 0 0 0 0 0 0 0 0 0 0 0 0 0 0 0 0 0 0 0 0 0 0 0 1;1 0 0 0 0 0 0 0 0 0 0 0 0 0 0 0 0 0 0 0 0 0 0 0 0 0 0 0 0 1;1 0 0 0 0 0 0 0 0 0 0 0 0 0 0 0 0 0 0 0 0 0 0 0 0 0 0 0 0 1;1 0 0 0 0 0 0 0 0 0 0 0 0 0 0 0 0 0 0 0 0 0 0 0 0 0 0 0 0 1;1 0 0 0 0 0 0 0 0 0 0 0 0 0 0 0 0 0 0 0 0 0 0 0 0 0 0 0 0 1;1 0 0 0 0 0 0 0 0 0 0 0 0 0 0 0 0 0 0 0 0 0 0 0 0 0 0 0 0 1;1 0 0 0 0 0 0 0 0 0 0 0 0 0 0 0 0 0 0 0 0 0 0 0 0 0 0 0 0 1;1 0 0 0 0 0 0 0 0 0 0 0 0 0 0 0 0 0 0 0 0 0 0 0 0 0 0 0 0 1;1 0 0 0 0 0 0 0 0 0 0 0 0 0 0 0 0 0 0 0 0 0 0 0 0 0 0 0 0 1;1 0 0 0 0 0 0 0 0 0 0 0 0 0 0 0 0 0 0 0 0 0 0 0 0 0 0 0 3 1;1 1 1 1 1 1 1 1 1 1 1 1 1 1 1 1 1 1 1 1 1 1 1 1 1 1 1 1 1 1]
50,30,DFS,119.85487771034241,37007,[1 1 1 1 1 1 1 1 1 1 1 1 1 1 1 1 1 1 1 1 1 1 1 1 1 1 1 1 1 1;1 5 0 0 0 0 0 0 0 0 0 0 0 0 0 0 0 0 0 0 0 0 0 0 0 0 0 0 0 1;1 0 2 0 0 0 0 0 0 0 0 0 0 0 0 0 0 0 0 0 0 0 0 0 0 0 0 0 0 1;1 0 0 0 0 0 0 0 0 0 0 0 0 0 0 0 0 0 0 0 0 0 0 0 0 0 0 0 0 1;1 0 0 0 0 0 0 0 0 0 0 0 0 0 0 0 0 0 0 0 0 0 0 0 0 0 0 0 0 1;1 0 0 0 0 0 0 0 0 0 0 0 0 0 0 0 0 0 0 0 0 0 0 0 0 0 0 0 0 1;1 0 0 0 0 0 0 0 0 0 0 0 0 0 0 0 0 0 0 0 0 0 0 0 0 0 0 0 0 1;1 0 0 0 0 0 0 0 0 0 0 0 0 0 0 0 0 0 0 0 0 0 0 0 0 0 0 0 0 1;1 0 0 0 0 0 0 0 0 0 0 0 0 0 0 0 0 0 0 0 0 0 0 0 0 0 0 0 0 1;1 0 0 0 0 0 0 0 0 0 0 0 0 0 0 0 0 0 0 0 0 0 0 0 0 0 0 0 0 1;1 0 0 0 0 0 0 0 0 0 0 0 0 0 0 0 0 0 0 0 0 0 0 0 0 0 0 0 0 1;1 0 0 0 0 0 0 0 0 0 0 0 0 0 0 0 0 0 0 0 0 0 0 0 0 0 0 0 0 1;1 0 0 0 0 0 0 0 0 0 0 0 0 0 0 0 0 0 0 0 0 0 0 0 0 0 0 0 0 1;1 0 0 0 0 0 0 0 0 0 0 0 0 0 0 0 0 0 0 0 0 0 0 0 0 0 0 0 0 1;1 0 0 0 0 0 0 0 0 0 0 0 0 0 0 0 0 0 0 0 0 0 0 0 0 0 0 0 0 1;1 0 0 0 0 0 0 0 0 0 0 0 0 0 0 0 0 0 0 0 0 0 0 0 0 0 0 0 0 1;1 0 0 0 0 0 0 0 0 0 0 0 0 0 0 0 0 0 0 0 0 0 0 0 0 0 0 0 0 1;1 0 0 0 0 0 0 0 0 0 0 0 0 0 0 0 0 0 0 0 0 0 0 0 0 0 0 0 0 1;1 0 0 0 0 0 0 0 0 0 0 0 0 0 0 0 0 0 0 0 0 0 0 0 0 0 0 0 0 1;1 0 0 0 0 0 0 0 0 0 0 0 0 0 0 0 0 0 0 0 0 0 0 0 0 0 0 0 0 1;1 0 0 0 0 0 0 0 0 0 0 0 0 0 0 0 0 0 0 0 0 0 0 0 0 0 0 0 0 1;1 0 0 0 0 0 0 0 0 0 0 0 0 0 0 0 0 0 0 0 0 0 0 0 0 0 0 0 0 1;1 0 0 0 0 0 0 0 0 0 0 0 0 0 0 0 0 0 0 0 0 0 0 0 0 0 0 0 0 1;1 0 0 0 0 0 0 0 0 0 0 0 0 0 0 0 0 0 0 0 0 0 0 0 0 0 0 0 0 1;1 0 0 0 0 0 0 0 0 0 0 0 0 0 0 0 0 0 0 0 0 0 0 0 0 0 0 0 0 1;1 0 0 0 0 0 0 0 0 0 0 0 0 0 0 0 0 0 0 0 0 0 0 0 0 0 0 0 0 1;1 0 0 0 0 0 0 0 0 0 0 0 0 0 0 0 0 0 0 0 0 0 0 0 0 0 0 0 0 1;1 0 0 0 0 0 0 0 0 0 0 0 0 0 0 0 0 0 0 0 0 0 0 0 0 0 0 0 0 1;1 0 0 0 0 0 0 0 0 0 0 0 0 0 0 0 0 0 0 0 0 0 0 0 0 0 0 0 3 1;1 1 1 1 1 1 1 1 1 1 1 1 1 1 1 1 1 1 1 1 1 1 1 1 1 1 1 1 1 1]
50,30,BFS,11.473456621170044,55,[1 1 1 1 1 1 1 1 1 1 1 1 1 1 1 1 1 1 1 1 1 1 1 1 1 1 1 1 1 1;1 5 0 0 0 0 0 0 0 0 0 0 0 0 0 0 0 0 0 0 0 0 0 0 0 0 0 0 0 1;1 0 2 0 0 0 0 0 0 0 0 0 0 0 0 0 0 0 0 0 0 0 0 0 0 0 0 0 0 1;1 0 0 0 0 0 0 0 0 0 0 0 0 0 0 0 0 0 0 0 0 0 0 0 0 0 0 0 0 1;1 0 0 0 0 0 0 0 0 0 0 0 0 0 0 0 0 0 0 0 0 0 0 0 0 0 0 0 0 1;1 0 0 0 0 0 0 0 0 0 0 0 0 0 0 0 0 0 0 0 0 0 0 0 0 0 0 0 0 1;1 0 0 0 0 0 0 0 0 0 0 0 0 0 0 0 0 0 0 0 0 0 0 0 0 0 0 0 0 1;1 0 0 0 0 0 0 0 0 0 0 0 0 0 0 0 0 0 0 0 0 0 0 0 0 0 0 0 0 1;1 0 0 0 0 0 0 0 0 0 0 0 0 0 0 0 0 0 0 0 0 0 0 0 0 0 0 0 0 1;1 0 0 0 0 0 0 0 0 0 0 0 0 0 0 0 0 0 0 0 0 0 0 0 0 0 0 0 0 1;1 0 0 0 0 0 0 0 0 0 0 0 0 0 0 0 0 0 0 0 0 0 0 0 0 0 0 0 0 1;1 0 0 0 0 0 0 0 0 0 0 0 0 0 0 0 0 0 0 0 0 0 0 0 0 0 0 0 0 1;1 0 0 0 0 0 0 0 0 0 0 0 0 0 0 0 0 0 0 0 0 0 0 0 0 0 0 0 0 1;1 0 0 0 0 0 0 0 0 0 0 0 0 0 0 0 0 0 0 0 0 0 0 0 0 0 0 0 0 1;1 0 0 0 0 0 0 0 0 0 0 0 0 0 0 0 0 0 0 0 0 0 0 0 0 0 0 0 0 1;1 0 0 0 0 0 0 0 0 0 0 0 0 0 0 0 0 0 0 0 0 0 0 0 0 0 0 0 0 1;1 0 0 0 0 0 0 0 0 0 0 0 0 0 0 0 0 0 0 0 0 0 0 0 0 0 0 0 0 1;1 0 0 0 0 0 0 0 0 0 0 0 0 0 0 0 0 0 0 0 0 0 0 0 0 0 0 0 0 1;1 0 0 0 0 0 0 0 0 0 0 0 0 0 0 0 0 0 0 0 0 0 0 0 0 0 0 0 0 1;1 0 0 0 0 0 0 0 0 0 0 0 0 0 0 0 0 0 0 0 0 0 0 0 0 0 0 0 0 1;1 0 0 0 0 0 0 0 0 0 0 0 0 0 0 0 0 0 0 0 0 0 0 0 0 0 0 0 0 1;1 0 0 0 0 0 0 0 0 0 0 0 0 0 0 0 0 0 0 0 0 0 0 0 0 0 0 0 0 1;1 0 0 0 0 0 0 0 0 0 0 0 0 0 0 0 0 0 0 0 0 0 0 0 0 0 0 0 0 1;1 0 0 0 0 0 0 0 0 0 0 0 0 0 0 0 0 0 0 0 0 0 0 0 0 0 0 0 0 1;1 0 0 0 0 0 0 0 0 0 0 0 0 0 0 0 0 0 0 0 0 0 0 0 0 0 0 0 0 1;1 0 0 0 0 0 0 0 0 0 0 0 0 0 0 0 0 0 0 0 0 0 0 0 0 0 0 0 0 1;1 0 0 0 0 0 0 0 0 0 0 0 0 0 0 0 0 0 0 0 0 0 0 0 0 0 0 0 0 1;1 0 0 0 0 0 0 0 0 0 0 0 0 0 0 0 0 0 0 0 0 0 0 0 0 0 0 0 0 1;1 0 0 0 0 0 0 0 0 0 0 0 0 0 0 0 0 0 0 0 0 0 0 0 0 0 0 0 3 1;1 1 1 1 1 1 1 1 1 1 1 1 1 1 1 1 1 1 1 1 1 1 1 1 1 1 1 1 1 1]
